account,ward,aid,business,address,zip
307071,3,743.0,REGGIE'S BAR & GRILL,2105 S STATE ST,60616
10,10,829.0,HONEYBEERS,13200 S HOUSTON AVE,60633
10002,14,775.0,CELINA DELI,5089 S ARCHER AVE,60632
10005,12,,KRAFT FOODS,2005 W 43RD ST,60609
10044,44,638.0,NEYBOUR'S TAVERN,3651 N SOUTHPORT AVE,60613
584950,9,847.0,JEWEL OSCO,1000 S KOSTNER AVE,60624
964284,41,106.0,POTBELLY,1000 W 35TH ST,60609
743379,16,476.0,JEWEL OSCO,1000 W FULTON ST,60612
41306,3,419.0,SHELL STATION,10008 S WESTERN AVE,60643
421234,8,745.0,COSTCO,1002 W ARGYLE ST,60640
714369,45,404.0,BUONA BEEF,1937 N SOUTHPORT AVE,60621
657857,42,519.0,TARGET,4901 N MICHIGAN AVE,60602
105018,44,725.0,SAMS CLUB,521 W MADISON ST,60609
865252,34,853.0,TARGET,2660 S COTTAGE GROVE AVE,60614
322033,16,640.0,MARIANO'S,8277 W 43RD ST,60613
958300,24,109.0,PORTILLOS,9122 W MADISON ST,60607
807752,48,515.0,KRAFT FOODS,1600 N CICERO AVE,60627
654388,23,446.0,COSTCO,7735 N CLARK ST,60635
324974,43,828.0,LOWES,8935 S STATE ST,60615
711831,22,766.0,PIZZA HUT,4100 S WABASH AVE,60607
926,16,199.0,WALMART,8655 W 43RD ST,60605
526039,3,232.0,SUBWAY,5023 W 63RD ST,60608
438673,42,742.0,BP GAS STATION,406 W IRVING PARK RD,60611
417713,45,871.0,DOMINICKS,6066 S COTTAGE GROVE AVE,60638
171565,9,556.0,POTBELLY,4937 S WABASH AVE,60634
554722,27,851.0,POTBELLY,4384 N BROADWAY,60630
909812,23,619.0,TONY'S FINER FOODS,6537 W 43RD ST,60607
780033,13,692.0,GIORDANOS,3360 N WESTERN AVE,60634
661749,28,821.0,REGGIE'S BAR & GRILL,3904 S STATE ST,60604
50521,1,563.0,SPEEDWAY,4469 S HOUSTON AVE,60601
193221,38,211.0,KRAFT FOODS,6906 S HALSTED ST,60618
619380,36,512.0,CVS PHARMACY,5818 S STATE ST,60626
716054,20,576.0,SAMS CLUB,7731 N MICHIGAN AVE,60631
678516,41,970.0,CELINA DELI,6380 S PULASKI RD,60619
907410,15,545.0,PIZZA HUT,782 N WESTERN AVE,60632
918123,9,154.0,GIORDANOS,4300 W 43RD ST,60624
659462,49,113.0,PIZZA HUT,7484 S HALSTED ST,60634
272318,9,872.0,POTBELLY,8399 W DEVON AVE,60612
253676,31,773.0,POTBELLY,7976 W 43RD ST,60620
429844,10,389.0,SPEEDWAY,6968 S PULASKI RD,60636
832097,42,469.0,KRAFT FOODS,3875 N CLARK ST,60640
565659,18,765.0,PIZZA HUT,3248 N CLARK ST,60609
722522,40,599.0,BUONA BEEF,1941 W MADISON ST,60610
21496,13,664.0,LOU MALNATIS,5994 W MADISON ST,60608
184915,45,741.0,MARIANO'S,7639 N CLARK ST,60635
489875,40,104.0,HOME DEPOT,6611 N CICERO AVE,60601
537578,1,854.0,CELINA DELI,9963 W DEVON AVE,60611
933455,29,975.0,SPEEDWAY,4465 N SOUTHPORT AVE,60634
828440,1,330.0,BP GAS STATION,5295 N CLARK ST,60602
683233,17,470.0,GIORDANOS,7093 N BROADWAY,60615
607011,44,558.0,PIZZA HUT,7538 S WABASH AVE,60626
537003,42,463.0,KRAFT FOODS,8148 W 63RD ST,60620
510778,50,165.0,MCDONALD'S,623 W IRVING PARK RD,60626
258265,35,994.0,KRAFT FOODS,3682 W NORTH AVE,60607
956457,11,885.0,HOME DEPOT,1434 S STATE ST,60605
923300,41,991.0,PORTILLOS,9833 S ARCHER AVE,60639
187472,46,648.0,KRAFT FOODS,7210 N BROADWAY,60639
629558,37,960.0,BUONA BEEF,9072 N CLARK ST,60636
933085,48,235.0,LOU MALNATIS,8048 W IRVING PARK RD,60637
429100,27,137.0,MARIANO'S,8761 S STATE ST,60637
701607,9,434.0,KRAFT FOODS,644 N BROADWAY,60628
812819,19,618.0,PORTILLOS,8307 S HALSTED ST,60601
471492,4,725.0,PORTILLOS,8074 S WABASH AVE,60615
954582,48,903.0,PIZZA HUT,7700 W 63RD ST,60616
61827,43,854.0,MCDONALD'S,9055 S ARCHER AVE,60629
362633,47,542.0,AUTOZONE,9804 S STATE ST,60609
341088,25,430.0,COSTCO,6449 N CLARK ST,60619
793850,30,461.0,MCDONALD'S,1235 N SOUTHPORT AVE,60617
97506,14,388.0,WHOLE FOODS,2724 S COTTAGE GROVE AVE,60618
453192,27,947.0,MCDONALD'S,3619 S PULASKI RD,60613
296511,33,433.0,LOWES,1404 S STATE ST,60617
35279,27,349.0,KRAFT FOODS,9807 N CICERO AVE,60631
946438,43,638.0,MCDONALD'S,4681 W 63RD ST,60606
685240,36,365.0,BUONA BEEF,7984 W MADISON ST,60631
535263,3,158.0,TRADER JOES,8595 S STATE ST,60624
207040,29,146.0,WALMART,5879 N WESTERN AVE,60637
254558,20,940.0,SAMS CLUB,229 S HOUSTON AVE,60623
788265,18,639.0,KRAFT FOODS,9056 N MICHIGAN AVE,60632
709241,38,790.0,ALDI,8541 S STATE ST,60611
18644,16,862.0,SHELL STATION,7352 W 43RD ST,60611
582951,8,481.0,KRAFT FOODS,6241 S STATE ST,60640
331298,41,515.0,HONEYBEERS,4058 S COTTAGE GROVE AVE,60631
556703,36,685.0,ALDI,8615 S ARCHER AVE,60626
858611,21,372.0,KRAFT FOODS,749 W 43RD ST,60606
608486,1,111.0,CELINA DELI,1621 S PULASKI RD,60621
775313,37,466.0,CELINA DELI,6188 S STATE ST,60615
906987,50,182.0,DOMINICKS,2183 W 63RD ST,60615
517849,16,292.0,ALDI,1134 W DEVON AVE,60617
449945,42,437.0,MARIANO'S,9509 S HALSTED ST,60602
242807,24,557.0,CVS PHARMACY,8906 N WESTERN AVE,60637
344936,38,704.0,TONY'S FINER FOODS,6031 S HOUSTON AVE,60632
493446,35,982.0,BP GAS STATION,7504 S COTTAGE GROVE AVE,60637
956151,28,524.0,REGGIE'S BAR & GRILL,3130 W 43RD ST,60638
595034,41,408.0,MCDONALD'S,1683 N SOUTHPORT AVE,60611
884358,49,241.0,SHELL STATION,4590 S HALSTED ST,60625
938279,5,217.0,TARGET,465 N MICHIGAN AVE,60627
612443,8,851.0,SHELL STATION,8558 S PULASKI RD,60622
814558,25,937.0,JEWEL OSCO,2662 W IRVING PARK RD,60618
399214,1,167.0,TRADER JOES,7911 N BROADWAY,60617
533799,12,102.0,PIZZA HUT,5509 S COTTAGE GROVE AVE,60618
943866,50,994.0,WALGREENS,188 S HOUSTON AVE,60640
150575,49,380.0,POTBELLY,7942 N CICERO AVE,60620
809111,32,724.0,ADVANCE AUTO,2502 S ARCHER AVE,60631
919802,32,325.0,SEVEN ELEVEN,3484 N MICHIGAN AVE,60631
725177,4,593.0,STARBUCKS,4502 S COTTAGE GROVE AVE,60619
380731,3,384.0,NEYBOUR'S TAVERN,859 S ARCHER AVE,60627
653903,40,798.0,TARGET,6744 N MICHIGAN AVE,60627
650038,36,768.0,TONY'S FINER FOODS,738 W 43RD ST,60606
48452,36,566.0,KRAFT FOODS,372 S ARCHER AVE,60609
210045,41,392.0,SUBWAY,2878 S ARCHER AVE,60636
858301,40,989.0,TONY'S FINER FOODS,9939 N WESTERN AVE,60631
305308,12,309.0,TRADER JOES,7202 W MADISON ST,60627
481856,42,143.0,CELINA DELI,1344 N MICHIGAN AVE,60601
776017,21,773.0,CELINA DELI,2599 N SOUTHPORT AVE,60626
287953,31,950.0,GIORDANOS,6237 W CHICAGO AVE,60625
548728,34,794.0,TRADER JOES,9922 W MADISON ST,60633
833462,5,109.0,REGGIE'S BAR & GRILL,3022 N CLARK ST,60621
334777,20,410.0,PORTILLOS,3327 S WABASH AVE,60606
839362,50,230.0,GIORDANOS,3435 N MICHIGAN AVE,60640
300551,49,143.0,SAMS CLUB,5283 N CLARK ST,60635
66393,39,800.0,TONY'S FINER FOODS,8803 S HOUSTON AVE,60603
927280,43,581.0,TARGET,5719 S PULASKI RD,60613
871970,38,417.0,PIZZA HUT,8345 N BROADWAY,60633
804531,13,860.0,ADVANCE AUTO,8517 S PULASKI RD,60620
759514,45,918.0,SPEEDWAY,1314 N SOUTHPORT AVE,60638
775630,41,889.0,COSTCO,357 S COTTAGE GROVE AVE,60633
445921,34,816.0,GIORDANOS,6330 W IRVING PARK RD,60607
531910,31,778.0,BP GAS STATION,850 S STATE ST,60638
113242,44,833.0,TRADER JOES,4713 W DEVON AVE,60630
458629,40,427.0,POTBELLY,1133 N CICERO AVE,60639
70724,48,243.0,JEWEL OSCO,6376 W MADISON ST,60638
837948,24,731.0,ADVANCE AUTO,1972 N CLARK ST,60614
371635,18,320.0,ALDI,5290 N MICHIGAN AVE,60623
422454,32,539.0,STARBUCKS,6067 S PULASKI RD,60615
46708,49,286.0,SHELL STATION,4274 S HALSTED ST,60611
393038,14,951.0,LOWES,5162 S HALSTED ST,60639
17656,48,890.0,TARGET,9824 S PULASKI RD,60603
984715,12,422.0,HOME DEPOT,4888 N MICHIGAN AVE,60609
374223,22,394.0,MCDONALD'S,2552 W NORTH AVE,60614
430368,29,972.0,WALGREENS,6227 N SOUTHPORT AVE,60612
175806,3,441.0,WALMART,2677 N CICERO AVE,60623
851680,4,225.0,TARGET,8301 W CHICAGO AVE,60624
692358,11,723.0,HONEYBEERS,7768 N BROADWAY,60634
983000,32,962.0,PORTILLOS,7279 N CICERO AVE,60629
31650,46,473.0,MARIANO'S,2927 S HALSTED ST,60620
598983,33,177.0,ADVANCE AUTO,5914 N SOUTHPORT AVE,60624
898530,2,874.0,DOMINICKS,4607 S STATE ST,60622
399002,45,303.0,WALGREENS,257 W IRVING PARK RD,60638
293426,45,746.0,JEWEL OSCO,6151 N BROADWAY,60628
479987,42,131.0,TARGET,7813 S PULASKI RD,60635
877330,31,289.0,LOU MALNATIS,5556 S ARCHER AVE,60639
47155,48,349.0,CVS PHARMACY,1375 W 43RD ST,60608
914103,23,166.0,CVS PHARMACY,8847 W IRVING PARK RD,60629
981581,50,763.0,LOU MALNATIS,6140 S COTTAGE GROVE AVE,60634
667951,40,146.0,KRAFT FOODS,6125 S COTTAGE GROVE AVE,60618
582005,46,908.0,GIORDANOS,4395 W CHICAGO AVE,60633
516875,19,375.0,HONEYBEERS,606 S ARCHER AVE,60626
713523,50,974.0,TARGET,3915 W IRVING PARK RD,60602
976669,28,440.0,PORTILLOS,5040 S COTTAGE GROVE AVE,60610
972915,34,741.0,COSTCO,5888 N CLARK ST,60631
22982,35,538.0,WALMART,7185 N MICHIGAN AVE,60629
864853,25,347.0,WALMART,3821 W MADISON ST,60607
250905,13,540.0,LOWES,1656 S HALSTED ST,60624
742791,19,916.0,SPEEDWAY,2883 S STATE ST,60620
162222,13,868.0,TRADER JOES,5713 S WABASH AVE,60616
838889,14,686.0,GIORDANOS,1086 W 63RD ST,60624
259414,20,520.0,ALDI,2474 W 63RD ST,60619
209590,9,502.0,HOME DEPOT,8129 N BROADWAY,60609
979727,9,495.0,DOMINICKS,4604 N BROADWAY,60611
679304,7,572.0,JEWEL OSCO,5972 W IRVING PARK RD,60616
508598,27,923.0,TRADER JOES,5905 S WABASH AVE,60627
177600,26,674.0,COSTCO,3814 W 43RD ST,60626
928048,50,142.0,REGGIE'S BAR & GRILL,8580 S COTTAGE GROVE AVE,60623
84113,32,946.0,GIORDANOS,6412 S ARCHER AVE,60615
794493,46,382.0,GIORDANOS,1584 S PULASKI RD,60633
176208,46,300.0,TONY'S FINER FOODS,2783 S COTTAGE GROVE AVE,60610
778479,5,137.0,WHOLE FOODS,4081 N WESTERN AVE,60601
464831,48,796.0,JEWEL OSCO,1227 N MICHIGAN AVE,60639
382751,48,190.0,PIZZA HUT,3456 W CHICAGO AVE,60627
381584,36,223.0,ALDI,9389 S ARCHER AVE,60638
645883,31,276.0,DOMINICKS,8089 S STATE ST,60617
879632,16,936.0,KRAFT FOODS,6679 N BROADWAY,60636
355970,3,760.0,BUONA BEEF,6643 N WESTERN AVE,60616
342791,7,374.0,TARGET,7284 N SOUTHPORT AVE,60623
403271,21,267.0,CELINA DELI,8422 S ARCHER AVE,60624
366153,43,442.0,CELINA DELI,4708 W NORTH AVE,60635
381219,30,457.0,TRADER JOES,6531 S PULASKI RD,60603
44267,33,419.0,SUBWAY,472 S HOUSTON AVE,60615
661103,4,391.0,CELINA DELI,8308 N WESTERN AVE,60618
500562,48,324.0,TRADER JOES,3988 W IRVING PARK RD,60611
264367,24,223.0,TARGET,278 N CICERO AVE,60630
479711,20,337.0,PORTILLOS,3798 N WESTERN AVE,60636
826033,40,723.0,CVS PHARMACY,7034 W DEVON AVE,60640
264412,28,637.0,STARBUCKS,6065 N SOUTHPORT AVE,60621
552069,37,578.0,NEYBOUR'S TAVERN,280 N CLARK ST,60614
983188,26,718.0,REGGIE'S BAR & GRILL,5331 N MICHIGAN AVE,60614
380014,35,600.0,WALGREENS,6327 W 43RD ST,60616
895511,48,418.0,SUBWAY,5203 N CICERO AVE,60623
902098,10,961.0,STARBUCKS,2409 W NORTH AVE,60621
224675,12,289.0,DOMINICKS,3027 S HALSTED ST,60620
700237,36,892.0,GIORDANOS,4075 N CLARK ST,60622
849136,35,998.0,PIZZA HUT,4489 W NORTH AVE,60630
238259,2,102.0,GIORDANOS,773 W NORTH AVE,60630
780719,2,880.0,SAMS CLUB,3262 S HALSTED ST,60622
37702,36,277.0,AUTOZONE,6856 W 43RD ST,60614
714488,15,723.0,CVS PHARMACY,5336 N SOUTHPORT AVE,60614
289730,49,765.0,SAMS CLUB,2217 S ARCHER AVE,60613
58338,43,525.0,WHOLE FOODS,582 W CHICAGO AVE,60624
284383,6,727.0,SHELL STATION,9525 N MICHIGAN AVE,60623
331237,19,420.0,MCDONALD'S,6258 N CICERO AVE,60635
924905,44,104.0,TONY'S FINER FOODS,9091 N MICHIGAN AVE,60635
847606,14,593.0,BP GAS STATION,5098 S ARCHER AVE,60609
410738,29,643.0,LOWES,1523 S HOUSTON AVE,60632
745270,50,705.0,TRADER JOES,9424 W MADISON ST,60628
734623,30,897.0,POTBELLY,8938 W 43RD ST,60605
890692,19,533.0,JEWEL OSCO,5165 W MADISON ST,60627
860454,43,102.0,POTBELLY,5613 W MADISON ST,60623
22672,45,229.0,NEYBOUR'S TAVERN,500 S WABASH AVE,60607
243505,29,438.0,WALGREENS,2356 N CLARK ST,60637
848928,17,415.0,DOMINICKS,3343 S STATE ST,60626
223517,28,755.0,BUONA BEEF,575 N MICHIGAN AVE,60622
61429,43,997.0,WHOLE FOODS,4595 N WESTERN AVE,60616
63433,4,771.0,POTBELLY,3860 S WABASH AVE,60630
459795,49,330.0,DUNKIN DONUTS,4064 S STATE ST,60630
1248,8,300.0,STARBUCKS,7084 W NORTH AVE,60607
72033,12,929.0,GIORDANOS,8347 S COTTAGE GROVE AVE,60634
364706,7,455.0,STARBUCKS,9843 W 63RD ST,60623
719537,33,173.0,STARBUCKS,6578 S WABASH AVE,60602
258369,43,616.0,SUBWAY,7759 W DEVON AVE,60610
480488,18,130.0,WALGREENS,8487 W CHICAGO AVE,60635
561521,19,276.0,MCDONALD'S,8836 N CICERO AVE,60639
673811,24,334.0,AUTOZONE,1368 W DEVON AVE,60624
967648,12,482.0,BP GAS STATION,6889 W NORTH AVE,60630
723139,38,943.0,MARIANO'S,7755 W DEVON AVE,60605
132869,48,264.0,MARIANO'S,8127 W 43RD ST,60613
265771,11,182.0,CVS PHARMACY,9895 W 43RD ST,60640
461591,46,427.0,MARIANO'S,5297 W NORTH AVE,60625
918344,4,588.0,WALGREENS,2521 W DEVON AVE,60603
576121,32,129.0,LOWES,5480 W NORTH AVE,60613
31628,27,502.0,STARBUCKS,6131 W 43RD ST,60612
715000,50,425.0,CELINA DELI,3573 W MADISON ST,60622
178453,12,313.0,MARIANO'S,1860 W NORTH AVE,60618
340200,25,197.0,CELINA DELI,7199 N MICHIGAN AVE,60640
50415,45,355.0,TRADER JOES,5139 N CLARK ST,60627
67341,15,585.0,ADVANCE AUTO,8212 S STATE ST,60621
736576,47,668.0,ALDI,3329 W DEVON AVE,60603
206685,28,555.0,SPEEDWAY,3663 S ARCHER AVE,60637
451653,30,800.0,HOME DEPOT,5041 S COTTAGE GROVE AVE,60602
141823,46,636.0,ALDI,6514 N MICHIGAN AVE,60624
888384,23,912.0,LOWES,1820 N MICHIGAN AVE,60638
976177,22,383.0,SHELL STATION,2208 S ARCHER AVE,60616
855377,19,723.0,COSTCO,2378 N CLARK ST,60605
716359,31,627.0,POTBELLY,6815 N BROADWAY,60614
498338,25,345.0,JEWEL OSCO,3297 W DEVON AVE,60602
126137,44,821.0,WHOLE FOODS,7865 W DEVON AVE,60610
382192,24,209.0,WALGREENS,8161 S PULASKI RD,60633
909159,35,938.0,DUNKIN DONUTS,5229 N CICERO AVE,60617
17263,11,136.0,TRADER JOES,9649 S PULASKI RD,60630
422174,6,522.0,GIORDANOS,4474 S WABASH AVE,60621
606855,41,931.0,LOU MALNATIS,7949 S STATE ST,60628
85957,38,171.0,LOU MALNATIS,921 W 43RD ST,60615
197752,5,993.0,PORTILLOS,8533 W MADISON ST,60611
21639,27,956.0,WALMART,6510 S HOUSTON AVE,60613
447647,22,,CELINA DELI,2550 S HALSTED ST,60628
654075,5,210.0,GIORDANOS,7965 W NORTH AVE,60610
447749,16,873.0,PORTILLOS,4277 W 63RD ST,60618
155701,42,144.0,ALDI,9648 W DEVON AVE,60638
155387,15,967.0,NEYBOUR'S TAVERN,5376 S HOUSTON AVE,60614
695034,19,797.0,PORTILLOS,9700 W DEVON AVE,60631
212654,32,956.0,WALMART,7366 W 63RD ST,60609
668130,5,157.0,DUNKIN DONUTS,6319 N BROADWAY,60621
645437,27,243.0,DOMINICKS,5352 S HALSTED ST,60639
564380,44,369.0,NEYBOUR'S TAVERN,8900 W 63RD ST,60619
67287,25,677.0,MCDONALD'S,7577 S HALSTED ST,60634
468772,24,992.0,GIORDANOS,480 N CICERO AVE,60608
279182,38,982.0,ALDI,5433 W MADISON ST,60621
820095,43,564.0,KRAFT FOODS,7945 N WESTERN AVE,60638
308248,43,187.0,GIORDANOS,1741 W MADISON ST,60602
964574,21,799.0,ALDI,3901 N MICHIGAN AVE,60615
822495,21,791.0,BUONA BEEF,7312 S WABASH AVE,60608
729568,27,968.0,SPEEDWAY,1015 N MICHIGAN AVE,60615
903012,29,533.0,WHOLE FOODS,7486 S COTTAGE GROVE AVE,60604
56854,10,264.0,SHELL STATION,1132 S WABASH AVE,60628
887183,43,771.0,STARBUCKS,2149 W DEVON AVE,60632
879906,8,864.0,COSTCO,2076 S HALSTED ST,60628
796192,15,138.0,ADVANCE AUTO,9406 S HOUSTON AVE,60624
254064,22,187.0,SAMS CLUB,8518 S HALSTED ST,60620
653393,37,697.0,PIZZA HUT,1934 N SOUTHPORT AVE,60632
57670,48,382.0,TRADER JOES,2280 W MADISON ST,60605
709309,43,738.0,WALGREENS,121 W 63RD ST,60640
541284,3,546.0,COSTCO,2043 W 43RD ST,60634
745155,24,920.0,MCDONALD'S,5438 N SOUTHPORT AVE,60601
723156,4,661.0,POTBELLY,885 W IRVING PARK RD,60618
645961,15,957.0,LOU MALNATIS,5268 S STATE ST,60640
536147,32,334.0,STARBUCKS,8940 S HOUSTON AVE,60614
333577,1,790.0,DOMINICKS,4002 N BROADWAY,60620
483613,4,156.0,CELINA DELI,9210 N CICERO AVE,60604
376021,12,536.0,HONEYBEERS,5492 N CLARK ST,60632
622220,31,290.0,DUNKIN DONUTS,9578 W MADISON ST,60624
387615,37,616.0,MCDONALD'S,2526 N CICERO AVE,60631
77095,24,485.0,SHELL STATION,2999 W 63RD ST,60615
571380,3,712.0,REGGIE'S BAR & GRILL,756 S PULASKI RD,60631
197121,12,139.0,BUONA BEEF,6810 S WABASH AVE,60633
941446,1,505.0,JEWEL OSCO,9226 S COTTAGE GROVE AVE,60632
565401,32,354.0,SPEEDWAY,8046 W MADISON ST,60627
421744,47,455.0,CVS PHARMACY,5751 N CICERO AVE,60632
831520,32,170.0,JEWEL OSCO,3284 N MICHIGAN AVE,60624
498502,4,960.0,CVS PHARMACY,8073 N CICERO AVE,60640
772362,21,637.0,DUNKIN DONUTS,2227 N BROADWAY,60611
1720,6,716.0,SEVEN ELEVEN,1612 N CICERO AVE,60608
919620,36,988.0,LOU MALNATIS,3771 N WESTERN AVE,60624
859929,7,161.0,SPEEDWAY,5724 W DEVON AVE,60621
251337,42,522.0,WHOLE FOODS,9989 S COTTAGE GROVE AVE,60610
200438,45,238.0,MCDONALD'S,7197 W DEVON AVE,60628
765491,28,510.0,COSTCO,4426 S WABASH AVE,60602
481220,34,887.0,DOMINICKS,1874 W 63RD ST,60631
497067,3,902.0,LOU MALNATIS,8731 W NORTH AVE,60624
311457,31,811.0,WALGREENS,1393 W 43RD ST,60616
588513,43,787.0,MARIANO'S,2535 W MADISON ST,60620
354427,10,533.0,WALMART,8957 N WESTERN AVE,60620
448855,50,696.0,AUTOZONE,3206 W MADISON ST,60602
539236,11,309.0,SPEEDWAY,4021 W DEVON AVE,60603
271294,32,254.0,WALGREENS,3244 N BROADWAY,60626
291577,29,835.0,REGGIE'S BAR & GRILL,4365 S ARCHER AVE,60638
588455,7,124.0,SHELL STATION,1305 S WABASH AVE,60640
683502,21,308.0,ADVANCE AUTO,5586 W DEVON AVE,60617
126556,11,146.0,MCDONALD'S,8174 S ARCHER AVE,60639
502057,48,563.0,NEYBOUR'S TAVERN,4646 S WABASH AVE,60630
842474,3,896.0,DUNKIN DONUTS,8887 S WABASH AVE,60602
812443,19,812.0,SAMS CLUB,4633 W IRVING PARK RD,60623
97467,37,779.0,COSTCO,4677 W 43RD ST,60640
624599,39,489.0,WHOLE FOODS,3151 N WESTERN AVE,60605
10978,19,626.0,SPEEDWAY,8469 N SOUTHPORT AVE,60626
849695,25,311.0,HOME DEPOT,6874 S HOUSTON AVE,60637
878940,25,356.0,POTBELLY,8080 W CHICAGO AVE,60608
885377,41,470.0,MCDONALD'S,3357 S STATE ST,60617
743949,30,288.0,BP GAS STATION,1549 W MADISON ST,60628
911913,39,461.0,SUBWAY,2408 W IRVING PARK RD,60621
410873,5,366.0,TONY'S FINER FOODS,3232 W IRVING PARK RD,60615
457439,4,621.0,WHOLE FOODS,6115 S COTTAGE GROVE AVE,60624
522306,7,155.0,LOU MALNATIS,1496 W 43RD ST,60614
715843,19,107.0,WALMART,4428 S HOUSTON AVE,60608
30923,42,461.0,POTBELLY,1660 W IRVING PARK RD,60637
769994,6,792.0,TARGET,9010 S STATE ST,60627
731776,33,204.0,BUONA BEEF,5924 W IRVING PARK RD,60610
975897,12,618.0,STARBUCKS,8510 S HOUSTON AVE,60615
942470,46,602.0,KRAFT FOODS,7360 N CLARK ST,60611
273033,40,905.0,HOME DEPOT,2434 W 43RD ST,60625
408837,36,293.0,SHELL STATION,7496 N CICERO AVE,60626
837156,34,106.0,DUNKIN DONUTS,607 S PULASKI RD,60609
77501,2,931.0,DUNKIN DONUTS,3958 S PULASKI RD,60632
27973,12,769.0,CVS PHARMACY,9781 W 63RD ST,60625
163870,24,942.0,POTBELLY,2182 N CICERO AVE,60636
194515,42,729.0,KRAFT FOODS,2533 N MICHIGAN AVE,60621
490361,43,802.0,KRAFT FOODS,8886 N WESTERN AVE,60603
17180,3,379.0,TRADER JOES,3225 S ARCHER AVE,60617
747282,8,944.0,WHOLE FOODS,7453 S WABASH AVE,60614
360621,34,133.0,ALDI,5941 W MADISON ST,60615
290247,18,343.0,BUONA BEEF,5035 W 63RD ST,60629
493583,46,319.0,HONEYBEERS,4446 S ARCHER AVE,60640
71376,31,833.0,LOU MALNATIS,8766 W MADISON ST,60615
418132,17,428.0,ALDI,5688 N CICERO AVE,60624
981457,23,833.0,NEYBOUR'S TAVERN,7460 W DEVON AVE,60631
19591,39,247.0,TONY'S FINER FOODS,8098 N CLARK ST,60615
971573,30,195.0,BUONA BEEF,6800 W CHICAGO AVE,60636
982733,6,290.0,DUNKIN DONUTS,9581 W MADISON ST,60633
320437,17,228.0,SAMS CLUB,4780 W 63RD ST,60603
397026,12,382.0,DOMINICKS,5847 W MADISON ST,60604
47432,26,153.0,WALMART,5535 W CHICAGO AVE,60621
601815,21,479.0,HOME DEPOT,6024 S ARCHER AVE,60630
112928,18,953.0,WHOLE FOODS,5641 N CICERO AVE,60640
639265,46,972.0,LOU MALNATIS,3548 W IRVING PARK RD,60633
415656,20,256.0,ALDI,1050 N CICERO AVE,60626
438737,27,943.0,STARBUCKS,6368 W CHICAGO AVE,60621
579774,42,310.0,LOU MALNATIS,7655 W 43RD ST,60626
504033,38,168.0,STARBUCKS,9600 S HALSTED ST,60635
797597,16,565.0,CELINA DELI,5301 W IRVING PARK RD,60615
462880,5,467.0,LOWES,3722 W DEVON AVE,60607
457711,35,413.0,DUNKIN DONUTS,588 W CHICAGO AVE,60629
297979,27,148.0,NEYBOUR'S TAVERN,2934 S HALSTED ST,60616
852348,41,251.0,WHOLE FOODS,7453 N WESTERN AVE,60609
627075,19,583.0,REGGIE'S BAR & GRILL,135 N CLARK ST,60616
413387,23,992.0,JEWEL OSCO,2870 N CICERO AVE,60608
798750,37,614.0,SUBWAY,7517 S HALSTED ST,60629
835485,50,678.0,WALGREENS,1632 S STATE ST,60615
281945,46,287.0,HOME DEPOT,1292 S HOUSTON AVE,60615
861684,24,656.0,JEWEL OSCO,1443 W 63RD ST,60635
342289,36,208.0,STARBUCKS,984 W NORTH AVE,60628
991637,7,178.0,LOWES,8474 W IRVING PARK RD,60635
631657,13,371.0,BP GAS STATION,9571 S ARCHER AVE,60639
381307,20,793.0,PORTILLOS,4500 S HOUSTON AVE,60623
497942,7,817.0,STARBUCKS,2630 N WESTERN AVE,60638
45392,10,267.0,PORTILLOS,8444 N BROADWAY,60629
363933,4,833.0,KRAFT FOODS,6509 S PULASKI RD,60623
969483,42,714.0,CVS PHARMACY,7102 W MADISON ST,60631
793655,31,391.0,CELINA DELI,6552 N CICERO AVE,60637
878593,4,878.0,BP GAS STATION,8941 N CICERO AVE,60619
98070,31,927.0,BP GAS STATION,8912 W DEVON AVE,60628
271120,16,570.0,SAMS CLUB,7348 W 63RD ST,60625
366606,42,640.0,LOU MALNATIS,6275 N CLARK ST,60611
903479,7,145.0,ADVANCE AUTO,1196 N SOUTHPORT AVE,60614
794298,5,815.0,SUBWAY,9499 W CHICAGO AVE,60613
140799,6,972.0,SEVEN ELEVEN,4407 N WESTERN AVE,60620
610694,2,655.0,PIZZA HUT,7129 N CLARK ST,60628
49161,31,697.0,POTBELLY,5850 N SOUTHPORT AVE,60630
238177,34,478.0,LOU MALNATIS,8379 S COTTAGE GROVE AVE,60613
731929,28,732.0,AUTOZONE,8749 S COTTAGE GROVE AVE,60639
912197,49,227.0,HOME DEPOT,8369 W CHICAGO AVE,60617
231663,5,183.0,ADVANCE AUTO,9104 N CLARK ST,60604
823526,43,744.0,TARGET,1737 W CHICAGO AVE,60603
206408,39,970.0,AUTOZONE,8595 S HOUSTON AVE,60640
30688,13,648.0,CVS PHARMACY,8890 W DEVON AVE,60608
383225,18,662.0,PIZZA HUT,9185 W IRVING PARK RD,60630
631037,11,422.0,AUTOZONE,4565 N BROADWAY,60634
690191,34,693.0,BP GAS STATION,6488 S ARCHER AVE,60637
12405,1,821.0,REGGIE'S BAR & GRILL,6757 W NORTH AVE,60629
243826,32,632.0,DOMINICKS,5958 W IRVING PARK RD,60616
800406,45,732.0,WALGREENS,7751 W DEVON AVE,60618
94366,43,746.0,WHOLE FOODS,7367 S STATE ST,60605
793853,43,907.0,LOWES,5332 S PULASKI RD,60636
703829,44,354.0,DUNKIN DONUTS,477 N WESTERN AVE,60630
911886,16,870.0,TARGET,771 S PULASKI RD,60620
788551,37,215.0,MCDONALD'S,1015 N WESTERN AVE,60613
345389,29,126.0,LOU MALNATIS,7773 S WABASH AVE,60634
685641,49,162.0,SPEEDWAY,4585 S STATE ST,60640
978590,3,213.0,SAMS CLUB,8819 W CHICAGO AVE,60615
625993,31,248.0,WALGREENS,6819 N BROADWAY,60617
385046,43,779.0,BUONA BEEF,5940 W NORTH AVE,60618
823678,38,155.0,ALDI,888 N WESTERN AVE,60622
526369,44,521.0,BUONA BEEF,4014 N CICERO AVE,60620
852617,8,613.0,SPEEDWAY,8988 S HALSTED ST,60610
122294,38,237.0,BP GAS STATION,7165 N BROADWAY,60624
419962,15,174.0,KRAFT FOODS,9096 S HALSTED ST,60637
82864,37,723.0,DUNKIN DONUTS,6516 W NORTH AVE,60620
743710,44,682.0,MCDONALD'S,8234 N CICERO AVE,60602
319819,44,783.0,WALMART,8230 S COTTAGE GROVE AVE,60608
803276,5,231.0,SHELL STATION,4948 S WABASH AVE,60621
808066,7,722.0,TONY'S FINER FOODS,7806 N SOUTHPORT AVE,60607
964937,5,396.0,STARBUCKS,3115 W 63RD ST,60614
112543,1,803.0,STARBUCKS,920 S HALSTED ST,60631
789007,6,509.0,MARIANO'S,9151 N CICERO AVE,60637
513460,49,858.0,PIZZA HUT,4227 S COTTAGE GROVE AVE,60613
760367,18,940.0,AUTOZONE,1448 N MICHIGAN AVE,60612
77681,32,365.0,ADVANCE AUTO,9938 W MADISON ST,60615
131596,40,149.0,COSTCO,7725 W NORTH AVE,60614
874915,22,567.0,BUONA BEEF,6332 S STATE ST,60631
761514,35,854.0,JEWEL OSCO,5339 N CICERO AVE,60639
339701,4,718.0,GIORDANOS,6486 N SOUTHPORT AVE,60639
754777,32,143.0,WHOLE FOODS,6912 S COTTAGE GROVE AVE,60639
281686,33,667.0,JEWEL OSCO,1991 N BROADWAY,60613
328589,15,988.0,MCDONALD'S,5814 N WESTERN AVE,60619
39842,42,495.0,DOMINICKS,4925 W 63RD ST,60628
1939,47,490.0,AUTOZONE,2623 N MICHIGAN AVE,60618
503864,17,218.0,COSTCO,8097 S WABASH AVE,60637
27631,43,149.0,REGGIE'S BAR & GRILL,5917 W NORTH AVE,60636
162358,50,573.0,LOU MALNATIS,1503 S PULASKI RD,60634
466974,26,777.0,TONY'S FINER FOODS,3860 W IRVING PARK RD,60627
901143,24,705.0,SHELL STATION,163 W 43RD ST,60632
17290,49,236.0,SPEEDWAY,3361 W DEVON AVE,60622
423777,11,983.0,SUBWAY,9513 W NORTH AVE,60613
477536,39,790.0,HOME DEPOT,9427 W DEVON AVE,60619
166028,5,598.0,LOWES,4446 S WABASH AVE,60620
719500,6,157.0,KRAFT FOODS,6978 N WESTERN AVE,60631
775070,46,640.0,DUNKIN DONUTS,7265 N BROADWAY,60603
125490,42,764.0,POTBELLY,6361 W MADISON ST,60619
18730,19,350.0,WHOLE FOODS,990 S COTTAGE GROVE AVE,60603
178775,23,400.0,TARGET,2826 S ARCHER AVE,60606
873970,27,228.0,GIORDANOS,6927 W 63RD ST,60627
10979,5,716.0,AUTOZONE,6105 N CLARK ST,60621
118459,28,474.0,ADVANCE AUTO,9269 N SOUTHPORT AVE,60606
237471,20,640.0,SHELL STATION,3352 W MADISON ST,60607
558403,21,445.0,LOWES,5955 N BROADWAY,60618
828095,13,575.0,JEWEL OSCO,8749 N MICHIGAN AVE,60620
83558,14,283.0,TONY'S FINER FOODS,5045 W IRVING PARK RD,60607
793235,42,534.0,STARBUCKS,1494 N CICERO AVE,60620
488596,32,345.0,GIORDANOS,2581 N SOUTHPORT AVE,60638
221284,8,359.0,ALDI,1256 S WABASH AVE,60630
156554,14,683.0,SHELL STATION,2868 N SOUTHPORT AVE,60627
51395,16,163.0,CELINA DELI,7248 N SOUTHPORT AVE,60612
44865,37,258.0,PORTILLOS,7827 N BROADWAY,60614
482108,38,641.0,KRAFT FOODS,970 N CLARK ST,60635
974482,32,842.0,GIORDANOS,3084 W NORTH AVE,60606
429392,30,789.0,STARBUCKS,2192 S HOUSTON AVE,60638
907083,36,770.0,CVS PHARMACY,160 S ARCHER AVE,60613
570342,20,293.0,BP GAS STATION,3632 N CICERO AVE,60617
472323,7,257.0,SAMS CLUB,5536 W MADISON ST,60631
339171,9,235.0,ADVANCE AUTO,3792 S ARCHER AVE,60605
616941,13,848.0,PORTILLOS,9041 W IRVING PARK RD,60604
249526,49,572.0,BP GAS STATION,9543 N SOUTHPORT AVE,60617
855721,16,702.0,AUTOZONE,7870 W 43RD ST,60610
679899,31,456.0,BUONA BEEF,7959 W 63RD ST,60614
329119,20,477.0,SHELL STATION,5212 W 43RD ST,60619
514923,31,102.0,DUNKIN DONUTS,4940 S COTTAGE GROVE AVE,60603
301775,33,481.0,BP GAS STATION,8900 W 63RD ST,60635
429391,39,416.0,CVS PHARMACY,3271 N WESTERN AVE,60631
330504,32,310.0,POTBELLY,2580 W NORTH AVE,60636
515470,41,764.0,BP GAS STATION,8657 W CHICAGO AVE,60623
758866,28,231.0,WALMART,9138 S COTTAGE GROVE AVE,60612
897458,34,401.0,ALDI,5856 W IRVING PARK RD,60606
375665,42,122.0,MCDONALD'S,7355 S HALSTED ST,60606
557917,7,125.0,CELINA DELI,4477 S ARCHER AVE,60625
489207,13,946.0,SUBWAY,8223 N SOUTHPORT AVE,60625
538036,41,889.0,STARBUCKS,8859 S HOUSTON AVE,60624
721091,2,841.0,CELINA DELI,7678 S COTTAGE GROVE AVE,60627
832810,21,202.0,SUBWAY,7400 N CICERO AVE,60622
330417,50,828.0,TRADER JOES,6289 W CHICAGO AVE,60633
459764,15,404.0,WHOLE FOODS,5837 N WESTERN AVE,60620
911814,29,819.0,BUONA BEEF,7328 W IRVING PARK RD,60635
812972,33,179.0,NEYBOUR'S TAVERN,4097 W 43RD ST,60605
449060,8,383.0,SEVEN ELEVEN,976 N WESTERN AVE,60623
460986,44,827.0,ADVANCE AUTO,8108 W CHICAGO AVE,60603
190476,47,855.0,LOWES,8549 N BROADWAY,60625
290727,50,433.0,NEYBOUR'S TAVERN,1800 W IRVING PARK RD,60624
423245,11,413.0,LOWES,3266 S COTTAGE GROVE AVE,60631
750567,32,100.0,ALDI,8206 S HOUSTON AVE,60630
939201,14,403.0,NEYBOUR'S TAVERN,3878 N MICHIGAN AVE,60610
753267,35,855.0,COSTCO,3169 S HALSTED ST,60602
727625,45,480.0,TONY'S FINER FOODS,7005 S COTTAGE GROVE AVE,60617
311133,43,910.0,LOU MALNATIS,1956 S PULASKI RD,60601
336668,32,976.0,PIZZA HUT,3464 W 43RD ST,60601
628403,32,998.0,SPEEDWAY,895 W DEVON AVE,60608
773502,43,436.0,WALGREENS,5180 W 43RD ST,60614
523179,35,968.0,PIZZA HUT,3506 S ARCHER AVE,60619
636663,19,202.0,TONY'S FINER FOODS,7249 W 43RD ST,60608
332274,38,488.0,WHOLE FOODS,4261 S COTTAGE GROVE AVE,60629
609274,28,927.0,HONEYBEERS,3731 N MICHIGAN AVE,60638
408327,30,418.0,NEYBOUR'S TAVERN,1684 N BROADWAY,60632
618945,22,821.0,LOU MALNATIS,6599 W CHICAGO AVE,60606
156275,27,267.0,MCDONALD'S,9684 W IRVING PARK RD,60637
321876,34,347.0,JEWEL OSCO,3849 S PULASKI RD,60612
599054,21,444.0,ALDI,2687 W NORTH AVE,60635
601461,28,458.0,HONEYBEERS,2870 N WESTERN AVE,60623
798305,24,305.0,AUTOZONE,1151 N CLARK ST,60609
299231,49,383.0,LOU MALNATIS,9526 W 43RD ST,60624
817585,29,745.0,LOU MALNATIS,4428 W CHICAGO AVE,60624
757659,23,726.0,ALDI,6330 S ARCHER AVE,60638
897683,48,587.0,AUTOZONE,6146 W DEVON AVE,60633
748833,24,439.0,TONY'S FINER FOODS,9190 N BROADWAY,60605
172367,1,204.0,MCDONALD'S,1838 S ARCHER AVE,60615
19187,18,499.0,WHOLE FOODS,8664 W DEVON AVE,60630
725269,38,183.0,HONEYBEERS,1655 W NORTH AVE,60626
464416,10,738.0,MCDONALD'S,5484 S HALSTED ST,60610
60180,50,613.0,SUBWAY,5020 N WESTERN AVE,60606
501419,6,688.0,GIORDANOS,9831 N SOUTHPORT AVE,60619
527742,11,859.0,JEWEL OSCO,4856 S COTTAGE GROVE AVE,60603
863548,35,128.0,LOWES,9232 W MADISON ST,60617
233621,43,644.0,WALGREENS,2587 S WABASH AVE,60614
846627,24,915.0,SAMS CLUB,7708 W 43RD ST,60613
59551,36,267.0,HOME DEPOT,8084 W 43RD ST,60614
415069,27,859.0,TRADER JOES,213 N SOUTHPORT AVE,60611
400765,32,490.0,STARBUCKS,110 N WESTERN AVE,60602
880260,15,724.0,GIORDANOS,4287 W NORTH AVE,60631
887593,45,270.0,WHOLE FOODS,7814 W CHICAGO AVE,60607
474493,28,568.0,CVS PHARMACY,7427 N WESTERN AVE,60639
631826,33,852.0,STARBUCKS,9000 W MADISON ST,60625
499198,11,713.0,ADVANCE AUTO,503 S WABASH AVE,60619
934967,15,,DOMINICKS,5269 S HALSTED ST,60605
787647,44,793.0,JEWEL OSCO,9039 S ARCHER AVE,60616
599132,11,135.0,SHELL STATION,2197 N WESTERN AVE,60606
97545,48,,NEYBOUR'S TAVERN,3632 W CHICAGO AVE,60636
270408,15,273.0,LOWES,8100 W DEVON AVE,60608
886909,46,654.0,SUBWAY,4565 S PULASKI RD,60639
261659,43,851.0,SAMS CLUB,6545 S PULASKI RD,60625
583688,6,621.0,CELINA DELI,2867 N MICHIGAN AVE,60606
674924,34,768.0,MARIANO'S,4831 N CICERO AVE,60631
89525,21,280.0,WALGREENS,2606 N BROADWAY,60627
164154,11,524.0,WALMART,3473 S ARCHER AVE,60616
970030,30,500.0,MARIANO'S,8455 N BROADWAY,60607
774609,49,647.0,SEVEN ELEVEN,2938 W IRVING PARK RD,60637
321747,16,960.0,WHOLE FOODS,4282 N WESTERN AVE,60616
648623,45,372.0,BP GAS STATION,5912 W 43RD ST,60609
102716,23,960.0,LOU MALNATIS,7682 W NORTH AVE,60625
59837,30,763.0,PORTILLOS,5849 W IRVING PARK RD,60630
744257,2,948.0,LOWES,9771 N MICHIGAN AVE,60623
815870,15,151.0,REGGIE'S BAR & GRILL,9791 W IRVING PARK RD,60617
175588,14,184.0,DOMINICKS,6410 W CHICAGO AVE,60631
720606,4,884.0,SUBWAY,6662 W MADISON ST,60637
108915,13,805.0,BP GAS STATION,4359 W IRVING PARK RD,60640
113328,32,598.0,STARBUCKS,3025 W 63RD ST,60621
458911,40,466.0,WALGREENS,5541 N SOUTHPORT AVE,60631
149490,6,366.0,KRAFT FOODS,1159 W 63RD ST,60627
884848,9,238.0,MARIANO'S,4509 S WABASH AVE,60637
69787,23,368.0,AUTOZONE,2015 W CHICAGO AVE,60601
521535,7,237.0,CVS PHARMACY,2263 W DEVON AVE,60601
188139,14,328.0,SEVEN ELEVEN,4745 N CICERO AVE,60638
34883,3,436.0,TARGET,8271 N SOUTHPORT AVE,60637
321830,6,922.0,PORTILLOS,9958 S PULASKI RD,60635
547860,21,554.0,GIORDANOS,3730 S ARCHER AVE,60624
17156,50,766.0,HOME DEPOT,4757 W MADISON ST,60621
743627,14,941.0,BP GAS STATION,258 S ARCHER AVE,60604
667270,17,122.0,ADVANCE AUTO,1490 S STATE ST,60610
118107,33,249.0,AUTOZONE,2125 W NORTH AVE,60624
660319,23,428.0,BUONA BEEF,5968 W IRVING PARK RD,60611
774848,13,108.0,LOWES,7615 N SOUTHPORT AVE,60609
534714,7,270.0,BUONA BEEF,7210 W MADISON ST,60618
578358,32,805.0,NEYBOUR'S TAVERN,3840 S HALSTED ST,60632
2095,48,579.0,SHELL STATION,142 W DEVON AVE,60637
2344,34,759.0,WHOLE FOODS,3597 W DEVON AVE,60601
474691,4,289.0,DUNKIN DONUTS,1599 W NORTH AVE,60632
680787,32,410.0,ALDI,1561 S COTTAGE GROVE AVE,60626
919289,37,495.0,MCDONALD'S,780 S PULASKI RD,60613
601857,23,864.0,REGGIE'S BAR & GRILL,9843 S WABASH AVE,60626
527644,23,372.0,POTBELLY,4470 N SOUTHPORT AVE,60629
291247,40,402.0,TARGET,3810 S STATE ST,60607
901338,36,870.0,MARIANO'S,6246 S COTTAGE GROVE AVE,60632
962036,15,485.0,HOME DEPOT,2666 W CHICAGO AVE,60626
823890,27,699.0,PORTILLOS,1978 S COTTAGE GROVE AVE,60603
280882,36,538.0,DOMINICKS,8967 N MICHIGAN AVE,60633
136199,7,817.0,DUNKIN DONUTS,7967 W IRVING PARK RD,60635
965616,4,460.0,TRADER JOES,3208 W DEVON AVE,60629
274482,12,517.0,HONEYBEERS,9501 S ARCHER AVE,60624
399644,41,908.0,COSTCO,9776 N MICHIGAN AVE,60633
660169,20,595.0,TRADER JOES,2389 S HALSTED ST,60631
608891,48,910.0,MCDONALD'S,3412 S HOUSTON AVE,60632
920206,13,749.0,SUBWAY,6288 W NORTH AVE,60605
586958,3,129.0,ALDI,3270 S HOUSTON AVE,60607
292954,24,118.0,TONY'S FINER FOODS,9886 S ARCHER AVE,60611
518414,14,351.0,WHOLE FOODS,1874 W NORTH AVE,60635
86596,27,879.0,TONY'S FINER FOODS,8485 W NORTH AVE,60609
604579,4,210.0,REGGIE'S BAR & GRILL,2587 N CLARK ST,60635
741153,26,230.0,HOME DEPOT,6994 W DEVON AVE,60624
622774,15,858.0,WALMART,5566 N BROADWAY,60631
508233,22,470.0,MCDONALD'S,7952 N CLARK ST,60617
551764,33,900.0,MCDONALD'S,9017 S COTTAGE GROVE AVE,60611
561302,46,243.0,MARIANO'S,6610 S ARCHER AVE,60609
745365,12,769.0,MCDONALD'S,3712 N MICHIGAN AVE,60629
83381,46,305.0,DOMINICKS,2336 N SOUTHPORT AVE,60601
467971,43,900.0,LOWES,7146 N WESTERN AVE,60611
43815,49,629.0,HONEYBEERS,3684 S WABASH AVE,60613
603735,45,886.0,AUTOZONE,8661 N SOUTHPORT AVE,60612
100580,5,857.0,HONEYBEERS,958 W IRVING PARK RD,60620
181592,2,993.0,LOWES,2733 N WESTERN AVE,60611
839119,40,304.0,WALGREENS,2109 N CLARK ST,60619
185270,40,657.0,DOMINICKS,2948 N BROADWAY,60617
623774,4,405.0,AUTOZONE,2028 W DEVON AVE,60609
178825,16,245.0,MARIANO'S,5255 W 63RD ST,60609
338020,46,836.0,DUNKIN DONUTS,9454 N CICERO AVE,60629
769831,18,259.0,SAMS CLUB,3888 S ARCHER AVE,60626
974771,22,836.0,JEWEL OSCO,6070 N WESTERN AVE,60624
289225,11,717.0,CELINA DELI,7738 W IRVING PARK RD,60620
639509,41,557.0,HOME DEPOT,8234 S STATE ST,60610
189466,20,498.0,SEVEN ELEVEN,3429 S HOUSTON AVE,60618
825307,19,123.0,KRAFT FOODS,9460 N WESTERN AVE,60615
103548,9,318.0,SEVEN ELEVEN,594 N MICHIGAN AVE,60608
52048,43,265.0,WALGREENS,215 N WESTERN AVE,60615
956197,13,850.0,LOWES,1228 N CICERO AVE,60637
926585,30,924.0,JEWEL OSCO,4220 N SOUTHPORT AVE,60633
56636,47,118.0,PORTILLOS,7852 S PULASKI RD,60614
125911,25,419.0,SPEEDWAY,2004 W MADISON ST,60636
205758,1,487.0,WALMART,6690 S WABASH AVE,60615
614368,40,266.0,SHELL STATION,7756 W MADISON ST,60610
98204,43,258.0,MCDONALD'S,7477 S HALSTED ST,60615
194767,32,504.0,AUTOZONE,8381 W IRVING PARK RD,60640
48764,24,932.0,COSTCO,9639 N SOUTHPORT AVE,60628
67235,19,203.0,ALDI,6753 S PULASKI RD,60612
492913,12,330.0,STARBUCKS,3913 N CICERO AVE,60603
759913,42,154.0,SAMS CLUB,6099 N BROADWAY,60620
203778,42,787.0,TRADER JOES,9090 W MADISON ST,60607
898634,45,555.0,SEVEN ELEVEN,6584 W CHICAGO AVE,60609
924170,42,496.0,LOU MALNATIS,6067 W DEVON AVE,60619
553866,40,417.0,SPEEDWAY,9448 S HALSTED ST,60630
234582,46,298.0,WALGREENS,4255 S STATE ST,60633
568757,14,246.0,LOWES,3036 W MADISON ST,60611
703024,9,890.0,SHELL STATION,6093 S HALSTED ST,60640
83938,23,843.0,ALDI,3524 S HOUSTON AVE,60606
843958,40,275.0,BP GAS STATION,204 S HOUSTON AVE,60615
652334,23,478.0,CELINA DELI,8623 S PULASKI RD,60601
96342,36,597.0,WALGREENS,7537 S HOUSTON AVE,60608
177180,6,937.0,TONY'S FINER FOODS,8452 W CHICAGO AVE,60611
398358,2,329.0,JEWEL OSCO,6097 S COTTAGE GROVE AVE,60614
715992,23,823.0,STARBUCKS,280 N CICERO AVE,60632
542943,26,651.0,KRAFT FOODS,1199 N CLARK ST,60627
590245,3,765.0,ALDI,1047 W IRVING PARK RD,60611
360928,23,313.0,MCDONALD'S,4891 W IRVING PARK RD,60615
294116,24,112.0,BP GAS STATION,5786 N MICHIGAN AVE,60623
692786,42,601.0,LOU MALNATIS,4170 W 43RD ST,60622
267718,43,521.0,SUBWAY,7978 W CHICAGO AVE,60610
257205,1,291.0,GIORDANOS,3028 W IRVING PARK RD,60629
862551,5,538.0,SEVEN ELEVEN,4539 S PULASKI RD,60627
957600,24,131.0,ADVANCE AUTO,5061 S STATE ST,60614
504167,16,833.0,MCDONALD'S,1747 W NORTH AVE,60634
244241,19,753.0,WALMART,4232 S PULASKI RD,60605
265411,49,668.0,SHELL STATION,9988 S PULASKI RD,60616
543676,17,128.0,LOWES,1686 N BROADWAY,60609
784740,23,214.0,HOME DEPOT,2945 S WABASH AVE,60635
770232,37,495.0,TRADER JOES,9058 S PULASKI RD,60616
438367,48,504.0,WALMART,7990 W CHICAGO AVE,60639
505220,15,153.0,POTBELLY,7385 W MADISON ST,60619
735463,31,353.0,AUTOZONE,1098 S ARCHER AVE,60626
79602,9,122.0,REGGIE'S BAR & GRILL,7023 S COTTAGE GROVE AVE,60614
17073,47,979.0,CVS PHARMACY,8032 S HOUSTON AVE,60620
754275,27,566.0,DOMINICKS,2192 W CHICAGO AVE,60637
368621,49,316.0,TONY'S FINER FOODS,2237 S HOUSTON AVE,60617
901444,23,626.0,TARGET,6220 S PULASKI RD,60627
803600,15,855.0,PORTILLOS,8394 W CHICAGO AVE,60618
583343,20,525.0,DOMINICKS,8059 W DEVON AVE,60615
194426,25,934.0,SPEEDWAY,4336 W CHICAGO AVE,60614
48921,37,662.0,DUNKIN DONUTS,5422 W MADISON ST,60634
950343,33,347.0,POTBELLY,661 S COTTAGE GROVE AVE,60636
245147,14,237.0,MARIANO'S,2865 N CICERO AVE,60604
3928,3,190.0,ALDI,8290 S ARCHER AVE,60605
983846,32,400.0,MCDONALD'S,7821 W NORTH AVE,60633
286306,14,479.0,AUTOZONE,1112 S HOUSTON AVE,60606
642598,3,422.0,LOU MALNATIS,7956 W CHICAGO AVE,60602
907611,2,935.0,DUNKIN DONUTS,9103 N BROADWAY,60617
467322,30,356.0,SUBWAY,7436 W DEVON AVE,60632
112710,20,280.0,MARIANO'S,5728 S STATE ST,60609
3736,48,719.0,SHELL STATION,5765 N CLARK ST,60614
261906,23,460.0,NEYBOUR'S TAVERN,9654 S HALSTED ST,60603
54946,38,470.0,JEWEL OSCO,2389 S PULASKI RD,60629
621222,11,129.0,SEVEN ELEVEN,1872 S HOUSTON AVE,60629
555650,35,961.0,POTBELLY,8287 W CHICAGO AVE,60619
757566,17,176.0,COSTCO,660 N CICERO AVE,60604
609171,23,492.0,HONEYBEERS,668 W MADISON ST,60639
873321,15,368.0,COSTCO,6906 S ARCHER AVE,60623
293191,14,112.0,NEYBOUR'S TAVERN,8815 S COTTAGE GROVE AVE,60604
102217,22,902.0,WHOLE FOODS,4058 N WESTERN AVE,60639
459086,7,906.0,SUBWAY,666 S STATE ST,60637
858376,17,854.0,CVS PHARMACY,2989 S PULASKI RD,60606
586651,46,549.0,PORTILLOS,3098 S ARCHER AVE,60618
366870,45,687.0,NEYBOUR'S TAVERN,5514 S PULASKI RD,60606
635525,3,735.0,GIORDANOS,6416 W DEVON AVE,60601
140606,18,613.0,DOMINICKS,5377 N CICERO AVE,60611
599889,11,167.0,HOME DEPOT,4818 W DEVON AVE,60629
162223,14,181.0,SHELL STATION,1889 W MADISON ST,60627
1182,1,798.0,DOMINICKS,6386 N MICHIGAN AVE,60623
872752,14,856.0,WALGREENS,3610 W CHICAGO AVE,60611
593186,50,507.0,TONY'S FINER FOODS,9209 N CLARK ST,60626
700870,16,323.0,MCDONALD'S,9696 S WABASH AVE,60624
354262,4,814.0,SAMS CLUB,4348 W IRVING PARK RD,60626
989244,34,461.0,WALGREENS,9369 S HOUSTON AVE,60604
299349,36,257.0,LOWES,4041 W IRVING PARK RD,60618
775187,15,359.0,AUTOZONE,5804 W IRVING PARK RD,60636
443453,22,423.0,LOWES,1263 S STATE ST,60601
507643,35,344.0,AUTOZONE,5669 W NORTH AVE,60632
789850,34,670.0,BUONA BEEF,147 N BROADWAY,60631
352529,10,671.0,SUBWAY,9511 S COTTAGE GROVE AVE,60609
32469,10,173.0,SHELL STATION,1805 S ARCHER AVE,60624
429911,36,466.0,POTBELLY,3314 W NORTH AVE,60628
652400,28,729.0,TONY'S FINER FOODS,3874 N CICERO AVE,60601
824717,37,348.0,TARGET,6578 W DEVON AVE,60624
121475,22,375.0,BP GAS STATION,9592 N MICHIGAN AVE,60601
925078,39,927.0,CVS PHARMACY,9682 W 63RD ST,60607
803007,43,155.0,HOME DEPOT,3468 S COTTAGE GROVE AVE,60637
945955,34,296.0,GIORDANOS,8149 S WABASH AVE,60637
693242,4,241.0,COSTCO,1886 W CHICAGO AVE,60608
880423,45,292.0,LOWES,3376 N SOUTHPORT AVE,60632
902766,39,124.0,HONEYBEERS,7619 W 43RD ST,60605
502448,48,509.0,DUNKIN DONUTS,9363 W NORTH AVE,60629
365454,41,778.0,STARBUCKS,9107 W CHICAGO AVE,60609
267133,43,563.0,CVS PHARMACY,9417 S PULASKI RD,60634
311576,8,787.0,SAMS CLUB,2374 N MICHIGAN AVE,60621
57041,50,154.0,CVS PHARMACY,3978 N WESTERN AVE,60630
871646,27,548.0,ADVANCE AUTO,8418 S STATE ST,60607
165547,13,862.0,AUTOZONE,4513 W NORTH AVE,60627
331664,24,474.0,MARIANO'S,5007 W 63RD ST,60637
772753,29,334.0,ALDI,8889 W DEVON AVE,60633
907108,2,452.0,COSTCO,560 N WESTERN AVE,60637
831771,44,723.0,HONEYBEERS,662 N CICERO AVE,60606
249696,10,123.0,WALGREENS,6310 W IRVING PARK RD,60637
184263,24,139.0,STARBUCKS,1991 S PULASKI RD,60632
434101,50,549.0,STARBUCKS,1973 W IRVING PARK RD,60625
177298,11,720.0,REGGIE'S BAR & GRILL,5916 S STATE ST,60634
212569,17,989.0,HONEYBEERS,9017 S PULASKI RD,60612
258139,12,507.0,TRADER JOES,8940 S ARCHER AVE,60632
110138,6,121.0,TARGET,2155 N SOUTHPORT AVE,60603
71158,42,249.0,HONEYBEERS,8573 S STATE ST,60603
621572,12,870.0,LOWES,282 W DEVON AVE,60621
128489,10,149.0,STARBUCKS,6143 W IRVING PARK RD,60618
996918,17,896.0,WALGREENS,3819 N SOUTHPORT AVE,60602
289491,5,831.0,HONEYBEERS,2497 W NORTH AVE,60623
884682,47,816.0,AUTOZONE,5187 N MICHIGAN AVE,60615
713068,5,406.0,KRAFT FOODS,5090 W DEVON AVE,60620
861023,25,474.0,GIORDANOS,8832 N BROADWAY,60606
356584,10,403.0,TARGET,7166 W DEVON AVE,60606
635353,50,732.0,PIZZA HUT,1068 N WESTERN AVE,60604
565695,10,653.0,COSTCO,2533 S PULASKI RD,60639
414061,22,745.0,PORTILLOS,7320 N CICERO AVE,60616
217678,46,629.0,LOWES,9263 N WESTERN AVE,60632
772869,2,450.0,NEYBOUR'S TAVERN,6762 N CICERO AVE,60621
77459,2,140.0,STARBUCKS,8282 W IRVING PARK RD,60614
328785,11,323.0,STARBUCKS,7016 W IRVING PARK RD,60632
529556,20,949.0,LOWES,7079 N MICHIGAN AVE,60618
146725,45,870.0,SEVEN ELEVEN,2194 W 43RD ST,60605
944326,48,347.0,CELINA DELI,505 W 63RD ST,60640
361329,35,752.0,TARGET,2764 W MADISON ST,60601
193118,6,749.0,SPEEDWAY,7223 W DEVON AVE,60633
542878,33,805.0,PIZZA HUT,7586 N BROADWAY,60624
547564,28,968.0,PORTILLOS,7617 W DEVON AVE,60629
382896,6,329.0,TONY'S FINER FOODS,3892 N CICERO AVE,60603
267595,30,541.0,WALMART,5051 N CICERO AVE,60604
991395,8,790.0,BP GAS STATION,2238 N CLARK ST,60611
355556,23,890.0,TONY'S FINER FOODS,9185 N WESTERN AVE,60624
98531,38,187.0,POTBELLY,5983 W MADISON ST,60606
980085,16,193.0,BUONA BEEF,6738 W 43RD ST,60609
853450,3,460.0,JEWEL OSCO,8875 W 43RD ST,60617
302891,33,802.0,DUNKIN DONUTS,4601 S HOUSTON AVE,60634
944915,25,598.0,ADVANCE AUTO,7994 W 43RD ST,60607
743725,22,187.0,SAMS CLUB,184 N CICERO AVE,60627
122349,26,814.0,HONEYBEERS,1121 S HALSTED ST,60625
821213,32,704.0,STARBUCKS,6741 W IRVING PARK RD,60624
627455,45,113.0,WHOLE FOODS,2957 W DEVON AVE,60604
267417,45,699.0,SPEEDWAY,6680 S ARCHER AVE,60608
278533,34,621.0,CELINA DELI,9071 W DEVON AVE,60622
329874,35,920.0,SAMS CLUB,2780 S HALSTED ST,60634
158277,4,621.0,POTBELLY,2664 N BROADWAY,60610
97635,18,247.0,WALGREENS,863 S COTTAGE GROVE AVE,60640
725612,17,579.0,BP GAS STATION,7954 N MICHIGAN AVE,60606
645153,23,680.0,TRADER JOES,9183 N MICHIGAN AVE,60634
260552,29,415.0,SHELL STATION,2408 S STATE ST,60633
308359,1,594.0,ADVANCE AUTO,7425 N CICERO AVE,60614
275064,28,825.0,ALDI,888 W IRVING PARK RD,60605
415116,48,344.0,HONEYBEERS,6043 N CICERO AVE,60619
676827,26,502.0,SUBWAY,6287 N CLARK ST,60634
445042,47,723.0,SHELL STATION,6083 N CLARK ST,60627
546963,40,181.0,STARBUCKS,361 W CHICAGO AVE,60621
422103,39,650.0,LOWES,7471 S COTTAGE GROVE AVE,60623
392943,32,352.0,STARBUCKS,7959 W 43RD ST,60616
360002,28,925.0,SAMS CLUB,4055 N CICERO AVE,60608
868034,35,284.0,ALDI,6456 N WESTERN AVE,60640
2372,43,898.0,SAMS CLUB,9946 S WABASH AVE,60606
167948,25,445.0,MARIANO'S,3182 N CICERO AVE,60637
924655,44,996.0,STARBUCKS,1781 W DEVON AVE,60624
652049,13,342.0,WALGREENS,5660 S PULASKI RD,60628
252133,2,460.0,WALMART,123 N WESTERN AVE,60607
969308,10,754.0,AUTOZONE,5997 N CICERO AVE,60640
681015,19,653.0,AUTOZONE,6931 W DEVON AVE,60611
326031,14,669.0,TONY'S FINER FOODS,139 S STATE ST,60612
295925,7,561.0,CVS PHARMACY,9840 W 63RD ST,60617
798562,24,866.0,BP GAS STATION,8465 S COTTAGE GROVE AVE,60636
794015,35,818.0,NEYBOUR'S TAVERN,8360 W MADISON ST,60630
397596,10,430.0,KRAFT FOODS,1044 W 43RD ST,60607
972017,45,161.0,SPEEDWAY,5315 S HOUSTON AVE,60630
902180,35,521.0,REGGIE'S BAR & GRILL,4297 N SOUTHPORT AVE,60623
835642,33,921.0,MARIANO'S,5070 W CHICAGO AVE,60624
325420,38,383.0,MCDONALD'S,1811 S WABASH AVE,60609
351554,13,106.0,POTBELLY,6149 W MADISON ST,60610
972079,12,725.0,LOWES,7945 N WESTERN AVE,60632
588474,17,616.0,WALGREENS,2524 S WABASH AVE,60606
968444,29,177.0,BP GAS STATION,9405 N MICHIGAN AVE,60602
665743,14,247.0,ADVANCE AUTO,1940 W IRVING PARK RD,60631
221825,19,355.0,HOME DEPOT,8924 S ARCHER AVE,60615
484839,1,193.0,MCDONALD'S,9127 W 63RD ST,60627
837799,42,830.0,SHELL STATION,9482 W IRVING PARK RD,60624
954142,23,913.0,DUNKIN DONUTS,3042 W IRVING PARK RD,60628
493414,48,266.0,CVS PHARMACY,1506 W NORTH AVE,60632
834591,17,145.0,DUNKIN DONUTS,2564 N CICERO AVE,60621
135940,1,129.0,TONY'S FINER FOODS,2082 S ARCHER AVE,60635
506349,12,444.0,STARBUCKS,5404 N BROADWAY,60622
343561,21,367.0,MCDONALD'S,9757 N WESTERN AVE,60620
34619,30,751.0,WHOLE FOODS,833 S COTTAGE GROVE AVE,60609
649229,18,878.0,WALMART,7302 S STATE ST,60613
756768,11,641.0,SPEEDWAY,8193 W 63RD ST,60633
8479,10,903.0,SEVEN ELEVEN,4654 W CHICAGO AVE,60609
371426,44,507.0,SUBWAY,5750 W CHICAGO AVE,60614
583199,25,703.0,SAMS CLUB,2774 S COTTAGE GROVE AVE,60621
211407,22,427.0,DOMINICKS,4157 N CICERO AVE,60606
946649,23,819.0,BP GAS STATION,2429 W IRVING PARK RD,60640
557319,7,259.0,PIZZA HUT,7779 S HALSTED ST,60603
160466,14,547.0,HOME DEPOT,587 W NORTH AVE,60629
243481,41,242.0,KRAFT FOODS,6848 S WABASH AVE,60637
199259,26,801.0,LOU MALNATIS,6164 S HOUSTON AVE,60620
358038,22,763.0,TRADER JOES,1176 N CICERO AVE,60632
746805,46,564.0,COSTCO,2220 N WESTERN AVE,60640
661831,46,395.0,CELINA DELI,2595 S HALSTED ST,60610
868941,10,841.0,SEVEN ELEVEN,3873 S WABASH AVE,60633
896451,36,165.0,GIORDANOS,454 W IRVING PARK RD,60628
845418,25,425.0,LOU MALNATIS,1107 W 43RD ST,60620
634375,23,620.0,ADVANCE AUTO,1399 N CICERO AVE,60601
481068,20,498.0,SHELL STATION,3570 N WESTERN AVE,60602
139106,8,644.0,BP GAS STATION,4389 S COTTAGE GROVE AVE,60610
559591,43,607.0,MCDONALD'S,3686 S ARCHER AVE,60617
836281,18,723.0,NEYBOUR'S TAVERN,4854 S HALSTED ST,60622
96924,41,781.0,SEVEN ELEVEN,9423 N CLARK ST,60632
170169,25,286.0,WALGREENS,961 W 63RD ST,60624
473148,2,993.0,HONEYBEERS,8384 W CHICAGO AVE,60635
615950,35,640.0,NEYBOUR'S TAVERN,9035 W 43RD ST,60626
931767,9,758.0,COSTCO,8587 W 63RD ST,60620
215330,32,427.0,TARGET,1540 N MICHIGAN AVE,60627
947568,11,375.0,NEYBOUR'S TAVERN,7679 S HOUSTON AVE,60621
765103,30,426.0,WALGREENS,258 S HOUSTON AVE,60611
763853,17,590.0,MARIANO'S,4723 W IRVING PARK RD,60604
77636,1,896.0,COSTCO,2460 W 63RD ST,60616
405201,38,644.0,ALDI,8845 S PULASKI RD,60631
883236,15,194.0,SHELL STATION,760 S HOUSTON AVE,60604
324571,25,989.0,DUNKIN DONUTS,6423 N MICHIGAN AVE,60638
859792,1,737.0,COSTCO,1372 N BROADWAY,60638
790440,17,433.0,TONY'S FINER FOODS,507 S HOUSTON AVE,60620
850308,30,521.0,SAMS CLUB,8299 W 43RD ST,60625
88,13,855.0,SUBWAY,3598 S ARCHER AVE,60608
416730,33,516.0,ALDI,7590 S PULASKI RD,60616
173314,45,376.0,WALMART,7310 W 63RD ST,60630
56141,3,700.0,AUTOZONE,6662 W NORTH AVE,60615
86909,47,980.0,COSTCO,9158 W IRVING PARK RD,60611
528155,27,539.0,CVS PHARMACY,6796 W IRVING PARK RD,60606
332146,9,371.0,LOWES,2059 S HALSTED ST,60610
462838,34,631.0,MARIANO'S,4011 W CHICAGO AVE,60609
489631,37,803.0,SHELL STATION,6853 S HALSTED ST,60622
453303,9,212.0,ADVANCE AUTO,3224 S PULASKI RD,60616
900395,36,653.0,LOU MALNATIS,2715 N CICERO AVE,60635
837912,16,778.0,GIORDANOS,4662 W MADISON ST,60602
939695,36,829.0,TONY'S FINER FOODS,2474 N WESTERN AVE,60635
28799,25,119.0,HONEYBEERS,5058 N WESTERN AVE,60637
788978,23,820.0,GIORDANOS,8520 S STATE ST,60613
591381,49,322.0,GIORDANOS,1615 W 63RD ST,60617
661517,16,269.0,WALGREENS,7652 N CICERO AVE,60632
82037,39,798.0,JEWEL OSCO,8367 N BROADWAY,60626
99824,9,566.0,PIZZA HUT,4148 N CICERO AVE,60630
236855,32,688.0,POTBELLY,5922 W CHICAGO AVE,60619
765943,26,278.0,POTBELLY,881 S HOUSTON AVE,60640
271813,44,599.0,GIORDANOS,3790 W 43RD ST,60622
463050,9,249.0,JEWEL OSCO,369 S ARCHER AVE,60633
750093,31,621.0,HOME DEPOT,3247 S HOUSTON AVE,60624
977083,20,841.0,NEYBOUR'S TAVERN,7453 W 63RD ST,60612
691005,28,850.0,CELINA DELI,7956 N CLARK ST,60605
547877,13,920.0,WALMART,3146 W 43RD ST,60623
183824,50,946.0,BUONA BEEF,5352 W MADISON ST,60616
417873,25,665.0,SHELL STATION,7651 S PULASKI RD,60623
4739,21,611.0,TARGET,9595 W MADISON ST,60625
394866,18,963.0,WALMART,5434 W CHICAGO AVE,60601
749271,17,592.0,ADVANCE AUTO,4514 W NORTH AVE,60640
800328,32,954.0,LOU MALNATIS,8247 W IRVING PARK RD,60607
614012,3,445.0,MARIANO'S,4831 S STATE ST,60635
521328,34,273.0,SEVEN ELEVEN,8061 S HOUSTON AVE,60634
753739,40,447.0,TARGET,8546 S ARCHER AVE,60607
338392,36,385.0,HONEYBEERS,2357 S WABASH AVE,60601
787869,5,566.0,BUONA BEEF,7590 S COTTAGE GROVE AVE,60627
805209,2,499.0,JEWEL OSCO,8312 S WABASH AVE,60610
332719,44,193.0,LOWES,783 W DEVON AVE,60611
645146,22,273.0,SPEEDWAY,3440 N BROADWAY,60615
150233,20,496.0,BUONA BEEF,5946 S COTTAGE GROVE AVE,60618
352903,30,951.0,COSTCO,5370 N SOUTHPORT AVE,60631
557016,14,179.0,WALGREENS,3887 N CICERO AVE,60640
408030,12,151.0,WALMART,9506 W 63RD ST,60611
438691,39,393.0,SAMS CLUB,4604 N SOUTHPORT AVE,60606
68094,3,126.0,LOWES,3233 S HALSTED ST,60628
864427,2,158.0,BUONA BEEF,5387 S PULASKI RD,60633
505147,16,401.0,WALGREENS,2688 N CLARK ST,60611
355477,45,168.0,SEVEN ELEVEN,1907 W 63RD ST,60629
924716,1,215.0,MARIANO'S,3163 W NORTH AVE,60636
371780,43,688.0,POTBELLY,6043 N SOUTHPORT AVE,60618
206522,35,128.0,WALGREENS,237 S COTTAGE GROVE AVE,60618
699271,26,299.0,WALGREENS,1991 S HOUSTON AVE,60602
626929,27,109.0,CVS PHARMACY,2674 S WABASH AVE,60636
84068,47,721.0,ADVANCE AUTO,2873 W IRVING PARK RD,60615
759947,43,673.0,SEVEN ELEVEN,4821 W MADISON ST,60638
314177,6,221.0,ALDI,6782 N CICERO AVE,60629
855214,18,939.0,CELINA DELI,8556 N MICHIGAN AVE,60631
711913,46,776.0,COSTCO,8441 S HOUSTON AVE,60619
556040,43,131.0,MCDONALD'S,8269 S PULASKI RD,60608
844506,16,635.0,SPEEDWAY,8224 N CLARK ST,60639
67308,33,663.0,STARBUCKS,7430 W MADISON ST,60630
672785,9,702.0,NEYBOUR'S TAVERN,3429 N BROADWAY,60619
709163,20,589.0,WALGREENS,4499 W 63RD ST,60609
610759,29,893.0,TRADER JOES,6306 S HOUSTON AVE,60623
554638,28,784.0,MCDONALD'S,6718 N BROADWAY,60624
802653,2,612.0,ALDI,1649 W NORTH AVE,60612
922549,18,312.0,WHOLE FOODS,3124 W IRVING PARK RD,60633
395067,36,714.0,MARIANO'S,854 S HALSTED ST,60635
348478,42,404.0,KRAFT FOODS,605 S COTTAGE GROVE AVE,60610
278924,1,788.0,NEYBOUR'S TAVERN,2865 N MICHIGAN AVE,60601
193736,27,210.0,WALGREENS,200 W 43RD ST,60612
658066,26,344.0,WHOLE FOODS,7789 W DEVON AVE,60602
467444,41,188.0,AUTOZONE,717 W CHICAGO AVE,60628
171212,31,632.0,WALMART,2544 W MADISON ST,60623
346351,11,870.0,KRAFT FOODS,7220 S HALSTED ST,60639
192183,7,375.0,STARBUCKS,7398 S WABASH AVE,60612
588345,16,898.0,LOU MALNATIS,8876 S WABASH AVE,60610
118956,31,123.0,REGGIE'S BAR & GRILL,3667 W MADISON ST,60612
436367,38,590.0,PIZZA HUT,3774 W CHICAGO AVE,60605
317303,32,737.0,BUONA BEEF,6268 S STATE ST,60604
39423,32,330.0,WHOLE FOODS,6871 N WESTERN AVE,60639
381469,14,300.0,PIZZA HUT,9122 S HALSTED ST,60609
817531,13,261.0,WHOLE FOODS,5699 W 63RD ST,60616
208908,14,782.0,ADVANCE AUTO,9801 W IRVING PARK RD,60602
417665,39,843.0,POTBELLY,3074 W CHICAGO AVE,60625
285426,45,623.0,SPEEDWAY,4018 S WABASH AVE,60639
746104,39,813.0,TONY'S FINER FOODS,7331 W CHICAGO AVE,60631
462549,2,998.0,BUONA BEEF,2452 N MICHIGAN AVE,60617
90280,36,792.0,HONEYBEERS,6171 S HALSTED ST,60616
630877,19,390.0,HONEYBEERS,1891 W CHICAGO AVE,60634
203712,20,587.0,MARIANO'S,8242 N WESTERN AVE,60609
913753,1,574.0,LOWES,9348 W DEVON AVE,60603
512096,17,860.0,CELINA DELI,4085 W DEVON AVE,60639
903306,11,295.0,SUBWAY,5795 W CHICAGO AVE,60618
475922,23,673.0,AUTOZONE,6954 S HALSTED ST,60613
842537,21,877.0,POTBELLY,6996 W NORTH AVE,60605
146806,35,618.0,CELINA DELI,1808 S WABASH AVE,60623
989283,9,453.0,AUTOZONE,700 W NORTH AVE,60612
471903,6,407.0,WALGREENS,5211 W CHICAGO AVE,60612
648005,49,969.0,ADVANCE AUTO,4946 W MADISON ST,60608
220129,32,458.0,WALGREENS,3519 W DEVON AVE,60635
568426,29,678.0,COSTCO,9853 S PULASKI RD,60617
894690,17,886.0,CELINA DELI,7003 N CICERO AVE,60630
93837,23,480.0,MCDONALD'S,6113 N SOUTHPORT AVE,60601
851658,50,561.0,SAMS CLUB,8494 N CLARK ST,60604
843140,32,948.0,SHELL STATION,9258 N CLARK ST,60631
234134,24,782.0,DOMINICKS,8604 W MADISON ST,60626
447966,1,316.0,TRADER JOES,6017 N MICHIGAN AVE,60602
163865,9,214.0,PIZZA HUT,5068 W NORTH AVE,60636
811024,27,844.0,SPEEDWAY,4831 N CICERO AVE,60635
844947,32,424.0,TARGET,7726 N CICERO AVE,60633
456964,16,426.0,STARBUCKS,2063 N BROADWAY,60631
800239,18,901.0,WALGREENS,8733 S PULASKI RD,60638
335742,19,887.0,SHELL STATION,665 W MADISON ST,60631
993100,33,565.0,DOMINICKS,4180 S HALSTED ST,60606
616701,29,932.0,DUNKIN DONUTS,190 S ARCHER AVE,60619
847067,25,905.0,BUONA BEEF,8572 N WESTERN AVE,60632
617199,8,945.0,STARBUCKS,7466 N WESTERN AVE,60611
790395,23,744.0,TARGET,1996 N MICHIGAN AVE,60618
614068,35,638.0,NEYBOUR'S TAVERN,4175 W DEVON AVE,60626
286635,39,857.0,PIZZA HUT,767 W 43RD ST,60626
82746,45,216.0,BP GAS STATION,5637 S WABASH AVE,60616
518409,18,697.0,MARIANO'S,834 S WABASH AVE,60618
122603,39,480.0,ALDI,1696 S STATE ST,60631
297581,31,386.0,WHOLE FOODS,6734 S HALSTED ST,60630
586200,15,235.0,AUTOZONE,1159 S HOUSTON AVE,60636
594335,42,251.0,POTBELLY,6962 W 63RD ST,60627
112338,35,880.0,DUNKIN DONUTS,9142 N BROADWAY,60625
999124,12,456.0,LOU MALNATIS,8099 N BROADWAY,60609
305771,26,388.0,DUNKIN DONUTS,472 W MADISON ST,60604
741860,24,968.0,AUTOZONE,9252 S ARCHER AVE,60621
453709,13,915.0,PIZZA HUT,6438 N SOUTHPORT AVE,60632
634118,28,801.0,AUTOZONE,3969 N CICERO AVE,60615
257339,29,604.0,HONEYBEERS,2438 N WESTERN AVE,60601
462655,48,386.0,MARIANO'S,9223 S STATE ST,60635
574474,48,361.0,POTBELLY,4884 S STATE ST,60640
559095,3,156.0,MARIANO'S,9948 N BROADWAY,60639
707767,44,202.0,REGGIE'S BAR & GRILL,7972 N MICHIGAN AVE,60618
14895,39,971.0,SEVEN ELEVEN,2464 S WABASH AVE,60637
238937,46,282.0,LOU MALNATIS,8637 W DEVON AVE,60631
956070,27,143.0,WALMART,8956 S STATE ST,60612
766757,35,846.0,COSTCO,6929 W DEVON AVE,60629
398972,46,650.0,TONY'S FINER FOODS,5268 N MICHIGAN AVE,60616
52822,43,813.0,LOU MALNATIS,4826 N SOUTHPORT AVE,60634
768678,50,408.0,KRAFT FOODS,3354 W 43RD ST,60603
748712,2,578.0,SAMS CLUB,8784 W IRVING PARK RD,60636
420631,22,525.0,MARIANO'S,2208 N MICHIGAN AVE,60605
189329,5,366.0,ALDI,1136 N SOUTHPORT AVE,60629
247003,24,563.0,DUNKIN DONUTS,1868 N WESTERN AVE,60606
980520,49,554.0,SUBWAY,2639 W NORTH AVE,60636
962397,35,436.0,LOU MALNATIS,6631 W 43RD ST,60620
57098,32,709.0,SPEEDWAY,9612 N MICHIGAN AVE,60627
719185,48,660.0,ALDI,546 N WESTERN AVE,60633
883595,23,222.0,WALMART,6951 N MICHIGAN AVE,60624
695176,25,293.0,GIORDANOS,1631 N BROADWAY,60629
675363,16,614.0,TARGET,6544 S PULASKI RD,60633
637247,3,104.0,CELINA DELI,3008 W 63RD ST,60607
686795,30,528.0,REGGIE'S BAR & GRILL,9253 N BROADWAY,60602
51658,19,752.0,HOME DEPOT,9971 N CLARK ST,60613
45463,48,392.0,ALDI,3562 N WESTERN AVE,60628
259821,46,876.0,SAMS CLUB,5389 S HALSTED ST,60601
603404,47,238.0,ALDI,8031 S HOUSTON AVE,60604
258548,10,746.0,TARGET,725 S HOUSTON AVE,60616
734795,25,885.0,WALGREENS,6790 W 43RD ST,60630
456914,46,735.0,REGGIE'S BAR & GRILL,1881 S COTTAGE GROVE AVE,60639
13620,35,793.0,SPEEDWAY,7451 N CLARK ST,60627
493801,29,528.0,AUTOZONE,6877 N MICHIGAN AVE,60627
829208,37,583.0,TONY'S FINER FOODS,3654 S PULASKI RD,60633
819330,28,538.0,JEWEL OSCO,7761 S WABASH AVE,60624
639987,43,101.0,HONEYBEERS,7063 W DEVON AVE,60610
567412,24,608.0,ALDI,5028 S COTTAGE GROVE AVE,60602
938612,31,215.0,ALDI,7331 S ARCHER AVE,60634
31911,46,773.0,AUTOZONE,9079 W MADISON ST,60625
822257,5,533.0,SUBWAY,5716 W NORTH AVE,60607
86230,43,517.0,WALMART,5482 W 63RD ST,60621
544641,17,462.0,WALGREENS,1187 W NORTH AVE,60619
942873,18,708.0,LOWES,5724 W MADISON ST,60610
903710,31,364.0,LOU MALNATIS,7996 W MADISON ST,60614
782040,39,611.0,ALDI,9330 S PULASKI RD,60634
286444,29,165.0,BUONA BEEF,925 S WABASH AVE,60608
617661,50,194.0,BUONA BEEF,8542 S HALSTED ST,60628
635423,33,785.0,POTBELLY,766 S ARCHER AVE,60611
159539,49,110.0,SUBWAY,4627 S COTTAGE GROVE AVE,60640
688060,7,836.0,BUONA BEEF,5570 S COTTAGE GROVE AVE,60640
954500,36,280.0,KRAFT FOODS,4180 W MADISON ST,60603
41847,40,790.0,PORTILLOS,7385 N BROADWAY,60609
616912,31,609.0,CVS PHARMACY,5065 N SOUTHPORT AVE,60601
175190,47,980.0,GIORDANOS,848 W 43RD ST,60627
791849,3,215.0,ALDI,9332 W MADISON ST,60614
280335,12,596.0,PORTILLOS,8978 S ARCHER AVE,60624
975284,43,362.0,SAMS CLUB,860 S WABASH AVE,60602
898357,27,687.0,CELINA DELI,4106 S WABASH AVE,60609
119867,24,851.0,SAMS CLUB,7892 S HOUSTON AVE,60626
640392,39,531.0,JEWEL OSCO,8994 S STATE ST,60613
917653,11,633.0,HOME DEPOT,6176 N BROADWAY,60623
157055,48,280.0,COSTCO,7933 W MADISON ST,60604
819898,28,132.0,LOWES,7181 N CICERO AVE,60611
337435,36,275.0,POTBELLY,5125 N CLARK ST,60620
363366,5,998.0,PORTILLOS,6491 W DEVON AVE,60624
775685,46,790.0,BUONA BEEF,7922 W 63RD ST,60638
97849,3,909.0,REGGIE'S BAR & GRILL,5264 W DEVON AVE,60605
919507,1,448.0,WALMART,6510 W CHICAGO AVE,60615
333799,31,281.0,COSTCO,5514 W 43RD ST,60640
338148,27,449.0,CVS PHARMACY,4321 S COTTAGE GROVE AVE,60603
294354,40,728.0,POTBELLY,7883 W 63RD ST,60627
901735,21,790.0,KRAFT FOODS,3382 W NORTH AVE,60637
212322,19,730.0,WALMART,3025 W DEVON AVE,60629
871221,14,496.0,SHELL STATION,4438 W 63RD ST,60617
870306,19,612.0,JEWEL OSCO,2270 W 43RD ST,60617
182688,24,248.0,ADVANCE AUTO,7918 W NORTH AVE,60627
942267,34,576.0,SPEEDWAY,5004 W IRVING PARK RD,60633
637442,21,403.0,WALMART,9432 W 43RD ST,60634
105680,40,658.0,TARGET,1359 S COTTAGE GROVE AVE,60622
822971,35,763.0,SAMS CLUB,5282 S HALSTED ST,60636
893558,12,854.0,CVS PHARMACY,7919 S HALSTED ST,60602
798751,10,868.0,CVS PHARMACY,9477 W 63RD ST,60608
709056,44,254.0,ALDI,9761 N CLARK ST,60640
685201,43,719.0,MCDONALD'S,8005 N BROADWAY,60640
620687,45,247.0,LOU MALNATIS,9402 N BROADWAY,60609
426677,6,569.0,MARIANO'S,2495 S COTTAGE GROVE AVE,60634
344069,18,264.0,COSTCO,5009 N WESTERN AVE,60627
512288,24,601.0,AUTOZONE,9036 S HALSTED ST,60601
336207,14,397.0,SAMS CLUB,5419 N MICHIGAN AVE,60610
60546,14,551.0,STARBUCKS,2289 S COTTAGE GROVE AVE,60625
606078,17,521.0,WALMART,7274 N CICERO AVE,60626
960049,13,420.0,LOWES,6590 S COTTAGE GROVE AVE,60639
211720,45,594.0,SUBWAY,3488 S HOUSTON AVE,60613
825291,42,242.0,NEYBOUR'S TAVERN,2685 N SOUTHPORT AVE,60612
148938,10,627.0,DUNKIN DONUTS,8058 N WESTERN AVE,60638
713772,10,141.0,SEVEN ELEVEN,6837 W MADISON ST,60632
29337,1,992.0,POTBELLY,121 W 43RD ST,60615
92037,28,765.0,BP GAS STATION,3780 N BROADWAY,60634
551696,30,286.0,DUNKIN DONUTS,4089 W IRVING PARK RD,60608
366578,30,726.0,CVS PHARMACY,7962 W 43RD ST,60605
744602,15,734.0,DOMINICKS,897 W CHICAGO AVE,60638
258693,48,124.0,MARIANO'S,2753 N MICHIGAN AVE,60601
165170,25,921.0,CVS PHARMACY,184 W DEVON AVE,60605
678259,40,615.0,SHELL STATION,5415 W 63RD ST,60622
543377,30,638.0,TARGET,7094 S STATE ST,60631
519501,16,627.0,KRAFT FOODS,8382 S COTTAGE GROVE AVE,60629
693198,33,306.0,MCDONALD'S,9962 N MICHIGAN AVE,60619
576441,35,734.0,TRADER JOES,8039 S WABASH AVE,60615
527790,30,986.0,DOMINICKS,7366 W IRVING PARK RD,60613
769612,37,591.0,ALDI,4191 N WESTERN AVE,60625
711987,43,367.0,BP GAS STATION,5359 W NORTH AVE,60627
667441,22,616.0,AUTOZONE,3264 S WABASH AVE,60613
874441,18,979.0,SAMS CLUB,4916 S PULASKI RD,60639
349528,35,499.0,STARBUCKS,3464 N CICERO AVE,60610
447240,11,467.0,BP GAS STATION,1976 N MICHIGAN AVE,60610
105836,31,836.0,REGGIE'S BAR & GRILL,710 W CHICAGO AVE,60620
494222,1,523.0,PORTILLOS,9407 W 43RD ST,60605
991900,9,420.0,MCDONALD'S,1919 N SOUTHPORT AVE,60616
689331,32,872.0,ALDI,6720 S HOUSTON AVE,60605
592283,5,849.0,MARIANO'S,3212 S ARCHER AVE,60615
921750,37,716.0,TARGET,2431 S HOUSTON AVE,60634
923112,25,369.0,SUBWAY,7643 S COTTAGE GROVE AVE,60634
70987,3,865.0,DOMINICKS,9154 S PULASKI RD,60624
574702,49,387.0,BP GAS STATION,8000 W MADISON ST,60614
196405,22,290.0,AUTOZONE,5795 S PULASKI RD,60628
654425,30,347.0,LOWES,6286 S WABASH AVE,60604
554058,14,411.0,PORTILLOS,7498 N SOUTHPORT AVE,60624
164558,28,891.0,POTBELLY,7269 N SOUTHPORT AVE,60609
846662,16,118.0,ALDI,2595 W DEVON AVE,60612
803693,19,677.0,TARGET,3640 N MICHIGAN AVE,60624
485252,28,385.0,SPEEDWAY,2445 N SOUTHPORT AVE,60625
594749,19,597.0,SPEEDWAY,7799 S WABASH AVE,60622
948470,37,771.0,DUNKIN DONUTS,3699 S STATE ST,60606
640655,5,152.0,AUTOZONE,7324 N SOUTHPORT AVE,60602
839112,37,574.0,PIZZA HUT,2056 S ARCHER AVE,60611
744418,24,441.0,TONY'S FINER FOODS,4173 N CICERO AVE,60621
720893,14,897.0,SHELL STATION,7875 S COTTAGE GROVE AVE,60628
382784,22,883.0,MCDONALD'S,1749 S HOUSTON AVE,60619
661436,16,694.0,CVS PHARMACY,5462 N MICHIGAN AVE,60607
846230,27,481.0,TONY'S FINER FOODS,6643 S COTTAGE GROVE AVE,60613
81586,7,359.0,CVS PHARMACY,1288 W 43RD ST,60603
576123,33,731.0,LOU MALNATIS,9492 N SOUTHPORT AVE,60605
593275,4,139.0,DOMINICKS,3143 S STATE ST,60616
660134,10,245.0,WHOLE FOODS,372 S STATE ST,60618
537327,7,647.0,PORTILLOS,7167 W 63RD ST,60632
492311,29,297.0,AUTOZONE,8724 W NORTH AVE,60607
252845,34,541.0,KRAFT FOODS,5995 N CICERO AVE,60621
502232,38,774.0,ALDI,1747 S COTTAGE GROVE AVE,60607
66794,40,412.0,AUTOZONE,1552 S WABASH AVE,60609
278577,17,218.0,CELINA DELI,9076 W 63RD ST,60634
676345,45,980.0,SAMS CLUB,4279 N SOUTHPORT AVE,60637
302654,13,506.0,POTBELLY,2795 S ARCHER AVE,60610
331137,16,538.0,AUTOZONE,421 W NORTH AVE,60632
955793,40,818.0,LOWES,2466 S HOUSTON AVE,60606
294249,48,575.0,PIZZA HUT,9290 N MICHIGAN AVE,60610
878489,42,576.0,GIORDANOS,2313 S HALSTED ST,60632
451510,45,201.0,AUTOZONE,4729 W 63RD ST,60619
576054,43,426.0,HOME DEPOT,4513 W 43RD ST,60621
635692,39,760.0,WALMART,9594 N SOUTHPORT AVE,60620
296489,9,380.0,POTBELLY,6057 N WESTERN AVE,60604
575759,27,124.0,CVS PHARMACY,1593 S COTTAGE GROVE AVE,60623
341216,22,416.0,NEYBOUR'S TAVERN,4955 S PULASKI RD,60640
362397,19,466.0,DUNKIN DONUTS,3200 S COTTAGE GROVE AVE,60616
568472,1,654.0,WALMART,916 S COTTAGE GROVE AVE,60640
844117,49,183.0,SHELL STATION,6514 S HALSTED ST,60617
585988,43,386.0,KRAFT FOODS,5186 W 43RD ST,60614
259227,30,245.0,GIORDANOS,5658 S HALSTED ST,60613
733621,12,780.0,DUNKIN DONUTS,4157 N BROADWAY,60613
945636,7,721.0,MARIANO'S,524 N CLARK ST,60615
328389,22,730.0,ADVANCE AUTO,8314 W NORTH AVE,60628
126053,13,992.0,POTBELLY,1817 S COTTAGE GROVE AVE,60627
454441,20,402.0,CVS PHARMACY,493 W MADISON ST,60604
946701,43,746.0,LOWES,8183 N WESTERN AVE,60635
79638,49,765.0,PORTILLOS,7715 W IRVING PARK RD,60635
939640,28,225.0,MARIANO'S,7267 S PULASKI RD,60625
142366,21,263.0,KRAFT FOODS,1564 N CLARK ST,60607
189985,11,409.0,CELINA DELI,5732 W 63RD ST,60619
822854,47,231.0,MARIANO'S,5743 W IRVING PARK RD,60603
149063,34,505.0,LOU MALNATIS,3403 W 63RD ST,60607
211315,25,368.0,COSTCO,268 S STATE ST,60610
790542,30,784.0,CVS PHARMACY,8032 W MADISON ST,60616
974889,43,881.0,COSTCO,5164 S HALSTED ST,60603
982956,19,443.0,STARBUCKS,5577 S WABASH AVE,60631
866763,28,351.0,LOU MALNATIS,7446 W DEVON AVE,60606
292960,9,682.0,AUTOZONE,8452 N BROADWAY,60624
361312,28,514.0,DUNKIN DONUTS,2939 N CLARK ST,60626
418273,33,893.0,POTBELLY,4904 W IRVING PARK RD,60623
23949,18,486.0,JEWEL OSCO,5945 S PULASKI RD,60625
722403,20,968.0,DUNKIN DONUTS,8608 S WABASH AVE,60638
917354,30,687.0,PORTILLOS,1731 N CLARK ST,60630
908447,27,481.0,MARIANO'S,8457 N CICERO AVE,60617
244338,32,264.0,CELINA DELI,8900 W IRVING PARK RD,60612
656926,39,176.0,LOWES,4302 S STATE ST,60606
736682,43,984.0,AUTOZONE,5915 S HOUSTON AVE,60630
136360,23,887.0,KRAFT FOODS,7824 S WABASH AVE,60637
315762,27,216.0,LOU MALNATIS,1698 S STATE ST,60616
287954,10,687.0,COSTCO,1902 N MICHIGAN AVE,60628
672691,24,602.0,SAMS CLUB,6970 S COTTAGE GROVE AVE,60617
100806,7,954.0,TONY'S FINER FOODS,9889 S COTTAGE GROVE AVE,60633
910280,38,109.0,ALDI,5685 S PULASKI RD,60621
95545,35,858.0,KRAFT FOODS,6699 N MICHIGAN AVE,60608
93852,34,960.0,TONY'S FINER FOODS,3893 S HOUSTON AVE,60621
794612,22,505.0,ADVANCE AUTO,3875 W MADISON ST,60613
354607,21,918.0,NEYBOUR'S TAVERN,5367 S WABASH AVE,60610
422984,27,462.0,SUBWAY,2684 N SOUTHPORT AVE,60626
787383,36,859.0,MCDONALD'S,4685 N CLARK ST,60612
293589,38,680.0,COSTCO,7455 W MADISON ST,60614
702212,29,181.0,WHOLE FOODS,5009 W IRVING PARK RD,60626
459005,41,134.0,KRAFT FOODS,9707 S COTTAGE GROVE AVE,60618
850387,1,446.0,REGGIE'S BAR & GRILL,7517 N WESTERN AVE,60606
887702,47,797.0,JEWEL OSCO,4000 W 63RD ST,60629
231026,12,502.0,AUTOZONE,4338 S PULASKI RD,60611
612772,37,139.0,WALMART,7610 N MICHIGAN AVE,60620
271639,9,197.0,MCDONALD'S,6887 S HALSTED ST,60611
407479,48,127.0,CVS PHARMACY,9871 S WABASH AVE,60638
851554,34,250.0,WHOLE FOODS,3174 W 43RD ST,60619
965606,20,699.0,ALDI,8268 W 43RD ST,60601
339596,32,406.0,MARIANO'S,6875 N BROADWAY,60610
324916,50,497.0,PORTILLOS,3822 S WABASH AVE,60613
846659,21,605.0,NEYBOUR'S TAVERN,1196 S ARCHER AVE,60610
104674,12,236.0,WALMART,8394 S HALSTED ST,60604
278941,25,123.0,HONEYBEERS,7957 S STATE ST,60624
346365,27,816.0,CELINA DELI,3410 W IRVING PARK RD,60640
813962,27,570.0,CELINA DELI,3357 S PULASKI RD,60639
138380,32,189.0,STARBUCKS,4495 W 63RD ST,60625
873578,50,912.0,PORTILLOS,8241 W 43RD ST,60633
644283,28,268.0,WALMART,1963 W MADISON ST,60639
415780,31,310.0,WALMART,3755 N SOUTHPORT AVE,60635
723332,10,662.0,MCDONALD'S,5369 S STATE ST,60623
621090,27,243.0,PORTILLOS,1659 S WABASH AVE,60607
8029,9,790.0,DUNKIN DONUTS,4217 N CLARK ST,60619
264338,26,367.0,GIORDANOS,9976 W CHICAGO AVE,60637
315973,11,560.0,MCDONALD'S,5734 S ARCHER AVE,60634
779572,34,412.0,CVS PHARMACY,677 W 63RD ST,60606
846155,14,910.0,PORTILLOS,2867 N CICERO AVE,60636
529034,38,986.0,AUTOZONE,7946 N MICHIGAN AVE,60611
417198,26,756.0,MCDONALD'S,4360 S COTTAGE GROVE AVE,60639
307902,11,527.0,AUTOZONE,4849 S ARCHER AVE,60610
655516,42,288.0,POTBELLY,3862 W DEVON AVE,60602
923545,33,605.0,ADVANCE AUTO,2765 W 63RD ST,60616
235284,46,323.0,KRAFT FOODS,8573 W 63RD ST,60633
260608,23,887.0,MCDONALD'S,2677 W NORTH AVE,60623
778406,2,263.0,SUBWAY,4692 W CHICAGO AVE,60609
874774,24,594.0,CVS PHARMACY,1177 W IRVING PARK RD,60610
434015,48,547.0,PORTILLOS,3947 N CICERO AVE,60608
343846,16,112.0,TONY'S FINER FOODS,6995 N CLARK ST,60611
179902,21,446.0,MCDONALD'S,3863 N SOUTHPORT AVE,60612
775764,47,224.0,MCDONALD'S,1243 N CLARK ST,60618
212707,22,254.0,CVS PHARMACY,5373 N SOUTHPORT AVE,60614
682417,8,,HOME DEPOT,2144 W 63RD ST,60611
306418,35,221.0,SPEEDWAY,527 W CHICAGO AVE,60618
678834,30,577.0,ADVANCE AUTO,8343 S ARCHER AVE,60633
901547,21,452.0,WALMART,4243 N BROADWAY,60611
501022,46,754.0,TRADER JOES,825 S ARCHER AVE,60619
707932,40,306.0,KRAFT FOODS,3669 W 43RD ST,60630
497566,43,947.0,ALDI,8868 W MADISON ST,60628
160047,37,594.0,WHOLE FOODS,3226 N MICHIGAN AVE,60631
657933,3,818.0,REGGIE'S BAR & GRILL,9822 N MICHIGAN AVE,60608
166653,13,449.0,GIORDANOS,4250 N CLARK ST,60619
115926,26,160.0,DUNKIN DONUTS,3152 W 43RD ST,60622
325207,24,645.0,DUNKIN DONUTS,7312 S ARCHER AVE,60636
878503,2,800.0,DUNKIN DONUTS,7091 N CLARK ST,60629
594128,43,335.0,ALDI,3272 W MADISON ST,60631
484488,46,486.0,BUONA BEEF,6749 N WESTERN AVE,60623
576863,3,750.0,NEYBOUR'S TAVERN,5452 S HOUSTON AVE,60637
777508,19,915.0,AUTOZONE,5657 N MICHIGAN AVE,60630
589768,9,928.0,SAMS CLUB,9868 S STATE ST,60637
580000,25,536.0,TRADER JOES,4742 N CICERO AVE,60612
30997,19,512.0,TRADER JOES,485 S WABASH AVE,60613
341355,26,330.0,HONEYBEERS,6982 W CHICAGO AVE,60614
811395,22,312.0,WALMART,5140 S PULASKI RD,60623
930234,29,671.0,COSTCO,8174 S HOUSTON AVE,60623
115321,15,829.0,ADVANCE AUTO,9190 W 43RD ST,60606
712357,28,142.0,SEVEN ELEVEN,3309 N CLARK ST,60624
441659,33,401.0,SAMS CLUB,2767 N CICERO AVE,60612
177394,22,769.0,TONY'S FINER FOODS,9808 W CHICAGO AVE,60633
315999,1,757.0,JEWEL OSCO,5256 W NORTH AVE,60620
981969,7,818.0,PIZZA HUT,7116 N WESTERN AVE,60637
205125,7,763.0,SUBWAY,9269 S COTTAGE GROVE AVE,60639
196107,11,809.0,NEYBOUR'S TAVERN,6851 W MADISON ST,60619
799144,48,265.0,WHOLE FOODS,2617 W CHICAGO AVE,60634
83178,11,469.0,WALMART,3787 W 43RD ST,60636
732305,12,565.0,ALDI,2800 S HALSTED ST,60640
862374,4,794.0,WALMART,5768 N CLARK ST,60625
808339,35,604.0,PORTILLOS,3913 W DEVON AVE,60626
724303,42,115.0,AUTOZONE,6179 S HOUSTON AVE,60613
64801,30,654.0,MARIANO'S,657 N BROADWAY,60625
159937,42,444.0,SHELL STATION,3383 W IRVING PARK RD,60617
626465,47,737.0,TARGET,7603 W MADISON ST,60611
971699,44,270.0,KRAFT FOODS,3942 N MICHIGAN AVE,60628
382570,22,526.0,NEYBOUR'S TAVERN,5485 N MICHIGAN AVE,60601
276517,25,853.0,BUONA BEEF,4972 W NORTH AVE,60630
388744,46,859.0,MARIANO'S,2273 W CHICAGO AVE,60615
845862,26,491.0,DOMINICKS,5426 W IRVING PARK RD,60606
721109,18,666.0,HONEYBEERS,2022 N WESTERN AVE,60606
131318,3,605.0,PORTILLOS,2305 S HOUSTON AVE,60640
645940,47,643.0,CELINA DELI,2136 S HOUSTON AVE,60632
355471,27,672.0,SEVEN ELEVEN,9291 W 63RD ST,60613
900045,12,156.0,HOME DEPOT,8727 N WESTERN AVE,60614
963846,45,962.0,REGGIE'S BAR & GRILL,8729 W 43RD ST,60624
830655,14,338.0,KRAFT FOODS,9736 N MICHIGAN AVE,60626
423540,14,161.0,TARGET,4209 W CHICAGO AVE,60632
754338,34,772.0,WALGREENS,9127 S HOUSTON AVE,60614
44488,19,661.0,CELINA DELI,5643 S PULASKI RD,60611
851851,1,151.0,TARGET,4998 N WESTERN AVE,60613
133113,10,689.0,ADVANCE AUTO,4148 N BROADWAY,60632
255015,46,218.0,HONEYBEERS,7948 N BROADWAY,60640
14082,17,959.0,WHOLE FOODS,6429 S STATE ST,60635
55405,10,824.0,LOU MALNATIS,3070 W DEVON AVE,60617
198061,50,158.0,WALGREENS,4827 N BROADWAY,60620
63306,21,875.0,COSTCO,7560 S STATE ST,60617
124175,28,586.0,BUONA BEEF,2037 S PULASKI RD,60617
809535,17,254.0,DUNKIN DONUTS,3978 N CICERO AVE,60617
84877,4,639.0,LOU MALNATIS,5477 W CHICAGO AVE,60627
66555,9,107.0,WALMART,1823 W 43RD ST,60631
458859,46,223.0,GIORDANOS,9034 N CICERO AVE,60634
380984,1,875.0,PIZZA HUT,901 N BROADWAY,60633
754529,46,143.0,SAMS CLUB,3006 W IRVING PARK RD,60605
851693,6,728.0,REGGIE'S BAR & GRILL,3765 N SOUTHPORT AVE,60601
398274,15,473.0,DOMINICKS,3494 W IRVING PARK RD,60614
709730,29,922.0,DUNKIN DONUTS,2027 N CLARK ST,60628
196087,16,823.0,MARIANO'S,8888 S WABASH AVE,60623
220414,31,629.0,SEVEN ELEVEN,7176 S PULASKI RD,60612
183944,13,197.0,BUONA BEEF,451 N CICERO AVE,60616
666381,44,685.0,HONEYBEERS,1034 W DEVON AVE,60627
965853,16,698.0,CELINA DELI,6286 S STATE ST,60634
997901,28,244.0,WALMART,9337 S HALSTED ST,60631
822425,9,407.0,PIZZA HUT,9404 S COTTAGE GROVE AVE,60630
397153,49,343.0,BP GAS STATION,7100 W IRVING PARK RD,60612
738655,17,358.0,CELINA DELI,6975 S COTTAGE GROVE AVE,60636
602793,2,171.0,ADVANCE AUTO,6746 W 63RD ST,60630
786605,48,479.0,SAMS CLUB,6569 S WABASH AVE,60604
448731,3,238.0,MARIANO'S,4060 S ARCHER AVE,60605
370373,19,151.0,POTBELLY,443 S STATE ST,60623
851752,18,731.0,HOME DEPOT,9184 N CLARK ST,60640
816700,28,939.0,KRAFT FOODS,4019 S STATE ST,60622
759663,17,904.0,SEVEN ELEVEN,1527 S ARCHER AVE,60639
714240,35,468.0,SPEEDWAY,8428 N CLARK ST,60615
728514,14,343.0,STARBUCKS,442 N MICHIGAN AVE,60612
101277,34,190.0,BP GAS STATION,5873 N CICERO AVE,60607
5801,22,941.0,BUONA BEEF,2318 S HOUSTON AVE,60609
583252,47,611.0,SUBWAY,2833 S COTTAGE GROVE AVE,60602
112110,21,368.0,CVS PHARMACY,2633 N BROADWAY,60628
884254,36,623.0,SAMS CLUB,9145 N CICERO AVE,60608
67358,43,883.0,HONEYBEERS,6152 S STATE ST,60612
25197,19,621.0,PIZZA HUT,9658 S HOUSTON AVE,60631
488300,45,238.0,MARIANO'S,2208 N SOUTHPORT AVE,60609
910083,12,788.0,BP GAS STATION,7412 N MICHIGAN AVE,60604
938610,33,698.0,KRAFT FOODS,8965 N SOUTHPORT AVE,60619
631138,8,585.0,ALDI,7267 S COTTAGE GROVE AVE,60630
707747,25,465.0,TONY'S FINER FOODS,3213 S ARCHER AVE,60603
736265,13,227.0,DOMINICKS,8115 S ARCHER AVE,60607
60922,27,621.0,PIZZA HUT,1476 N WESTERN AVE,60623
267750,4,733.0,DUNKIN DONUTS,371 N SOUTHPORT AVE,60618
809631,25,358.0,TONY'S FINER FOODS,5450 S WABASH AVE,60633
155149,14,752.0,NEYBOUR'S TAVERN,736 N BROADWAY,60636
130565,41,747.0,HOME DEPOT,1227 W CHICAGO AVE,60613
717068,31,704.0,PORTILLOS,4310 W 63RD ST,60640
628800,39,800.0,POTBELLY,2481 W 43RD ST,60608
862557,31,392.0,COSTCO,3024 S WABASH AVE,60621
510292,18,887.0,STARBUCKS,2353 N WESTERN AVE,60619
616690,38,183.0,BP GAS STATION,6688 N CLARK ST,60632
249624,19,771.0,TRADER JOES,6360 S WABASH AVE,60608
345690,21,961.0,MARIANO'S,736 S WABASH AVE,60626
325971,29,106.0,DUNKIN DONUTS,5421 N BROADWAY,60611
429393,2,820.0,POTBELLY,8088 S STATE ST,60636
336900,25,881.0,DOMINICKS,2412 N WESTERN AVE,60614
160800,40,229.0,SEVEN ELEVEN,2897 N CLARK ST,60617
272565,33,736.0,SPEEDWAY,439 W MADISON ST,60627
791751,27,990.0,SPEEDWAY,7415 W DEVON AVE,60623
144413,32,694.0,ALDI,8500 N MICHIGAN AVE,60618
753334,21,962.0,PORTILLOS,7267 N MICHIGAN AVE,60604
33464,13,486.0,WHOLE FOODS,9265 N MICHIGAN AVE,60638
337269,4,613.0,DUNKIN DONUTS,333 W DEVON AVE,60629
833901,36,487.0,PORTILLOS,9253 W IRVING PARK RD,60619
45260,10,645.0,SUBWAY,9538 S STATE ST,60604
448686,35,290.0,TONY'S FINER FOODS,3507 N BROADWAY,60634
202911,43,568.0,TONY'S FINER FOODS,5263 S STATE ST,60615
894060,43,183.0,WALGREENS,1941 N BROADWAY,60601
992472,48,370.0,AUTOZONE,9787 W NORTH AVE,60622
399667,49,552.0,KRAFT FOODS,217 N SOUTHPORT AVE,60609
595624,40,179.0,STARBUCKS,1554 W DEVON AVE,60616
789144,42,935.0,POTBELLY,3950 W MADISON ST,60602
823514,36,742.0,BUONA BEEF,530 S PULASKI RD,60610
379400,47,348.0,CVS PHARMACY,3842 W 63RD ST,60621
501741,31,147.0,KRAFT FOODS,8412 S HALSTED ST,60637
401189,10,422.0,SEVEN ELEVEN,6856 S WABASH AVE,60621
359862,32,175.0,SPEEDWAY,1285 N SOUTHPORT AVE,60601
189364,45,982.0,TRADER JOES,5420 N CICERO AVE,60627
353668,32,264.0,LOWES,4157 N WESTERN AVE,60619
77245,47,450.0,TONY'S FINER FOODS,9514 N WESTERN AVE,60623
595301,33,492.0,DUNKIN DONUTS,5357 W NORTH AVE,60615
299843,24,757.0,BUONA BEEF,6170 W DEVON AVE,60615
712099,24,890.0,NEYBOUR'S TAVERN,4555 S WABASH AVE,60628
142611,37,773.0,PIZZA HUT,6819 N BROADWAY,60634
837315,31,434.0,CELINA DELI,7978 W DEVON AVE,60614
103131,5,556.0,ALDI,9604 N BROADWAY,60622
330283,36,238.0,DUNKIN DONUTS,7566 S HALSTED ST,60608
642297,35,456.0,POTBELLY,7492 N SOUTHPORT AVE,60610
761740,34,136.0,DOMINICKS,8174 S HOUSTON AVE,60640
556913,40,763.0,POTBELLY,7182 S STATE ST,60630
479268,19,266.0,LOU MALNATIS,2540 W 43RD ST,60630
433025,10,682.0,SAMS CLUB,1405 N SOUTHPORT AVE,60624
684314,19,210.0,ALDI,6342 W 43RD ST,60601
182553,41,795.0,TONY'S FINER FOODS,8206 W CHICAGO AVE,60615
568949,21,585.0,HOME DEPOT,4162 S COTTAGE GROVE AVE,60603
632633,12,495.0,WALMART,146 S PULASKI RD,60619
240889,47,115.0,TONY'S FINER FOODS,6588 S STATE ST,60627
270037,50,934.0,NEYBOUR'S TAVERN,3856 W CHICAGO AVE,60630
58234,3,251.0,JEWEL OSCO,4872 S STATE ST,60638
276948,6,803.0,LOU MALNATIS,5832 S PULASKI RD,60620
194987,23,434.0,COSTCO,9982 S WABASH AVE,60630
505240,30,530.0,WALMART,1903 W MADISON ST,60634
760183,10,938.0,DOMINICKS,5690 S COTTAGE GROVE AVE,60612
406301,37,936.0,CVS PHARMACY,2279 N WESTERN AVE,60619
339771,49,411.0,ALDI,6303 N SOUTHPORT AVE,60626
66625,21,584.0,REGGIE'S BAR & GRILL,5377 S HOUSTON AVE,60622
705424,1,682.0,STARBUCKS,2853 S PULASKI RD,60609
523568,20,352.0,SEVEN ELEVEN,105 S PULASKI RD,60624
606174,21,413.0,BUONA BEEF,493 N BROADWAY,60607
849678,29,873.0,AUTOZONE,8116 W NORTH AVE,60604
434470,43,244.0,LOU MALNATIS,1029 W DEVON AVE,60630
653361,10,545.0,NEYBOUR'S TAVERN,7457 W NORTH AVE,60638
18383,9,435.0,BP GAS STATION,5402 N SOUTHPORT AVE,60608
324416,6,570.0,SUBWAY,4194 W IRVING PARK RD,60622
644122,35,929.0,LOWES,3947 S COTTAGE GROVE AVE,60603
233833,42,734.0,COSTCO,1873 S COTTAGE GROVE AVE,60634
680167,50,255.0,ALDI,3335 N MICHIGAN AVE,60612
949612,6,490.0,HONEYBEERS,5958 S COTTAGE GROVE AVE,60621
537418,23,543.0,WHOLE FOODS,4055 N BROADWAY,60609
315362,8,515.0,TARGET,3876 N BROADWAY,60610
326070,50,567.0,HOME DEPOT,9139 S PULASKI RD,60607
942477,1,942.0,AUTOZONE,9424 N CICERO AVE,60637
530024,45,153.0,TONY'S FINER FOODS,2864 S HALSTED ST,60619
768017,43,452.0,POTBELLY,446 N CICERO AVE,60613
829338,41,257.0,TARGET,7190 W CHICAGO AVE,60637
495080,10,869.0,GIORDANOS,9126 S WABASH AVE,60636
191121,19,724.0,PORTILLOS,7125 S STATE ST,60629
883507,20,954.0,BUONA BEEF,8178 W DEVON AVE,60607
939685,1,894.0,DUNKIN DONUTS,6798 W 43RD ST,60625
252510,7,408.0,DOMINICKS,2116 N CICERO AVE,60634
740149,32,802.0,WALGREENS,9658 N SOUTHPORT AVE,60637
688041,8,177.0,POTBELLY,6108 W NORTH AVE,60621
494608,8,313.0,ADVANCE AUTO,3881 N CICERO AVE,60623
367315,32,162.0,WALMART,422 S WABASH AVE,60613
478855,25,780.0,ALDI,3392 W DEVON AVE,60634
245862,27,940.0,DUNKIN DONUTS,7505 N CICERO AVE,60621
22436,39,254.0,GIORDANOS,9147 S PULASKI RD,60639
984055,25,608.0,LOU MALNATIS,6417 S WABASH AVE,60626
976762,47,786.0,TONY'S FINER FOODS,3912 W IRVING PARK RD,60624
779300,5,898.0,TONY'S FINER FOODS,714 W DEVON AVE,60604
449187,36,285.0,WALMART,3910 N WESTERN AVE,60622
960874,44,560.0,BUONA BEEF,9865 N WESTERN AVE,60624
356690,29,978.0,SEVEN ELEVEN,3094 W DEVON AVE,60617
932062,10,455.0,MCDONALD'S,7687 N SOUTHPORT AVE,60607
67726,20,108.0,KRAFT FOODS,5930 W 63RD ST,60605
78742,23,369.0,STARBUCKS,455 S COTTAGE GROVE AVE,60613
9747,33,429.0,WHOLE FOODS,8304 S COTTAGE GROVE AVE,60603
254425,38,368.0,PORTILLOS,4015 S WABASH AVE,60609
807132,4,884.0,WHOLE FOODS,318 W IRVING PARK RD,60609
594594,46,154.0,STARBUCKS,1566 W 43RD ST,60626
739447,43,623.0,LOU MALNATIS,4896 N CICERO AVE,60603
736824,12,670.0,SHELL STATION,1059 N WESTERN AVE,60616
388456,18,620.0,PIZZA HUT,4182 S HOUSTON AVE,60624
524191,13,143.0,HOME DEPOT,6687 N MICHIGAN AVE,60619
610177,37,553.0,CELINA DELI,1463 S COTTAGE GROVE AVE,60627
836275,18,296.0,GIORDANOS,2570 S PULASKI RD,60626
488752,16,516.0,SEVEN ELEVEN,2153 S HOUSTON AVE,60614
926091,16,283.0,PIZZA HUT,3452 N WESTERN AVE,60637
944031,39,537.0,GIORDANOS,6599 W NORTH AVE,60605
274494,39,423.0,STARBUCKS,1179 N CICERO AVE,60606
525536,46,487.0,GIORDANOS,8785 W DEVON AVE,60613
718390,22,230.0,DOMINICKS,2093 W MADISON ST,60617
312373,28,421.0,COSTCO,1145 S HOUSTON AVE,60629
681026,47,458.0,HOME DEPOT,3096 W MADISON ST,60622
576761,49,476.0,PORTILLOS,1268 S HOUSTON AVE,60607
59265,36,577.0,CELINA DELI,5815 W 63RD ST,60631
668266,43,902.0,SAMS CLUB,1520 S STATE ST,60633
124862,33,449.0,LOWES,1002 N SOUTHPORT AVE,60603
448313,34,672.0,MCDONALD'S,7327 S WABASH AVE,60628
600779,12,687.0,SHELL STATION,3018 W NORTH AVE,60638
695888,39,536.0,CELINA DELI,7595 N CLARK ST,60611
87868,21,589.0,JEWEL OSCO,7918 W MADISON ST,60618
557179,21,498.0,MCDONALD'S,423 S ARCHER AVE,60605
377965,36,723.0,PORTILLOS,3271 W 63RD ST,60617
73521,34,186.0,REGGIE'S BAR & GRILL,2687 W 63RD ST,60604
594825,45,775.0,DUNKIN DONUTS,8917 N MICHIGAN AVE,60609
508104,36,452.0,TRADER JOES,940 N SOUTHPORT AVE,60619
451303,20,981.0,KRAFT FOODS,1116 S PULASKI RD,60601
619818,16,816.0,PORTILLOS,962 S STATE ST,60613
31869,10,361.0,TONY'S FINER FOODS,7583 W CHICAGO AVE,60630
415613,48,655.0,BUONA BEEF,6056 S WABASH AVE,60610
873583,44,762.0,CELINA DELI,7982 W NORTH AVE,60610
377503,18,468.0,STARBUCKS,5800 S ARCHER AVE,60604
491078,21,191.0,ALDI,4252 N SOUTHPORT AVE,60636
668073,1,571.0,BUONA BEEF,9020 N CICERO AVE,60617
261211,37,750.0,SPEEDWAY,7196 W 63RD ST,60604
667085,29,723.0,ADVANCE AUTO,9888 N SOUTHPORT AVE,60630
976542,40,810.0,ADVANCE AUTO,2146 W NORTH AVE,60622
942973,30,894.0,JEWEL OSCO,4224 S ARCHER AVE,60625
45911,2,917.0,HOME DEPOT,831 W 63RD ST,60605
724943,9,498.0,LOWES,8647 W 43RD ST,60626
46164,34,262.0,TARGET,3897 W DEVON AVE,60625
125283,49,645.0,BP GAS STATION,9909 S ARCHER AVE,60610
644473,28,732.0,WALGREENS,7905 W 63RD ST,60617
55552,21,946.0,TONY'S FINER FOODS,420 S ARCHER AVE,60618
916395,31,303.0,WALGREENS,4378 S WABASH AVE,60603
282881,7,374.0,DUNKIN DONUTS,1998 S HALSTED ST,60605
722664,25,153.0,SHELL STATION,3771 S COTTAGE GROVE AVE,60610
431287,17,620.0,DOMINICKS,6785 W MADISON ST,60634
497310,25,642.0,LOU MALNATIS,3475 N MICHIGAN AVE,60621
314904,44,572.0,LOWES,9002 W 63RD ST,60605
297385,47,503.0,WHOLE FOODS,6836 S WABASH AVE,60626
753583,16,476.0,CELINA DELI,4679 N WESTERN AVE,60633
892879,44,201.0,JEWEL OSCO,6178 S COTTAGE GROVE AVE,60637
487524,43,922.0,COSTCO,3231 W CHICAGO AVE,60608
245097,47,619.0,PORTILLOS,1197 N WESTERN AVE,60632
325425,37,169.0,STARBUCKS,4433 W MADISON ST,60635
112337,48,432.0,ADVANCE AUTO,128 S HALSTED ST,60611
784753,2,703.0,AUTOZONE,7666 N CLARK ST,60627
70488,31,887.0,WALGREENS,2843 N BROADWAY,60631
356965,32,560.0,JEWEL OSCO,6267 N CLARK ST,60629
392997,7,211.0,LOU MALNATIS,3165 S STATE ST,60609
517833,30,596.0,WALMART,4470 N CLARK ST,60637
137077,49,929.0,BUONA BEEF,6238 S ARCHER AVE,60637
569613,2,621.0,LOU MALNATIS,1728 W DEVON AVE,60624
205735,39,752.0,SUBWAY,8939 N CLARK ST,60602
125547,18,900.0,TARGET,5382 S HALSTED ST,60611
586376,1,953.0,ADVANCE AUTO,1099 S WABASH AVE,60601
730771,12,295.0,MCDONALD'S,1895 W MADISON ST,60613
476533,31,530.0,SPEEDWAY,1255 S PULASKI RD,60609
960397,33,368.0,COSTCO,8987 S PULASKI RD,60636
574723,30,296.0,WALGREENS,6093 S HALSTED ST,60640
281179,47,777.0,ALDI,2343 W 43RD ST,60636
920653,1,290.0,HOME DEPOT,6609 W 43RD ST,60620
616888,47,919.0,BUONA BEEF,1168 S WABASH AVE,60618
483255,28,578.0,DOMINICKS,6950 N CLARK ST,60637
128257,46,309.0,ALDI,4640 W DEVON AVE,60639
410383,43,607.0,SPEEDWAY,7379 N BROADWAY,60620
433492,35,849.0,POTBELLY,4055 N MICHIGAN AVE,60616
464007,12,924.0,DOMINICKS,3877 N CICERO AVE,60618
88342,32,428.0,LOWES,7907 N MICHIGAN AVE,60632
652104,34,913.0,JEWEL OSCO,3732 N WESTERN AVE,60611
497270,18,112.0,ADVANCE AUTO,767 W 43RD ST,60604
458854,36,227.0,CVS PHARMACY,9920 W 63RD ST,60638
598889,32,875.0,HONEYBEERS,751 N SOUTHPORT AVE,60617
93166,8,824.0,STARBUCKS,7585 W IRVING PARK RD,60621
481458,15,820.0,WHOLE FOODS,6323 N CLARK ST,60624
342281,35,789.0,SEVEN ELEVEN,5988 S PULASKI RD,60609
15929,8,452.0,MARIANO'S,6939 W CHICAGO AVE,60635
651930,25,826.0,KRAFT FOODS,7707 W NORTH AVE,60606
420770,31,452.0,HONEYBEERS,6295 S HOUSTON AVE,60624
524701,34,462.0,HONEYBEERS,6370 N BROADWAY,60616
394086,17,865.0,CVS PHARMACY,3424 W 43RD ST,60625
484756,32,116.0,KRAFT FOODS,9807 W CHICAGO AVE,60627
180193,37,391.0,AUTOZONE,1452 N SOUTHPORT AVE,60602
49573,10,719.0,SAMS CLUB,2901 N SOUTHPORT AVE,60633
127007,30,,CVS PHARMACY,4390 S PULASKI RD,60607
832021,17,470.0,ADVANCE AUTO,7198 W NORTH AVE,60615
865791,48,856.0,JEWEL OSCO,977 N SOUTHPORT AVE,60639
668213,14,336.0,SPEEDWAY,1621 S COTTAGE GROVE AVE,60624
995717,19,742.0,PIZZA HUT,5861 S HOUSTON AVE,60639
618974,38,857.0,POTBELLY,9897 S COTTAGE GROVE AVE,60639
651294,13,152.0,TRADER JOES,1302 S ARCHER AVE,60610
390904,4,974.0,JEWEL OSCO,1862 W MADISON ST,60640
222661,12,356.0,POTBELLY,511 N WESTERN AVE,60630
39706,44,419.0,PORTILLOS,3060 S COTTAGE GROVE AVE,60611
95162,47,237.0,KRAFT FOODS,7750 W DEVON AVE,60615
644049,19,298.0,SHELL STATION,4659 W NORTH AVE,60622
107688,26,940.0,AUTOZONE,1841 S HALSTED ST,60603
1722,35,890.0,SAMS CLUB,7491 W MADISON ST,60624
455121,40,729.0,CVS PHARMACY,1989 W 63RD ST,60612
979315,23,382.0,ADVANCE AUTO,4938 W 63RD ST,60628
449617,8,617.0,ADVANCE AUTO,8826 S HOUSTON AVE,60624
804934,4,543.0,SAMS CLUB,3556 S HOUSTON AVE,60617
662150,25,283.0,NEYBOUR'S TAVERN,6301 S HOUSTON AVE,60614
301350,12,319.0,PORTILLOS,5281 S ARCHER AVE,60637
176154,37,342.0,WALMART,232 N WESTERN AVE,60607
808446,29,814.0,LOWES,2275 W 63RD ST,60629
406015,17,843.0,MCDONALD'S,5899 N SOUTHPORT AVE,60622
391513,18,219.0,MARIANO'S,3538 S STATE ST,60617
710532,49,344.0,COSTCO,6151 N CLARK ST,60618
356756,45,921.0,DOMINICKS,5867 N CLARK ST,60623
178342,14,798.0,PORTILLOS,8374 W NORTH AVE,60640
499433,11,926.0,JEWEL OSCO,3859 N WESTERN AVE,60602
487275,3,984.0,TONY'S FINER FOODS,7761 W CHICAGO AVE,60621
105278,18,139.0,KRAFT FOODS,6652 W 43RD ST,60631
147389,27,266.0,BUONA BEEF,2113 S COTTAGE GROVE AVE,60624
887122,40,630.0,SEVEN ELEVEN,2315 W 43RD ST,60619
742479,8,386.0,CVS PHARMACY,4131 W MADISON ST,60631
418540,9,564.0,ADVANCE AUTO,5947 W IRVING PARK RD,60603
294621,22,640.0,HOME DEPOT,9986 N BROADWAY,60627
144852,25,225.0,SAMS CLUB,914 N BROADWAY,60632
553086,4,620.0,TARGET,7413 S STATE ST,60613
944235,38,427.0,ALDI,8733 S WABASH AVE,60632
467987,18,426.0,WHOLE FOODS,7096 S COTTAGE GROVE AVE,60634
854662,17,154.0,DUNKIN DONUTS,2182 N CICERO AVE,60601
821248,3,912.0,JEWEL OSCO,1609 S HALSTED ST,60610
843597,44,604.0,SAMS CLUB,5572 N BROADWAY,60616
296728,22,833.0,MCDONALD'S,305 W 63RD ST,60621
33234,3,919.0,LOU MALNATIS,7497 N CLARK ST,60610
127708,18,985.0,BP GAS STATION,9086 S HALSTED ST,60633
717201,47,506.0,NEYBOUR'S TAVERN,5573 N SOUTHPORT AVE,60624
874955,30,923.0,CVS PHARMACY,3706 S ARCHER AVE,60613
827017,48,112.0,SUBWAY,657 N CICERO AVE,60620
993572,39,667.0,SAMS CLUB,6297 N BROADWAY,60602
614405,42,168.0,STARBUCKS,8409 N WESTERN AVE,60634
381118,24,758.0,REGGIE'S BAR & GRILL,9609 S STATE ST,60606
946188,12,631.0,SHELL STATION,2694 W 63RD ST,60626
715214,37,282.0,LOU MALNATIS,331 N CICERO AVE,60629
455510,6,945.0,STARBUCKS,7877 W 43RD ST,60639
113393,38,611.0,SAMS CLUB,8453 N CLARK ST,60619
546004,13,757.0,WHOLE FOODS,8768 W NORTH AVE,60621
410450,22,370.0,JEWEL OSCO,6950 W MADISON ST,60605
65421,20,648.0,SHELL STATION,695 W NORTH AVE,60626
848340,41,674.0,HONEYBEERS,7839 N CICERO AVE,60613
417387,45,320.0,MCDONALD'S,2640 N BROADWAY,60609
906138,4,695.0,AUTOZONE,4607 N CICERO AVE,60638
347159,44,541.0,PIZZA HUT,543 W CHICAGO AVE,60617
213459,38,985.0,WALMART,1198 S HALSTED ST,60628
937498,1,911.0,KRAFT FOODS,1794 N CLARK ST,60631
975781,44,718.0,SPEEDWAY,3845 W 63RD ST,60621
821852,31,926.0,WALGREENS,8224 W 43RD ST,60636
675330,4,837.0,LOU MALNATIS,8675 W MADISON ST,60635
933364,22,281.0,KRAFT FOODS,6307 N BROADWAY,60630
468412,39,430.0,COSTCO,8778 W IRVING PARK RD,60602
758339,23,358.0,WALMART,6451 S COTTAGE GROVE AVE,60613
864673,30,586.0,DUNKIN DONUTS,5560 N WESTERN AVE,60640
959757,44,195.0,HOME DEPOT,6260 W MADISON ST,60631
936247,30,452.0,CVS PHARMACY,603 S STATE ST,60609
868603,40,273.0,DUNKIN DONUTS,5212 N MICHIGAN AVE,60623
315638,35,388.0,SPEEDWAY,5322 S STATE ST,60611
736933,48,442.0,COSTCO,1583 W IRVING PARK RD,60631
634425,49,645.0,WHOLE FOODS,3327 W CHICAGO AVE,60615
76170,45,393.0,CVS PHARMACY,2536 W NORTH AVE,60615
159193,18,896.0,AUTOZONE,8754 W CHICAGO AVE,60607
284963,37,770.0,BUONA BEEF,6572 S WABASH AVE,60605
350595,21,531.0,STARBUCKS,8665 S HOUSTON AVE,60606
870228,39,878.0,SHELL STATION,6330 N SOUTHPORT AVE,60627
868212,4,727.0,TONY'S FINER FOODS,4600 N CICERO AVE,60608
447628,17,549.0,SAMS CLUB,5673 N BROADWAY,60636
694181,8,803.0,MCDONALD'S,6241 W 63RD ST,60628
859153,12,672.0,PIZZA HUT,7262 N CLARK ST,60607
987626,40,948.0,SUBWAY,2783 W CHICAGO AVE,60619
889238,3,154.0,SPEEDWAY,5307 S HOUSTON AVE,60616
296480,16,599.0,CELINA DELI,304 N CLARK ST,60630
871408,6,939.0,TRADER JOES,5810 S PULASKI RD,60621
7545,20,648.0,CELINA DELI,1231 S ARCHER AVE,60624
204988,34,588.0,SAMS CLUB,1869 W DEVON AVE,60603
663603,5,614.0,SAMS CLUB,2436 W IRVING PARK RD,60614
828620,22,685.0,STARBUCKS,1267 W 63RD ST,60630
933430,35,127.0,TONY'S FINER FOODS,1516 N SOUTHPORT AVE,60607
268341,49,283.0,BP GAS STATION,4282 W 63RD ST,60604
449205,9,762.0,TRADER JOES,332 S HALSTED ST,60640
593231,36,807.0,LOWES,3565 N SOUTHPORT AVE,60632
52423,47,439.0,GIORDANOS,4355 N MICHIGAN AVE,60601
847230,22,651.0,TONY'S FINER FOODS,6536 N WESTERN AVE,60632
982424,31,203.0,CELINA DELI,9131 N CICERO AVE,60636
943533,45,172.0,PORTILLOS,2098 S ARCHER AVE,60621
470832,20,394.0,AUTOZONE,3745 S HOUSTON AVE,60616
83105,27,169.0,PORTILLOS,1564 S HOUSTON AVE,60628
407260,39,429.0,TONY'S FINER FOODS,5939 S ARCHER AVE,60627
195943,17,264.0,CELINA DELI,7751 S ARCHER AVE,60606
501571,2,902.0,JEWEL OSCO,8543 S COTTAGE GROVE AVE,60604
690095,43,838.0,BP GAS STATION,3448 W IRVING PARK RD,60636
978273,34,407.0,BP GAS STATION,9248 N WESTERN AVE,60604
640081,8,331.0,LOWES,3522 W NORTH AVE,60639
328154,31,494.0,TRADER JOES,8930 W DEVON AVE,60612
357321,28,675.0,MARIANO'S,8569 W IRVING PARK RD,60634
687061,15,227.0,NEYBOUR'S TAVERN,917 W IRVING PARK RD,60621
15745,40,179.0,SAMS CLUB,9870 S STATE ST,60607
778011,49,388.0,WHOLE FOODS,1012 S HOUSTON AVE,60626
492858,19,981.0,CELINA DELI,2204 N SOUTHPORT AVE,60614
13564,3,966.0,SHELL STATION,1448 S HOUSTON AVE,60632
587445,6,816.0,HOME DEPOT,2097 W IRVING PARK RD,60640
324557,44,947.0,HONEYBEERS,1094 N CLARK ST,60615
595010,27,658.0,CVS PHARMACY,614 W CHICAGO AVE,60636
386636,39,693.0,SPEEDWAY,5675 W NORTH AVE,60631
968101,44,276.0,MARIANO'S,9385 W DEVON AVE,60632
890731,33,877.0,SEVEN ELEVEN,5439 S COTTAGE GROVE AVE,60612
399720,15,879.0,SPEEDWAY,6341 S ARCHER AVE,60601
141086,13,122.0,GIORDANOS,3673 S HOUSTON AVE,60627
532882,33,141.0,CELINA DELI,474 W CHICAGO AVE,60632
353460,34,358.0,WALGREENS,6121 N CICERO AVE,60621
50252,21,240.0,MARIANO'S,3511 S HALSTED ST,60623
281794,41,735.0,HOME DEPOT,5999 N CLARK ST,60623
502290,24,505.0,ALDI,8697 N SOUTHPORT AVE,60612
697005,24,814.0,GIORDANOS,405 W CHICAGO AVE,60621
526563,34,653.0,SAMS CLUB,917 W DEVON AVE,60616
171717,36,619.0,TARGET,6296 S HOUSTON AVE,60635
970098,44,718.0,PORTILLOS,3802 S HOUSTON AVE,60623
349511,42,119.0,NEYBOUR'S TAVERN,624 N CLARK ST,60604
138982,32,805.0,AUTOZONE,5220 W 63RD ST,60604
927800,35,151.0,SAMS CLUB,1551 S STATE ST,60634
887865,49,180.0,HOME DEPOT,2484 N CLARK ST,60621
775418,5,763.0,AUTOZONE,2163 S WABASH AVE,60631
368331,21,884.0,SHELL STATION,2066 S COTTAGE GROVE AVE,60615
931468,41,454.0,SAMS CLUB,5543 N MICHIGAN AVE,60609
329667,4,209.0,CELINA DELI,7612 N CICERO AVE,60614
476458,27,824.0,PORTILLOS,1512 N SOUTHPORT AVE,60625
928278,41,224.0,PORTILLOS,969 W DEVON AVE,60606
417331,36,652.0,HOME DEPOT,8499 W DEVON AVE,60624
986880,15,573.0,DOMINICKS,153 W DEVON AVE,60637
18878,8,738.0,MCDONALD'S,8376 N CICERO AVE,60615
669431,21,140.0,STARBUCKS,2519 S HALSTED ST,60619
455875,17,189.0,POTBELLY,6818 W 63RD ST,60606
895293,19,826.0,BP GAS STATION,9737 W 43RD ST,60625
115388,26,284.0,CVS PHARMACY,5178 S HALSTED ST,60603
571984,24,324.0,BUONA BEEF,7204 S COTTAGE GROVE AVE,60606
101207,23,459.0,COSTCO,1276 S HALSTED ST,60634
682115,11,156.0,TARGET,9413 W MADISON ST,60613
803421,34,698.0,ALDI,6354 W 63RD ST,60636
386861,23,303.0,SPEEDWAY,3858 N CICERO AVE,60613
249202,29,114.0,STARBUCKS,7946 S PULASKI RD,60621
910016,27,652.0,REGGIE'S BAR & GRILL,3111 N CICERO AVE,60603
377281,26,970.0,LOU MALNATIS,2037 W 63RD ST,60622
744608,18,544.0,TARGET,3559 N SOUTHPORT AVE,60603
228052,4,248.0,LOU MALNATIS,4894 S HALSTED ST,60639
904607,45,247.0,LOU MALNATIS,756 W NORTH AVE,60612
930626,13,695.0,KRAFT FOODS,1037 W IRVING PARK RD,60629
209523,39,272.0,HONEYBEERS,8354 N CICERO AVE,60617
541137,12,407.0,PIZZA HUT,3406 W MADISON ST,60605
715170,6,897.0,POTBELLY,3574 N CICERO AVE,60624
788747,17,961.0,SAMS CLUB,9867 N WESTERN AVE,60635
526145,43,219.0,WALGREENS,484 W 63RD ST,60615
324038,30,946.0,PIZZA HUT,661 N CLARK ST,60637
908642,5,938.0,LOU MALNATIS,9798 N MICHIGAN AVE,60637
864672,40,443.0,DUNKIN DONUTS,5306 W 63RD ST,60614
371633,43,115.0,GIORDANOS,5863 S WABASH AVE,60610
360766,15,831.0,CVS PHARMACY,2466 W IRVING PARK RD,60624
50339,21,218.0,HOME DEPOT,4118 S PULASKI RD,60634
850143,45,720.0,MARIANO'S,9387 W IRVING PARK RD,60602
524954,21,884.0,LOWES,6358 S ARCHER AVE,60640
431796,27,347.0,SHELL STATION,7311 W 63RD ST,60616
798621,48,516.0,SPEEDWAY,1546 N BROADWAY,60609
913464,37,466.0,WHOLE FOODS,9253 S ARCHER AVE,60616
757560,40,711.0,AUTOZONE,4882 S PULASKI RD,60605
454677,40,586.0,DOMINICKS,6572 N CLARK ST,60603
481042,32,788.0,SUBWAY,6980 W CHICAGO AVE,60621
286042,45,241.0,SUBWAY,4883 W NORTH AVE,60623
838747,41,244.0,MCDONALD'S,7926 S COTTAGE GROVE AVE,60640
939830,47,110.0,STARBUCKS,823 W CHICAGO AVE,60639
27180,44,515.0,TARGET,5290 W IRVING PARK RD,60638
488507,20,669.0,HONEYBEERS,3785 S STATE ST,60634
546767,24,962.0,WHOLE FOODS,4115 W MADISON ST,60618
862484,48,586.0,SUBWAY,3227 N SOUTHPORT AVE,60624
953634,34,198.0,AUTOZONE,1653 W CHICAGO AVE,60620
670927,49,471.0,DOMINICKS,5963 S COTTAGE GROVE AVE,60627
104456,13,694.0,STARBUCKS,8486 S WABASH AVE,60637
587361,7,557.0,WALMART,1842 W 63RD ST,60623
485274,7,922.0,WALGREENS,4782 W MADISON ST,60615
191421,8,701.0,NEYBOUR'S TAVERN,5020 W MADISON ST,60626
532496,32,598.0,TARGET,680 W DEVON AVE,60630
73630,12,762.0,DUNKIN DONUTS,4899 N CICERO AVE,60622
258704,34,899.0,LOU MALNATIS,6952 N CICERO AVE,60634
706007,38,909.0,SUBWAY,5614 S COTTAGE GROVE AVE,60631
214105,38,334.0,BUONA BEEF,4153 S PULASKI RD,60612
940358,28,915.0,CVS PHARMACY,6342 S PULASKI RD,60628
466025,1,803.0,MARIANO'S,7360 N CLARK ST,60609
500077,27,766.0,HOME DEPOT,9070 N WESTERN AVE,60630
834635,37,987.0,MCDONALD'S,7668 N CLARK ST,60604
972396,15,237.0,MCDONALD'S,3395 W DEVON AVE,60615
226447,37,563.0,AUTOZONE,2241 W 43RD ST,60612
418955,28,926.0,TONY'S FINER FOODS,2692 N CICERO AVE,60610
128111,13,902.0,SHELL STATION,7948 W CHICAGO AVE,60629
189579,39,763.0,BP GAS STATION,1326 N SOUTHPORT AVE,60640
419974,20,297.0,REGGIE'S BAR & GRILL,5515 S WABASH AVE,60624
479299,28,346.0,MCDONALD'S,1759 S ARCHER AVE,60604
582332,25,344.0,SEVEN ELEVEN,9946 S ARCHER AVE,60615
365403,41,370.0,GIORDANOS,1117 S HOUSTON AVE,60613
347085,50,269.0,HONEYBEERS,4543 W IRVING PARK RD,60637
748468,12,596.0,STARBUCKS,2275 W CHICAGO AVE,60615
108359,11,101.0,TONY'S FINER FOODS,6576 S WABASH AVE,60624
185882,43,231.0,SAMS CLUB,1971 N MICHIGAN AVE,60615
793583,9,266.0,POTBELLY,2834 S WABASH AVE,60614
955920,35,930.0,GIORDANOS,7141 S ARCHER AVE,60616
281962,18,338.0,GIORDANOS,3222 S COTTAGE GROVE AVE,60611
511311,46,185.0,LOWES,2689 W CHICAGO AVE,60623
80709,32,212.0,TARGET,931 W 63RD ST,60625
336136,26,975.0,PIZZA HUT,2787 N CLARK ST,60635
334148,34,764.0,NEYBOUR'S TAVERN,4970 S HOUSTON AVE,60634
325672,7,143.0,HONEYBEERS,3129 S STATE ST,60621
679171,44,724.0,WALGREENS,714 W IRVING PARK RD,60633
81417,5,144.0,TRADER JOES,8596 N MICHIGAN AVE,60602
65526,4,179.0,WHOLE FOODS,5613 N WESTERN AVE,60629
817556,38,161.0,SEVEN ELEVEN,255 S ARCHER AVE,60628
122393,26,415.0,SUBWAY,5902 W DEVON AVE,60604
714910,13,270.0,NEYBOUR'S TAVERN,4916 W MADISON ST,60640
922396,40,778.0,DUNKIN DONUTS,4014 W IRVING PARK RD,60613
334119,27,902.0,TONY'S FINER FOODS,714 W CHICAGO AVE,60605
555698,28,161.0,REGGIE'S BAR & GRILL,8588 N WESTERN AVE,60636
129569,7,899.0,SHELL STATION,3555 S PULASKI RD,60636
218062,42,797.0,BUONA BEEF,1353 S HALSTED ST,60635
272765,49,923.0,BP GAS STATION,6125 W 63RD ST,60639
913521,34,217.0,AUTOZONE,5745 N WESTERN AVE,60624
680882,26,619.0,HOME DEPOT,2718 W CHICAGO AVE,60601
357025,23,736.0,TARGET,5766 S STATE ST,60612
414272,1,483.0,SUBWAY,1641 S WABASH AVE,60639
723292,50,508.0,BP GAS STATION,6144 S COTTAGE GROVE AVE,60615
30036,49,344.0,AUTOZONE,327 W 63RD ST,60621
952844,43,799.0,REGGIE'S BAR & GRILL,5934 W MADISON ST,60613
334614,12,447.0,WALMART,5309 W CHICAGO AVE,60635
839416,42,984.0,AUTOZONE,123 S STATE ST,60605
769925,7,861.0,MCDONALD'S,1761 W NORTH AVE,60633
327217,11,353.0,AUTOZONE,3449 N BROADWAY,60606
718674,24,837.0,BP GAS STATION,9920 N BROADWAY,60636
852885,22,695.0,KRAFT FOODS,4039 S WABASH AVE,60624
677532,20,994.0,JEWEL OSCO,7296 S HOUSTON AVE,60629
847282,49,239.0,MCDONALD'S,4070 W 43RD ST,60629
696794,12,421.0,KRAFT FOODS,6754 S STATE ST,60611
330808,24,370.0,SAMS CLUB,8529 N SOUTHPORT AVE,60629
650789,23,926.0,JEWEL OSCO,8605 N MICHIGAN AVE,60634
783792,27,964.0,SHELL STATION,4024 W NORTH AVE,60616
726078,2,580.0,HOME DEPOT,9112 S ARCHER AVE,60632
773890,30,873.0,JEWEL OSCO,131 S STATE ST,60635
215797,17,442.0,LOWES,4215 N CLARK ST,60609
135470,21,406.0,DUNKIN DONUTS,1948 W DEVON AVE,60633
345143,14,690.0,AUTOZONE,3087 S HALSTED ST,60602
628025,9,489.0,LOU MALNATIS,2613 S WABASH AVE,60615
299031,7,639.0,LOWES,2813 N MICHIGAN AVE,60640
573789,44,637.0,DUNKIN DONUTS,3231 W DEVON AVE,60636
961858,1,374.0,ALDI,7668 W CHICAGO AVE,60610
956019,37,976.0,JEWEL OSCO,3780 S WABASH AVE,60640
595285,16,497.0,BUONA BEEF,8211 N CLARK ST,60622
11131,2,247.0,ALDI,6763 S COTTAGE GROVE AVE,60628
30385,50,339.0,BUONA BEEF,6451 W NORTH AVE,60602
999158,43,923.0,SHELL STATION,1765 S PULASKI RD,60627
608017,17,211.0,PORTILLOS,5849 N CLARK ST,60621
61476,31,912.0,HONEYBEERS,9150 S ARCHER AVE,60610
542664,38,432.0,PIZZA HUT,8873 W 63RD ST,60613
709115,31,561.0,DUNKIN DONUTS,6025 S WABASH AVE,60638
846910,7,388.0,DUNKIN DONUTS,3873 W DEVON AVE,60610
139683,19,501.0,HONEYBEERS,7593 N WESTERN AVE,60637
50155,49,182.0,SPEEDWAY,3365 S PULASKI RD,60610
160887,4,223.0,BP GAS STATION,7832 N BROADWAY,60635
605495,3,244.0,CVS PHARMACY,5861 W 63RD ST,60638
135864,8,719.0,SPEEDWAY,6417 N CICERO AVE,60601
884412,12,959.0,SEVEN ELEVEN,8506 W IRVING PARK RD,60618
707757,30,100.0,SAMS CLUB,5349 W DEVON AVE,60622
533317,20,874.0,ALDI,6768 W 63RD ST,60624
865657,25,510.0,SAMS CLUB,3398 N WESTERN AVE,60638
930292,4,315.0,JEWEL OSCO,440 N BROADWAY,60617
500525,34,912.0,WALMART,1748 N CICERO AVE,60633
295923,45,226.0,CVS PHARMACY,3892 N MICHIGAN AVE,60613
832724,9,583.0,PORTILLOS,6426 S STATE ST,60605
550629,12,468.0,PIZZA HUT,2949 N MICHIGAN AVE,60639
793998,30,128.0,AUTOZONE,1275 N WESTERN AVE,60619
265935,7,411.0,STARBUCKS,5730 W 43RD ST,60609
228145,2,424.0,AUTOZONE,6907 N CLARK ST,60625
200041,44,101.0,GIORDANOS,5701 N CLARK ST,60620
630023,19,455.0,LOWES,464 N CICERO AVE,60638
140157,46,970.0,SUBWAY,1431 S COTTAGE GROVE AVE,60621
723461,5,621.0,COSTCO,2076 S ARCHER AVE,60629
43182,16,931.0,ALDI,5424 W 63RD ST,60607
724205,40,505.0,SUBWAY,4346 N WESTERN AVE,60603
976749,31,320.0,DOMINICKS,7119 S HALSTED ST,60616
196741,2,226.0,TRADER JOES,2142 N MICHIGAN AVE,60621
721283,17,228.0,JEWEL OSCO,1850 S PULASKI RD,60639
588007,24,819.0,LOU MALNATIS,7522 S HALSTED ST,60608
28944,40,864.0,SHELL STATION,818 N CICERO AVE,60604
384977,38,853.0,CELINA DELI,6468 W MADISON ST,60627
522085,35,513.0,LOU MALNATIS,430 W NORTH AVE,60638
738625,42,513.0,GIORDANOS,3257 W IRVING PARK RD,60624
540438,27,969.0,STARBUCKS,3825 N WESTERN AVE,60606
120032,9,287.0,BP GAS STATION,6634 S ARCHER AVE,60625
993185,33,465.0,SAMS CLUB,9593 W IRVING PARK RD,60629
69591,20,435.0,HOME DEPOT,5537 W 43RD ST,60637
616834,10,890.0,SEVEN ELEVEN,1445 N CLARK ST,60626
381295,16,577.0,TARGET,8564 S WABASH AVE,60606
529086,8,969.0,SUBWAY,8760 N WESTERN AVE,60615
13158,17,335.0,SUBWAY,6819 N CICERO AVE,60621
384242,11,893.0,ALDI,8492 S COTTAGE GROVE AVE,60604
183113,46,404.0,TONY'S FINER FOODS,7740 W NORTH AVE,60624
377052,23,233.0,GIORDANOS,8556 S STATE ST,60630
591756,48,370.0,STARBUCKS,5090 S HOUSTON AVE,60605
934536,28,805.0,CELINA DELI,5990 W CHICAGO AVE,60610
688457,35,361.0,PIZZA HUT,2023 N MICHIGAN AVE,60607
356924,36,181.0,HOME DEPOT,3138 S PULASKI RD,60638
970942,20,242.0,CVS PHARMACY,4964 W DEVON AVE,60610
748537,48,872.0,BP GAS STATION,8842 S WABASH AVE,60639
590447,40,285.0,MCDONALD'S,7598 S PULASKI RD,60612
186600,39,177.0,ADVANCE AUTO,4391 N BROADWAY,60607
676000,34,119.0,KRAFT FOODS,6445 W 63RD ST,60601
609007,24,503.0,STARBUCKS,9523 S STATE ST,60613
33413,15,115.0,WALGREENS,9227 W DEVON AVE,60603
796129,24,820.0,SAMS CLUB,7520 N SOUTHPORT AVE,60634
138054,5,626.0,CELINA DELI,4907 S STATE ST,60632
836069,31,940.0,GIORDANOS,8313 N SOUTHPORT AVE,60631
976800,27,556.0,MARIANO'S,4428 N MICHIGAN AVE,60606
41446,15,457.0,JEWEL OSCO,4959 N SOUTHPORT AVE,60623
856515,26,277.0,WALMART,327 S HALSTED ST,60631
61894,16,635.0,BP GAS STATION,8334 W CHICAGO AVE,60632
99391,1,548.0,ALDI,7729 W NORTH AVE,60628
698063,29,262.0,KRAFT FOODS,4726 W NORTH AVE,60602
626393,46,751.0,SEVEN ELEVEN,5649 S STATE ST,60639
942570,14,957.0,SUBWAY,8647 W 63RD ST,60627
651831,30,683.0,PORTILLOS,6005 W CHICAGO AVE,60632
99386,16,755.0,SHELL STATION,7481 W 43RD ST,60629
383643,6,838.0,WALMART,4215 W MADISON ST,60613
343499,6,395.0,TRADER JOES,695 S COTTAGE GROVE AVE,60623
763208,46,187.0,COSTCO,9867 S HOUSTON AVE,60630
477440,35,155.0,HOME DEPOT,7994 S HOUSTON AVE,60631
534145,20,812.0,BP GAS STATION,9998 W MADISON ST,60614
993903,34,821.0,SPEEDWAY,1956 S HALSTED ST,60613
263760,14,830.0,NEYBOUR'S TAVERN,5611 N CICERO AVE,60625
72726,4,792.0,SEVEN ELEVEN,7154 S ARCHER AVE,60610
145020,15,260.0,KRAFT FOODS,1840 S WABASH AVE,60615
259340,33,943.0,CVS PHARMACY,6350 S PULASKI RD,60627
237326,11,477.0,REGGIE'S BAR & GRILL,8870 S STATE ST,60629
192297,8,897.0,TRADER JOES,7274 W 63RD ST,60621
925688,48,977.0,WHOLE FOODS,4813 S STATE ST,60619
408658,4,597.0,CELINA DELI,828 S PULASKI RD,60603
50135,13,440.0,SHELL STATION,1588 W MADISON ST,60639
121706,25,485.0,SPEEDWAY,4633 W MADISON ST,60613
36173,42,299.0,COSTCO,146 S HALSTED ST,60612
439623,3,894.0,JEWEL OSCO,554 N BROADWAY,60605
309202,1,,CVS PHARMACY,8107 N MICHIGAN AVE,60611
557320,8,390.0,LOU MALNATIS,2129 N MICHIGAN AVE,60619
170403,29,744.0,BUONA BEEF,2649 S PULASKI RD,60615
279549,7,300.0,LOU MALNATIS,2651 W NORTH AVE,60601
328047,38,190.0,KRAFT FOODS,9325 W DEVON AVE,60636
368941,16,140.0,TRADER JOES,4721 W IRVING PARK RD,60638
919473,27,690.0,WALGREENS,5264 S HOUSTON AVE,60635
83946,6,208.0,AUTOZONE,3727 S STATE ST,60619
256428,30,631.0,LOWES,7733 S PULASKI RD,60637
17868,23,877.0,HONEYBEERS,7196 W MADISON ST,60623
391841,2,412.0,DOMINICKS,381 W MADISON ST,60623
490292,48,525.0,PIZZA HUT,3971 S PULASKI RD,60618
899586,15,586.0,COSTCO,1879 W 63RD ST,60639
559611,26,593.0,SAMS CLUB,8539 W 43RD ST,60603
732289,6,745.0,ALDI,9316 S ARCHER AVE,60632
533258,32,711.0,BP GAS STATION,9109 S ARCHER AVE,60626
466678,23,879.0,SHELL STATION,9824 N CLARK ST,60609
527994,18,571.0,BP GAS STATION,9040 S STATE ST,60617
271113,47,995.0,TARGET,7733 S WABASH AVE,60612
30766,14,962.0,KRAFT FOODS,8128 S ARCHER AVE,60605
334501,16,865.0,DOMINICKS,7654 S PULASKI RD,60631
226191,41,201.0,SUBWAY,9505 W MADISON ST,60623
674146,17,356.0,SAMS CLUB,6487 N CICERO AVE,60614
597003,29,762.0,WHOLE FOODS,828 W IRVING PARK RD,60623
499099,42,458.0,MARIANO'S,1676 W CHICAGO AVE,60601
952962,33,289.0,CVS PHARMACY,2646 N WESTERN AVE,60629
114512,50,429.0,KRAFT FOODS,5441 S HOUSTON AVE,60634
743988,23,521.0,SPEEDWAY,7972 S STATE ST,60610
656871,46,678.0,GIORDANOS,424 S HOUSTON AVE,60614
679498,36,688.0,LOWES,6952 W 63RD ST,60616
914064,30,588.0,WALGREENS,4331 W 43RD ST,60609
635169,2,174.0,SHELL STATION,5219 N SOUTHPORT AVE,60624
502613,6,455.0,SHELL STATION,4016 N BROADWAY,60640
850860,33,620.0,LOU MALNATIS,2886 W 43RD ST,60612
759166,15,183.0,BUONA BEEF,4403 S WABASH AVE,60634
401235,24,798.0,MARIANO'S,7049 S ARCHER AVE,60619
222512,50,951.0,BP GAS STATION,507 S WABASH AVE,60611
713927,13,893.0,SAMS CLUB,182 S HALSTED ST,60603
416810,23,189.0,HONEYBEERS,4361 W CHICAGO AVE,60630
735918,41,917.0,COSTCO,6391 N BROADWAY,60629
106784,23,362.0,TARGET,2954 N WESTERN AVE,60629
356028,21,901.0,DOMINICKS,2458 W MADISON ST,60620
329819,17,137.0,REGGIE'S BAR & GRILL,917 S PULASKI RD,60612
12618,47,446.0,ADVANCE AUTO,4767 N CLARK ST,60626
720145,22,994.0,TRADER JOES,1417 S HOUSTON AVE,60626
822472,1,835.0,WHOLE FOODS,8226 S HALSTED ST,60623
157708,16,565.0,TARGET,8505 N MICHIGAN AVE,60631
163032,42,859.0,COSTCO,1973 W 63RD ST,60606
825651,49,935.0,MCDONALD'S,7904 N BROADWAY,60618
583195,45,813.0,WALMART,3142 N WESTERN AVE,60625
581475,15,582.0,MARIANO'S,6485 W CHICAGO AVE,60626
355815,35,911.0,GIORDANOS,5195 S PULASKI RD,60637
324827,20,525.0,NEYBOUR'S TAVERN,8066 W DEVON AVE,60630
517088,24,915.0,WALGREENS,8091 W 43RD ST,60623
794122,10,671.0,POTBELLY,5279 W 63RD ST,60635
79604,37,449.0,POTBELLY,4397 W DEVON AVE,60606
801297,5,345.0,SUBWAY,8461 N BROADWAY,60604
800114,14,360.0,HOME DEPOT,3193 N BROADWAY,60632
830811,33,662.0,WALMART,8013 S COTTAGE GROVE AVE,60620
282926,23,380.0,PORTILLOS,1465 W 43RD ST,60632
978982,3,309.0,MCDONALD'S,6908 N CLARK ST,60630
372622,26,199.0,PORTILLOS,8908 N BROADWAY,60604
31395,40,560.0,TONY'S FINER FOODS,9509 S ARCHER AVE,60602
854830,45,446.0,REGGIE'S BAR & GRILL,6156 W 43RD ST,60608
197795,21,550.0,ADVANCE AUTO,9964 S WABASH AVE,60620
954214,18,535.0,DOMINICKS,2662 S PULASKI RD,60634
658750,18,476.0,CELINA DELI,9715 S WABASH AVE,60607
422197,32,619.0,POTBELLY,7737 W MADISON ST,60625
961566,43,980.0,WHOLE FOODS,7355 W 63RD ST,60616
719522,34,258.0,HOME DEPOT,7149 W NORTH AVE,60626
150523,41,793.0,CVS PHARMACY,9441 S HOUSTON AVE,60623
433556,38,903.0,NEYBOUR'S TAVERN,5470 S WABASH AVE,60627
541982,2,259.0,TRADER JOES,1054 N MICHIGAN AVE,60614
119938,36,555.0,MARIANO'S,2653 N MICHIGAN AVE,60613
151016,22,512.0,BUONA BEEF,6289 W NORTH AVE,60608
661707,30,730.0,WALMART,4588 N WESTERN AVE,60637
494729,29,847.0,HOME DEPOT,1637 W 63RD ST,60613
226893,20,346.0,PIZZA HUT,7700 S WABASH AVE,60601
323977,20,721.0,ADVANCE AUTO,7842 N MICHIGAN AVE,60627
860776,5,414.0,NEYBOUR'S TAVERN,2511 W CHICAGO AVE,60614
887154,49,236.0,JEWEL OSCO,4209 N SOUTHPORT AVE,60611
956116,18,272.0,ALDI,8469 N CLARK ST,60608
331824,9,622.0,AUTOZONE,453 S HOUSTON AVE,60634
722208,19,480.0,SAMS CLUB,905 N CICERO AVE,60638
864597,30,618.0,REGGIE'S BAR & GRILL,1193 S COTTAGE GROVE AVE,60615
297622,27,229.0,WALGREENS,3241 S HALSTED ST,60603
866143,12,830.0,SEVEN ELEVEN,629 W CHICAGO AVE,60634
655450,23,578.0,MARIANO'S,632 S PULASKI RD,60610
741988,37,628.0,ADVANCE AUTO,8564 N WESTERN AVE,60602
629247,23,899.0,BP GAS STATION,1781 S HALSTED ST,60631
66259,32,299.0,BP GAS STATION,5424 W MADISON ST,60623
702170,2,722.0,JEWEL OSCO,7820 S COTTAGE GROVE AVE,60614
956229,35,423.0,ALDI,961 W DEVON AVE,60616
898893,46,543.0,HOME DEPOT,6160 S HOUSTON AVE,60639
871260,38,395.0,PORTILLOS,812 S ARCHER AVE,60609
574490,42,320.0,POTBELLY,5730 N CLARK ST,60640
604839,32,319.0,NEYBOUR'S TAVERN,3056 W IRVING PARK RD,60626
64977,39,746.0,WALGREENS,5629 W IRVING PARK RD,60624
414311,39,248.0,CELINA DELI,343 N CLARK ST,60609
140041,37,524.0,PIZZA HUT,8804 N CICERO AVE,60622
661391,31,106.0,COSTCO,3695 W NORTH AVE,60607
956848,29,196.0,CVS PHARMACY,4958 S ARCHER AVE,60634
518065,50,165.0,PIZZA HUT,1060 S HALSTED ST,60620
618216,3,753.0,CELINA DELI,1336 W IRVING PARK RD,60632
966751,2,608.0,PORTILLOS,886 W MADISON ST,60626
15311,31,581.0,NEYBOUR'S TAVERN,116 S COTTAGE GROVE AVE,60605
624651,46,644.0,WALMART,7801 S HALSTED ST,60624
108856,19,367.0,BP GAS STATION,3714 N BROADWAY,60610
780210,29,679.0,BP GAS STATION,294 W IRVING PARK RD,60620
687635,1,352.0,WHOLE FOODS,3879 S ARCHER AVE,60616
967460,39,665.0,COSTCO,3972 W IRVING PARK RD,60619
392867,47,812.0,SPEEDWAY,7178 W 63RD ST,60623
397453,35,818.0,REGGIE'S BAR & GRILL,7360 S HALSTED ST,60633
338220,32,107.0,TARGET,9223 N BROADWAY,60619
677468,43,665.0,HONEYBEERS,799 N BROADWAY,60619
88364,41,496.0,ALDI,8231 N WESTERN AVE,60639
660483,14,343.0,AUTOZONE,8971 W CHICAGO AVE,60604
998350,19,609.0,WALGREENS,2736 W DEVON AVE,60638
165816,50,720.0,SAMS CLUB,4440 W 63RD ST,60635
590014,16,796.0,LOU MALNATIS,9075 N BROADWAY,60634
230120,23,410.0,WALGREENS,2082 N WESTERN AVE,60602
892189,32,124.0,NEYBOUR'S TAVERN,3735 S ARCHER AVE,60630
672589,6,743.0,MCDONALD'S,111 S COTTAGE GROVE AVE,60636
121032,4,178.0,REGGIE'S BAR & GRILL,5226 S COTTAGE GROVE AVE,60612
128879,2,305.0,BUONA BEEF,7608 N CLARK ST,60634
655486,13,772.0,COSTCO,5621 W CHICAGO AVE,60631
850872,31,819.0,GIORDANOS,7921 S COTTAGE GROVE AVE,60603
270159,44,924.0,CVS PHARMACY,3345 W NORTH AVE,60606
187585,35,194.0,MCDONALD'S,3026 S HALSTED ST,60628
31916,8,479.0,TRADER JOES,1140 S STATE ST,60607
683014,41,110.0,TRADER JOES,8078 W NORTH AVE,60639
977309,30,330.0,DUNKIN DONUTS,5599 N WESTERN AVE,60613
137996,50,335.0,KRAFT FOODS,2289 W NORTH AVE,60626
203649,24,208.0,TONY'S FINER FOODS,6190 S COTTAGE GROVE AVE,60622
706493,11,148.0,DOMINICKS,1077 W CHICAGO AVE,60610
469520,19,160.0,BUONA BEEF,3977 S HALSTED ST,60621
628826,13,686.0,AUTOZONE,6500 W 63RD ST,60640
700760,36,698.0,BUONA BEEF,2276 W CHICAGO AVE,60622
629389,42,686.0,TARGET,3203 N BROADWAY,60630
155237,23,228.0,PORTILLOS,7211 S STATE ST,60625
303565,39,342.0,DOMINICKS,6801 N SOUTHPORT AVE,60620
643556,40,488.0,AUTOZONE,9038 W CHICAGO AVE,60614
362590,36,802.0,COSTCO,5850 N CLARK ST,60605
538838,32,963.0,DOMINICKS,3358 N CLARK ST,60603
383899,40,795.0,WALMART,3150 W 43RD ST,60636
975862,20,949.0,NEYBOUR'S TAVERN,5848 W 43RD ST,60605
356270,10,535.0,ADVANCE AUTO,8124 N MICHIGAN AVE,60619
645419,32,228.0,DUNKIN DONUTS,4862 S WABASH AVE,60604
383151,17,230.0,BP GAS STATION,9173 W IRVING PARK RD,60604
405296,48,755.0,ADVANCE AUTO,369 N MICHIGAN AVE,60608
954110,49,291.0,SAMS CLUB,8284 S STATE ST,60612
496459,28,557.0,HONEYBEERS,4405 S STATE ST,60621
380602,26,859.0,BUONA BEEF,3651 S STATE ST,60632
308204,34,672.0,TRADER JOES,8148 S COTTAGE GROVE AVE,60624
624067,36,954.0,SHELL STATION,9734 S STATE ST,60635
360125,37,331.0,TRADER JOES,2061 N MICHIGAN AVE,60636
942961,42,654.0,CVS PHARMACY,6045 W 43RD ST,60611
729166,37,915.0,HOME DEPOT,2497 N CICERO AVE,60637
253865,31,278.0,TARGET,5800 S WABASH AVE,60617
988319,7,899.0,TARGET,4964 S HALSTED ST,60619
164637,37,138.0,KRAFT FOODS,4036 W MADISON ST,60617
300966,38,785.0,ADVANCE AUTO,6612 S HOUSTON AVE,60621
903464,24,247.0,GIORDANOS,7532 N SOUTHPORT AVE,60610
795063,22,342.0,TONY'S FINER FOODS,9834 W IRVING PARK RD,60618
815241,6,281.0,COSTCO,8226 N WESTERN AVE,60637
293690,4,642.0,MCDONALD'S,859 W 63RD ST,60622
412589,26,748.0,TONY'S FINER FOODS,9847 N CLARK ST,60604
151854,49,741.0,PIZZA HUT,8316 W 43RD ST,60608
628877,40,336.0,LOWES,7763 S COTTAGE GROVE AVE,60626
482961,40,874.0,GIORDANOS,7893 W 43RD ST,60608
136471,3,662.0,COSTCO,9849 W 43RD ST,60636
613864,13,670.0,WALGREENS,8894 W MADISON ST,60625
336640,39,940.0,TRADER JOES,3338 W DEVON AVE,60640
501704,9,649.0,CVS PHARMACY,1467 S HALSTED ST,60632
462490,17,938.0,CVS PHARMACY,3078 N CLARK ST,60609
928313,7,435.0,NEYBOUR'S TAVERN,9414 N WESTERN AVE,60622
308349,7,788.0,HOME DEPOT,5307 N MICHIGAN AVE,60617
247148,4,853.0,HOME DEPOT,3942 S ARCHER AVE,60612
660461,6,709.0,LOWES,3152 W DEVON AVE,60613
772667,22,406.0,HOME DEPOT,8137 S WABASH AVE,60611
479189,48,904.0,JEWEL OSCO,5579 N SOUTHPORT AVE,60627
1697,21,898.0,SAMS CLUB,3658 S COTTAGE GROVE AVE,60620
116115,48,407.0,REGGIE'S BAR & GRILL,6528 W DEVON AVE,60631
493293,27,322.0,WALMART,8800 S STATE ST,60603
719018,34,772.0,JEWEL OSCO,2653 N SOUTHPORT AVE,60626
632223,27,778.0,POTBELLY,4597 W 63RD ST,60635
304984,4,726.0,TRADER JOES,6714 W DEVON AVE,60628
95279,44,528.0,POTBELLY,7314 S ARCHER AVE,60607
943520,12,416.0,GIORDANOS,8339 S ARCHER AVE,60610
131900,31,951.0,TRADER JOES,1567 S HOUSTON AVE,60604
572877,3,513.0,CVS PHARMACY,6678 S COTTAGE GROVE AVE,60622
192946,6,981.0,CELINA DELI,4873 S COTTAGE GROVE AVE,60637
24212,30,546.0,SAMS CLUB,9528 S COTTAGE GROVE AVE,60612
17257,21,257.0,TONY'S FINER FOODS,5170 W MADISON ST,60633
372691,22,448.0,DOMINICKS,1136 W MADISON ST,60616
122137,45,239.0,SHELL STATION,7092 N CICERO AVE,60625
669486,5,415.0,GIORDANOS,2305 N MICHIGAN AVE,60602
350878,17,989.0,SHELL STATION,4469 S STATE ST,60633
804802,20,404.0,SPEEDWAY,8858 W CHICAGO AVE,60604
797317,21,512.0,NEYBOUR'S TAVERN,5064 N SOUTHPORT AVE,60609
218500,27,543.0,KRAFT FOODS,6854 W NORTH AVE,60625
857008,9,567.0,KRAFT FOODS,4059 S COTTAGE GROVE AVE,60630
977374,8,898.0,KRAFT FOODS,6451 W 63RD ST,60639
290570,22,380.0,LOWES,7941 S PULASKI RD,60633
98154,26,340.0,TONY'S FINER FOODS,5920 S COTTAGE GROVE AVE,60639
560157,22,907.0,DUNKIN DONUTS,2345 N CICERO AVE,60609
543545,30,376.0,MARIANO'S,6304 N BROADWAY,60616
867594,33,100.0,TONY'S FINER FOODS,6578 S COTTAGE GROVE AVE,60603
973956,23,512.0,PIZZA HUT,7861 S WABASH AVE,60609
656608,30,938.0,TRADER JOES,2318 N CLARK ST,60636
118921,17,632.0,LOWES,8886 S HOUSTON AVE,60637
941936,14,801.0,SUBWAY,9335 S HOUSTON AVE,60606
467786,33,658.0,DUNKIN DONUTS,5173 W IRVING PARK RD,60623
263090,47,895.0,LOWES,7171 S HOUSTON AVE,60629
623130,28,736.0,GIORDANOS,2016 W DEVON AVE,60632
523996,37,492.0,HOME DEPOT,7142 W IRVING PARK RD,60607
484074,32,249.0,MCDONALD'S,5936 W MADISON ST,60634
23851,35,464.0,PORTILLOS,1007 N CLARK ST,60633
517855,46,889.0,MCDONALD'S,7594 W IRVING PARK RD,60602
33329,29,935.0,CELINA DELI,5683 S PULASKI RD,60634
659275,9,888.0,DOMINICKS,2951 N BROADWAY,60629
941623,26,901.0,LOWES,2849 N BROADWAY,60601
14940,3,944.0,SPEEDWAY,7251 W CHICAGO AVE,60621
641558,34,465.0,LOWES,3256 W CHICAGO AVE,60623
443620,18,817.0,GIORDANOS,6625 W 63RD ST,60612
822851,21,588.0,SPEEDWAY,2392 W 43RD ST,60621
280893,29,756.0,GIORDANOS,1809 S PULASKI RD,60608
447524,48,948.0,DUNKIN DONUTS,9074 N WESTERN AVE,60609
97054,32,748.0,TARGET,2017 W IRVING PARK RD,60604
68451,20,806.0,CVS PHARMACY,3552 S HOUSTON AVE,60624
777980,17,963.0,SHELL STATION,7331 W 43RD ST,60614
685918,26,710.0,ALDI,9147 W MADISON ST,60612
959068,15,641.0,DUNKIN DONUTS,3447 W DEVON AVE,60602
312472,15,125.0,HOME DEPOT,8235 S HALSTED ST,60628
135152,45,514.0,STARBUCKS,5994 N MICHIGAN AVE,60638
425910,48,604.0,SHELL STATION,9111 W MADISON ST,60615
997985,7,789.0,ALDI,7247 W NORTH AVE,60602
980894,23,175.0,SAMS CLUB,588 S ARCHER AVE,60613
467610,27,121.0,PIZZA HUT,8509 N SOUTHPORT AVE,60628
870473,16,677.0,DUNKIN DONUTS,834 W CHICAGO AVE,60607
68551,26,935.0,GIORDANOS,2363 W 63RD ST,60606
473476,1,921.0,COSTCO,8418 W DEVON AVE,60612
452020,5,940.0,HOME DEPOT,7799 W MADISON ST,60603
128818,1,406.0,WHOLE FOODS,7819 W DEVON AVE,60623
67209,28,226.0,SPEEDWAY,9338 W 63RD ST,60610
820385,13,335.0,SPEEDWAY,5740 W 43RD ST,60620
652364,33,739.0,REGGIE'S BAR & GRILL,4193 S STATE ST,60629
853760,41,361.0,TARGET,7433 N SOUTHPORT AVE,60621
613949,13,811.0,SAMS CLUB,725 N WESTERN AVE,60626
555920,1,167.0,CELINA DELI,8020 W MADISON ST,60602
101626,27,634.0,MARIANO'S,3459 W IRVING PARK RD,60625
740495,2,575.0,BP GAS STATION,2318 S STATE ST,60623
798177,46,831.0,WHOLE FOODS,2296 W IRVING PARK RD,60623
972708,43,211.0,HONEYBEERS,9848 S PULASKI RD,60622
693115,25,693.0,CVS PHARMACY,7860 W CHICAGO AVE,60625
136005,37,412.0,KRAFT FOODS,1241 S HOUSTON AVE,60631
244612,1,444.0,WALGREENS,1567 N WESTERN AVE,60629
776875,36,530.0,AUTOZONE,7439 S HOUSTON AVE,60629
651802,8,581.0,SEVEN ELEVEN,9966 W IRVING PARK RD,60604
831890,2,346.0,GIORDANOS,8867 W NORTH AVE,60624
53355,12,665.0,NEYBOUR'S TAVERN,358 S STATE ST,60637
538732,48,247.0,JEWEL OSCO,2369 S STATE ST,60618
653801,33,115.0,TRADER JOES,9166 W CHICAGO AVE,60639
444630,39,929.0,SUBWAY,3521 N CLARK ST,60628
670286,43,737.0,ADVANCE AUTO,9446 S COTTAGE GROVE AVE,60635
740225,43,224.0,BUONA BEEF,8987 W MADISON ST,60616
302009,36,876.0,SAMS CLUB,6939 W 43RD ST,60627
141298,35,892.0,DOMINICKS,9014 W 43RD ST,60624
616458,7,886.0,NEYBOUR'S TAVERN,4523 S HOUSTON AVE,60619
325477,20,303.0,ADVANCE AUTO,3278 N BROADWAY,60618
239164,15,674.0,COSTCO,8563 N CLARK ST,60601
119141,16,101.0,POTBELLY,6319 S STATE ST,60629
694742,42,716.0,CELINA DELI,3146 S WABASH AVE,60604
263608,34,560.0,LOWES,9899 S WABASH AVE,60612
521983,33,996.0,WALMART,4413 N BROADWAY,60619
96909,42,236.0,WHOLE FOODS,4076 S PULASKI RD,60614
176064,34,592.0,CVS PHARMACY,5364 S ARCHER AVE,60603
846984,27,827.0,SPEEDWAY,8491 W IRVING PARK RD,60615
259147,2,113.0,JEWEL OSCO,2885 S HOUSTON AVE,60619
439048,9,293.0,WHOLE FOODS,8381 S ARCHER AVE,60604
835569,6,822.0,WALMART,8964 N SOUTHPORT AVE,60608
800657,22,387.0,MARIANO'S,2959 S WABASH AVE,60638
195,42,249.0,COSTCO,3558 N SOUTHPORT AVE,60636
358568,17,228.0,BUONA BEEF,1706 W MADISON ST,60622
574884,15,509.0,BP GAS STATION,8947 S HALSTED ST,60639
99043,33,932.0,SAMS CLUB,8805 N SOUTHPORT AVE,60630
552132,44,909.0,MCDONALD'S,1337 W 63RD ST,60635
722202,21,593.0,DOMINICKS,3410 N WESTERN AVE,60637
707444,18,628.0,BUONA BEEF,780 N MICHIGAN AVE,60635
712605,6,685.0,HOME DEPOT,9678 N WESTERN AVE,60620
450918,41,302.0,POTBELLY,3283 S STATE ST,60628
399745,40,481.0,CVS PHARMACY,2438 N BROADWAY,60627
497874,20,234.0,HOME DEPOT,6893 S HALSTED ST,60629
519152,34,228.0,DOMINICKS,2608 S ARCHER AVE,60639
115813,15,950.0,SAMS CLUB,9961 S COTTAGE GROVE AVE,60619
458931,3,726.0,GIORDANOS,3864 S PULASKI RD,60633
136355,37,302.0,MARIANO'S,7897 W DEVON AVE,60638
579924,13,749.0,SEVEN ELEVEN,6993 N WESTERN AVE,60630
770730,13,525.0,AUTOZONE,2968 N CLARK ST,60619
802752,39,288.0,SEVEN ELEVEN,7064 W 43RD ST,60632
274525,27,471.0,TRADER JOES,3379 N MICHIGAN AVE,60634
226699,15,354.0,STARBUCKS,6045 S HALSTED ST,60615
888685,38,500.0,TRADER JOES,8906 W CHICAGO AVE,60633
962150,18,152.0,ADVANCE AUTO,9215 N WESTERN AVE,60602
901893,1,596.0,WALGREENS,4452 W CHICAGO AVE,60625
652439,3,437.0,DOMINICKS,5877 S HALSTED ST,60607
242304,17,129.0,PIZZA HUT,724 W DEVON AVE,60621
961493,9,743.0,CELINA DELI,7285 S ARCHER AVE,60614
64491,42,423.0,LOU MALNATIS,6736 W 63RD ST,60630
83437,44,246.0,CELINA DELI,5022 W CHICAGO AVE,60635
560182,3,883.0,CELINA DELI,5861 W MADISON ST,60622
254333,30,912.0,CELINA DELI,2586 W DEVON AVE,60638
378020,28,949.0,NEYBOUR'S TAVERN,462 W MADISON ST,60606
1429,20,199.0,BP GAS STATION,4922 W 63RD ST,60637
364424,39,773.0,JEWEL OSCO,4310 S ARCHER AVE,60617
71982,34,253.0,WALGREENS,1567 S COTTAGE GROVE AVE,60623
502044,19,982.0,HONEYBEERS,9256 S WABASH AVE,60610
43147,45,896.0,SUBWAY,1877 N WESTERN AVE,60604
743184,30,628.0,WALGREENS,8465 W IRVING PARK RD,60640
126161,22,317.0,GIORDANOS,3982 S WABASH AVE,60606
505195,36,569.0,TARGET,4359 N CICERO AVE,60607
851089,32,582.0,SEVEN ELEVEN,427 W 43RD ST,60617
846281,40,527.0,PORTILLOS,4157 W MADISON ST,60625
378415,6,764.0,MCDONALD'S,497 W 43RD ST,60624
221549,38,761.0,LOWES,2779 S COTTAGE GROVE AVE,60605
106374,23,892.0,BUONA BEEF,9721 S HOUSTON AVE,60601
936749,38,539.0,CVS PHARMACY,873 S COTTAGE GROVE AVE,60606
336058,49,201.0,TONY'S FINER FOODS,8462 W CHICAGO AVE,60634
831788,8,471.0,TRADER JOES,1738 W CHICAGO AVE,60636
858196,40,877.0,NEYBOUR'S TAVERN,1760 S PULASKI RD,60626
604042,16,734.0,STARBUCKS,5964 N CICERO AVE,60610
618815,1,783.0,REGGIE'S BAR & GRILL,7835 W CHICAGO AVE,60612
350671,34,159.0,TARGET,4207 S PULASKI RD,60620
327737,18,902.0,ADVANCE AUTO,531 W 63RD ST,60640
604341,44,575.0,DUNKIN DONUTS,3937 W NORTH AVE,60630
894169,10,730.0,WALGREENS,3108 W DEVON AVE,60631
320477,5,132.0,ALDI,2112 W IRVING PARK RD,60611
602819,39,484.0,CELINA DELI,7998 W DEVON AVE,60640
282178,50,600.0,SHELL STATION,8332 S PULASKI RD,60614
370903,41,335.0,PIZZA HUT,1443 N CLARK ST,60635
450419,26,632.0,WALGREENS,9841 S ARCHER AVE,60609
901525,44,507.0,WALMART,1817 W DEVON AVE,60624
765856,41,774.0,BP GAS STATION,558 S HALSTED ST,60635
310696,18,174.0,NEYBOUR'S TAVERN,1790 S WABASH AVE,60637
809370,49,330.0,ALDI,3081 N CICERO AVE,60613
116612,50,263.0,TARGET,9102 W NORTH AVE,60623
923909,15,988.0,ALDI,8286 W IRVING PARK RD,60608
451872,28,113.0,MARIANO'S,7906 S STATE ST,60601
692940,16,628.0,NEYBOUR'S TAVERN,2045 S HOUSTON AVE,60614
716050,6,126.0,SUBWAY,3965 S STATE ST,60640
211169,42,475.0,STARBUCKS,5574 N MICHIGAN AVE,60617
563731,9,435.0,COSTCO,2288 S ARCHER AVE,60637
324950,9,580.0,TRADER JOES,9206 W DEVON AVE,60603
55672,37,191.0,MARIANO'S,9672 S COTTAGE GROVE AVE,60628
139090,36,531.0,POTBELLY,2520 W 43RD ST,60634
322452,28,367.0,WALGREENS,3457 W NORTH AVE,60628
155320,40,447.0,HOME DEPOT,2507 W DEVON AVE,60609
304823,22,691.0,PORTILLOS,4216 S PULASKI RD,60620
465209,48,594.0,NEYBOUR'S TAVERN,562 S PULASKI RD,60601
7355,46,238.0,SHELL STATION,8012 S PULASKI RD,60601
195377,30,625.0,POTBELLY,8961 N CICERO AVE,60633
209965,45,638.0,COSTCO,960 S WABASH AVE,60639
947057,3,415.0,NEYBOUR'S TAVERN,6294 S WABASH AVE,60616
691589,9,425.0,NEYBOUR'S TAVERN,5001 W IRVING PARK RD,60626
472654,7,486.0,SEVEN ELEVEN,1437 S HALSTED ST,60618
414884,17,528.0,WALMART,3036 S ARCHER AVE,60602
18910,50,983.0,HONEYBEERS,8591 S ARCHER AVE,60625
569723,24,180.0,CELINA DELI,4668 W 43RD ST,60623
114079,4,745.0,HONEYBEERS,9582 S WABASH AVE,60635
246529,4,299.0,SEVEN ELEVEN,8308 W 63RD ST,60617
735070,8,674.0,DUNKIN DONUTS,8598 S HOUSTON AVE,60604
288719,36,219.0,PORTILLOS,5642 W 63RD ST,60618
550115,32,508.0,NEYBOUR'S TAVERN,8330 N CICERO AVE,60619
158602,33,699.0,POTBELLY,4994 S ARCHER AVE,60626
939735,8,903.0,SHELL STATION,5789 S ARCHER AVE,60604
993251,23,628.0,BUONA BEEF,7486 W 43RD ST,60634
692620,34,759.0,SEVEN ELEVEN,7636 N BROADWAY,60604
28397,8,183.0,WALGREENS,739 N CICERO AVE,60606
434744,46,967.0,LOU MALNATIS,1645 N WESTERN AVE,60630
966083,26,626.0,STARBUCKS,6645 S WABASH AVE,60629
990595,26,615.0,TONY'S FINER FOODS,7065 S COTTAGE GROVE AVE,60611
350742,37,427.0,KRAFT FOODS,6112 W 43RD ST,60628
188658,37,452.0,TRADER JOES,7100 N WESTERN AVE,60602
763017,37,441.0,SHELL STATION,7826 W DEVON AVE,60603
861232,45,829.0,CELINA DELI,1668 W 63RD ST,60636
407545,29,690.0,COSTCO,1217 S COTTAGE GROVE AVE,60622
991156,39,942.0,NEYBOUR'S TAVERN,9965 N CICERO AVE,60638
527809,37,642.0,MCDONALD'S,1452 N WESTERN AVE,60608
473979,33,324.0,MARIANO'S,6269 N SOUTHPORT AVE,60621
499985,49,166.0,NEYBOUR'S TAVERN,9757 N CLARK ST,60618
280815,18,707.0,HONEYBEERS,5301 W DEVON AVE,60626
5906,19,149.0,SEVEN ELEVEN,1533 S STATE ST,60627
87278,40,434.0,ALDI,8244 N BROADWAY,60627
809070,3,864.0,CVS PHARMACY,4932 N CICERO AVE,60621
764379,5,159.0,BUONA BEEF,7933 N BROADWAY,60611
568463,46,847.0,JEWEL OSCO,3766 W CHICAGO AVE,60621
481659,46,196.0,GIORDANOS,3988 S WABASH AVE,60630
698107,20,858.0,HONEYBEERS,2938 S WABASH AVE,60617
801001,9,141.0,LOWES,5928 S HOUSTON AVE,60616
387904,34,696.0,CVS PHARMACY,2566 S ARCHER AVE,60639
690115,41,653.0,BUONA BEEF,5218 S STATE ST,60621
525721,35,923.0,KRAFT FOODS,2203 S STATE ST,60609
438953,34,113.0,JEWEL OSCO,4317 W 63RD ST,60625
520439,2,723.0,ADVANCE AUTO,3923 S ARCHER AVE,60634
733830,39,166.0,KRAFT FOODS,4009 W NORTH AVE,60603
988485,21,906.0,LOWES,1772 S PULASKI RD,60631
274154,33,642.0,ADVANCE AUTO,2681 W CHICAGO AVE,60618
845190,41,718.0,POTBELLY,8219 S PULASKI RD,60622
527501,10,498.0,MARIANO'S,9427 S STATE ST,60620
805362,3,226.0,SAMS CLUB,3176 N CLARK ST,60605
10966,50,837.0,DOMINICKS,2950 S PULASKI RD,60610
798641,46,654.0,SEVEN ELEVEN,2483 W NORTH AVE,60620
872825,3,678.0,REGGIE'S BAR & GRILL,5717 N CICERO AVE,60621
783695,39,956.0,POTBELLY,9081 N SOUTHPORT AVE,60616
650289,40,257.0,BP GAS STATION,8658 W DEVON AVE,60612
403957,7,332.0,ADVANCE AUTO,9915 N WESTERN AVE,60627
807099,24,609.0,PIZZA HUT,1291 W DEVON AVE,60612
672421,15,637.0,MCDONALD'S,7338 N WESTERN AVE,60607
745085,45,330.0,BUONA BEEF,5158 W 43RD ST,60638
298228,33,813.0,REGGIE'S BAR & GRILL,2503 W CHICAGO AVE,60601
599725,17,712.0,BUONA BEEF,6320 S HOUSTON AVE,60634
105640,29,644.0,REGGIE'S BAR & GRILL,8636 S PULASKI RD,60615
348582,24,980.0,GIORDANOS,5011 N BROADWAY,60612
274547,21,834.0,TARGET,3676 W 63RD ST,60616
168305,49,602.0,GIORDANOS,2726 S PULASKI RD,60609
318170,13,933.0,MARIANO'S,3824 W 43RD ST,60621
966902,27,454.0,SAMS CLUB,1037 W CHICAGO AVE,60606
368809,36,732.0,POTBELLY,1474 N CICERO AVE,60611
831862,8,967.0,SUBWAY,1532 W IRVING PARK RD,60603
760158,21,972.0,AUTOZONE,9135 W MADISON ST,60622
466055,43,832.0,BP GAS STATION,7822 N CLARK ST,60610
33622,15,806.0,AUTOZONE,5936 S HOUSTON AVE,60604
372331,4,462.0,PORTILLOS,6664 S HOUSTON AVE,60615
180343,2,191.0,HONEYBEERS,3861 S HOUSTON AVE,60623
458570,5,125.0,SHELL STATION,7808 N CLARK ST,60633
853773,35,416.0,WHOLE FOODS,911 S COTTAGE GROVE AVE,60603
183398,17,265.0,DOMINICKS,1253 N CICERO AVE,60626
988151,4,245.0,JEWEL OSCO,978 S COTTAGE GROVE AVE,60604
677903,15,260.0,PIZZA HUT,1183 W NORTH AVE,60611
837764,31,289.0,ADVANCE AUTO,1852 N CLARK ST,60606
29253,7,615.0,MCDONALD'S,7256 W 43RD ST,60620
945865,29,626.0,ADVANCE AUTO,3128 W 43RD ST,60602
302501,35,642.0,DOMINICKS,588 N CICERO AVE,60626
95502,41,461.0,CELINA DELI,208 S HALSTED ST,60619
770086,7,326.0,ALDI,2284 S STATE ST,60621
260266,13,225.0,TRADER JOES,5590 S STATE ST,60604
947969,49,601.0,PORTILLOS,3167 S HOUSTON AVE,60621
305531,45,142.0,TONY'S FINER FOODS,2962 W 63RD ST,60640
857999,44,921.0,CELINA DELI,883 S WABASH AVE,60609
467640,36,728.0,TARGET,3609 N CICERO AVE,60623
104175,12,699.0,SHELL STATION,3050 N CICERO AVE,60620
810066,39,714.0,COSTCO,8856 W CHICAGO AVE,60622
777933,44,147.0,BP GAS STATION,3962 W NORTH AVE,60616
456997,10,414.0,TONY'S FINER FOODS,1884 W NORTH AVE,60604
178852,46,746.0,SPEEDWAY,3771 W IRVING PARK RD,60637
269932,10,120.0,GIORDANOS,8718 W DEVON AVE,60612
643264,43,586.0,TRADER JOES,7334 W CHICAGO AVE,60606
394425,4,155.0,LOWES,3044 W IRVING PARK RD,60634
235218,15,609.0,REGGIE'S BAR & GRILL,5212 W 63RD ST,60601
442567,33,775.0,HONEYBEERS,7054 S PULASKI RD,60627
360769,27,556.0,DOMINICKS,481 S HOUSTON AVE,60639
674578,23,207.0,DOMINICKS,2796 W NORTH AVE,60623
102886,49,241.0,DUNKIN DONUTS,4205 W DEVON AVE,60614
641890,25,759.0,BP GAS STATION,9789 N SOUTHPORT AVE,60637
670781,34,460.0,CVS PHARMACY,6812 W 63RD ST,60628
819427,1,213.0,HOME DEPOT,4019 N SOUTHPORT AVE,60611
553027,48,634.0,BP GAS STATION,2112 S ARCHER AVE,60632
367601,14,646.0,SPEEDWAY,4862 W NORTH AVE,60604
776814,21,635.0,COSTCO,683 N SOUTHPORT AVE,60628
660213,34,705.0,CELINA DELI,1340 S COTTAGE GROVE AVE,60620
77829,41,666.0,REGGIE'S BAR & GRILL,4507 N CLARK ST,60627
372689,42,758.0,AUTOZONE,8187 N CICERO AVE,60615
233422,30,492.0,BP GAS STATION,7309 S ARCHER AVE,60633
330945,16,952.0,WHOLE FOODS,8080 N MICHIGAN AVE,60618
395152,44,164.0,SUBWAY,1208 S ARCHER AVE,60639
68278,5,817.0,CELINA DELI,8272 W 63RD ST,60617
290402,10,638.0,STARBUCKS,3890 W DEVON AVE,60606
643646,20,846.0,HOME DEPOT,5728 S HOUSTON AVE,60635
172625,33,771.0,JEWEL OSCO,1182 W MADISON ST,60617
503274,14,915.0,HOME DEPOT,9989 W NORTH AVE,60640
539939,49,191.0,TARGET,6125 N WESTERN AVE,60631
995620,32,979.0,LOWES,8113 S HOUSTON AVE,60629
39080,50,359.0,SPEEDWAY,4535 N BROADWAY,60639
566110,17,454.0,CELINA DELI,5607 W CHICAGO AVE,60634
562312,33,685.0,COSTCO,1770 W 43RD ST,60636
862651,34,386.0,STARBUCKS,1422 S PULASKI RD,60636
727565,4,509.0,REGGIE'S BAR & GRILL,448 N CLARK ST,60616
16566,42,960.0,CVS PHARMACY,6611 N CICERO AVE,60611
343168,28,714.0,GIORDANOS,7134 W MADISON ST,60634
282158,43,212.0,SUBWAY,7236 N CICERO AVE,60622
972535,39,262.0,POTBELLY,6440 S WABASH AVE,60628
916802,50,423.0,POTBELLY,6862 W MADISON ST,60630
580557,39,402.0,WHOLE FOODS,7928 N WESTERN AVE,60601
157919,37,128.0,SAMS CLUB,4140 S HALSTED ST,60639
467141,14,240.0,MARIANO'S,1231 S COTTAGE GROVE AVE,60634
287307,7,650.0,ADVANCE AUTO,2226 S HALSTED ST,60602
293734,46,322.0,DUNKIN DONUTS,5921 W CHICAGO AVE,60626
903294,47,983.0,JEWEL OSCO,6281 S COTTAGE GROVE AVE,60616
613068,1,778.0,PIZZA HUT,4501 N WESTERN AVE,60616
742403,39,298.0,BP GAS STATION,267 W IRVING PARK RD,60603
116534,3,383.0,BUONA BEEF,7256 S COTTAGE GROVE AVE,60629
462840,11,119.0,SHELL STATION,7973 N BROADWAY,60629
74785,39,340.0,JEWEL OSCO,5033 S HALSTED ST,60603
244132,22,878.0,TARGET,6225 S HALSTED ST,60614
97499,22,810.0,HONEYBEERS,8379 N SOUTHPORT AVE,60629
280030,9,730.0,REGGIE'S BAR & GRILL,8680 S HOUSTON AVE,60607
272254,3,952.0,BP GAS STATION,8497 S PULASKI RD,60628
431316,25,812.0,REGGIE'S BAR & GRILL,3239 S HALSTED ST,60601
224834,13,786.0,TRADER JOES,5816 N CICERO AVE,60640
253352,28,894.0,SEVEN ELEVEN,9089 W CHICAGO AVE,60634
261019,13,476.0,TARGET,1216 S HALSTED ST,60607
715974,14,819.0,LOWES,2302 N SOUTHPORT AVE,60611
626051,19,784.0,BP GAS STATION,1141 S WABASH AVE,60626
297371,12,428.0,BUONA BEEF,5518 W 43RD ST,60638
756456,42,745.0,ALDI,9419 N SOUTHPORT AVE,60615
315835,19,781.0,ALDI,7809 N CICERO AVE,60631
112905,37,812.0,SHELL STATION,4563 W MADISON ST,60610
145903,29,891.0,NEYBOUR'S TAVERN,8973 S ARCHER AVE,60611
931744,35,130.0,HOME DEPOT,5266 N WESTERN AVE,60633
478907,43,602.0,NEYBOUR'S TAVERN,4603 W DEVON AVE,60631
589798,32,687.0,COSTCO,6683 W DEVON AVE,60633
153294,12,567.0,WHOLE FOODS,2979 N CLARK ST,60617
545351,7,912.0,DUNKIN DONUTS,7797 S COTTAGE GROVE AVE,60623
543799,28,953.0,GIORDANOS,2923 N WESTERN AVE,60629
813094,40,237.0,ALDI,5660 S WABASH AVE,60629
63240,24,592.0,PIZZA HUT,7936 N WESTERN AVE,60629
33713,43,809.0,PIZZA HUT,9734 W 43RD ST,60628
914864,40,847.0,BUONA BEEF,7819 W IRVING PARK RD,60619
720113,16,280.0,HOME DEPOT,7345 N SOUTHPORT AVE,60615
510035,30,456.0,LOWES,8092 N MICHIGAN AVE,60632
910904,14,162.0,NEYBOUR'S TAVERN,4153 S WABASH AVE,60607
735076,50,600.0,WALGREENS,3750 S HOUSTON AVE,60605
979071,20,493.0,ALDI,9117 W CHICAGO AVE,60616
167412,2,521.0,KRAFT FOODS,9285 W IRVING PARK RD,60614
490305,43,316.0,WALMART,851 S STATE ST,60636
726639,43,644.0,REGGIE'S BAR & GRILL,304 S WABASH AVE,60638
829559,33,662.0,SEVEN ELEVEN,6752 W MADISON ST,60627
309849,9,152.0,HONEYBEERS,5893 S PULASKI RD,60612
105240,43,766.0,SAMS CLUB,1254 S HALSTED ST,60605
869605,1,245.0,TARGET,4097 S COTTAGE GROVE AVE,60609
426512,4,573.0,KRAFT FOODS,6693 N MICHIGAN AVE,60637
974210,2,331.0,WALMART,5133 S PULASKI RD,60621
59786,14,265.0,DOMINICKS,2803 S HOUSTON AVE,60624
669542,48,130.0,CELINA DELI,661 W 63RD ST,60605
68308,8,162.0,TARGET,6266 W NORTH AVE,60613
953499,7,392.0,JEWEL OSCO,7497 N CICERO AVE,60634
696904,29,681.0,SAMS CLUB,483 N CICERO AVE,60631
883064,19,706.0,AUTOZONE,2972 S HALSTED ST,60624
110586,48,454.0,SHELL STATION,3991 W NORTH AVE,60628
576064,41,551.0,DOMINICKS,3364 N MICHIGAN AVE,60609
838155,48,861.0,JEWEL OSCO,9949 S WABASH AVE,60626
371049,42,462.0,POTBELLY,8146 N CICERO AVE,60636
612649,19,505.0,MCDONALD'S,6398 W DEVON AVE,60606
566399,39,888.0,HOME DEPOT,7408 S WABASH AVE,60639
960825,33,577.0,DOMINICKS,3309 W CHICAGO AVE,60615
322999,12,554.0,HOME DEPOT,6617 N CLARK ST,60619
553408,1,849.0,CELINA DELI,8767 N WESTERN AVE,60608
741671,14,424.0,DOMINICKS,1415 W IRVING PARK RD,60640
942216,6,835.0,ALDI,2894 W 43RD ST,60638
258580,18,384.0,TARGET,3011 W CHICAGO AVE,60633
290383,10,600.0,COSTCO,1697 S PULASKI RD,60639
180651,12,263.0,SAMS CLUB,1402 N WESTERN AVE,60637
156685,13,986.0,WALMART,6554 W DEVON AVE,60635
153572,16,171.0,JEWEL OSCO,9151 S HOUSTON AVE,60623
809836,29,935.0,SHELL STATION,411 N SOUTHPORT AVE,60638
243619,19,809.0,WALGREENS,6654 W IRVING PARK RD,60635
881478,6,499.0,MCDONALD'S,6122 W DEVON AVE,60618
783323,14,720.0,SUBWAY,273 N BROADWAY,60617
395735,26,471.0,KRAFT FOODS,1662 S COTTAGE GROVE AVE,60608
708656,36,142.0,LOU MALNATIS,4813 S PULASKI RD,60629
861310,17,267.0,ADVANCE AUTO,357 S HOUSTON AVE,60603
699534,28,952.0,SUBWAY,5809 N WESTERN AVE,60627
597096,15,374.0,SHELL STATION,7909 W CHICAGO AVE,60632
929110,7,588.0,SAMS CLUB,9618 S COTTAGE GROVE AVE,60606
39975,35,583.0,HOME DEPOT,9564 N CLARK ST,60619
898382,17,803.0,WHOLE FOODS,7571 N BROADWAY,60625
267096,20,543.0,GIORDANOS,1638 W IRVING PARK RD,60625
793872,26,272.0,JEWEL OSCO,967 N CLARK ST,60610
42121,17,536.0,GIORDANOS,249 W 63RD ST,60640
738874,31,296.0,PIZZA HUT,4808 N CICERO AVE,60640
689845,26,891.0,TRADER JOES,5293 N CICERO AVE,60640
77951,30,474.0,TRADER JOES,6864 S STATE ST,60616
956348,16,841.0,JEWEL OSCO,5078 S PULASKI RD,60607
602073,11,596.0,CELINA DELI,6047 W 63RD ST,60601
776215,9,408.0,TONY'S FINER FOODS,4042 S COTTAGE GROVE AVE,60637
73908,19,430.0,SUBWAY,5966 W NORTH AVE,60627
949438,23,794.0,HOME DEPOT,8323 N SOUTHPORT AVE,60640
289213,10,722.0,LOU MALNATIS,9512 N MICHIGAN AVE,60615
49530,7,725.0,CVS PHARMACY,4496 W NORTH AVE,60602
742350,49,583.0,STARBUCKS,3939 S STATE ST,60634
522311,44,412.0,HOME DEPOT,2177 W 63RD ST,60627
346695,6,769.0,NEYBOUR'S TAVERN,4729 N MICHIGAN AVE,60621
358530,21,892.0,LOWES,6332 W 63RD ST,60616
745869,8,571.0,TARGET,1597 W MADISON ST,60620
745671,42,929.0,MARIANO'S,3078 S ARCHER AVE,60618
203236,21,985.0,MCDONALD'S,400 S WABASH AVE,60606
162804,25,441.0,POTBELLY,6469 S HOUSTON AVE,60640
576142,5,352.0,CVS PHARMACY,1263 W 63RD ST,60613
624342,6,293.0,SAMS CLUB,1750 S COTTAGE GROVE AVE,60640
199162,27,380.0,DOMINICKS,8123 W 63RD ST,60616
718092,35,849.0,SUBWAY,9174 N SOUTHPORT AVE,60624
491849,31,308.0,WALMART,251 W 43RD ST,60610
848364,45,410.0,SEVEN ELEVEN,9612 N CICERO AVE,60603
693777,6,373.0,TONY'S FINER FOODS,1752 W 63RD ST,60614
154268,13,121.0,NEYBOUR'S TAVERN,5332 W 43RD ST,60614
604193,23,267.0,LOWES,3310 S WABASH AVE,60635
497660,39,362.0,ALDI,581 S HOUSTON AVE,60611
794872,37,360.0,LOWES,9625 N MICHIGAN AVE,60601
952186,28,796.0,LOU MALNATIS,1204 W 63RD ST,60619
944421,24,993.0,SPEEDWAY,7497 W NORTH AVE,60609
639021,11,200.0,DOMINICKS,8274 W MADISON ST,60623
511505,29,953.0,LOU MALNATIS,3607 W NORTH AVE,60625
290554,27,423.0,SUBWAY,7352 S ARCHER AVE,60607
67456,21,948.0,CVS PHARMACY,3603 N MICHIGAN AVE,60639
668166,1,547.0,NEYBOUR'S TAVERN,1863 W 63RD ST,60611
137454,46,225.0,WALGREENS,1114 W IRVING PARK RD,60635
791031,3,654.0,DOMINICKS,1271 N CLARK ST,60608
347348,7,960.0,DOMINICKS,1499 S HALSTED ST,60626
463490,6,688.0,LOWES,1757 W NORTH AVE,60637
666996,17,310.0,TARGET,6996 N BROADWAY,60631
486365,2,357.0,PORTILLOS,2588 S ARCHER AVE,60609
37183,2,947.0,SEVEN ELEVEN,5535 W IRVING PARK RD,60626
601828,32,540.0,MCDONALD'S,5763 N SOUTHPORT AVE,60621
586351,12,249.0,TRADER JOES,3843 S ARCHER AVE,60608
844843,22,625.0,KRAFT FOODS,8807 N MICHIGAN AVE,60609
783820,3,583.0,JEWEL OSCO,9992 W MADISON ST,60631
517596,5,750.0,TARGET,464 W MADISON ST,60637
333726,7,160.0,HONEYBEERS,2889 W MADISON ST,60627
469683,2,244.0,SHELL STATION,6963 S ARCHER AVE,60602
19161,15,471.0,LOU MALNATIS,9980 W CHICAGO AVE,60616
495047,4,477.0,STARBUCKS,1085 W IRVING PARK RD,60604
105921,18,869.0,HOME DEPOT,869 N WESTERN AVE,60609
423154,11,804.0,SPEEDWAY,8413 W MADISON ST,60605
555295,17,434.0,TONY'S FINER FOODS,5999 S PULASKI RD,60617
39727,28,488.0,CVS PHARMACY,9055 S COTTAGE GROVE AVE,60628
122518,36,582.0,MCDONALD'S,8535 W NORTH AVE,60613
570667,35,411.0,CVS PHARMACY,9086 W IRVING PARK RD,60623
799072,41,970.0,AUTOZONE,3113 W CHICAGO AVE,60615
721694,1,651.0,PORTILLOS,3641 W MADISON ST,60603
301940,47,316.0,PIZZA HUT,1958 N CICERO AVE,60626
606906,34,227.0,POTBELLY,4811 W 43RD ST,60619
350355,22,461.0,LOU MALNATIS,6542 W DEVON AVE,60628
33941,35,174.0,WHOLE FOODS,5828 W 63RD ST,60621
506126,44,643.0,NEYBOUR'S TAVERN,2635 W MADISON ST,60619
500929,35,140.0,PORTILLOS,1309 W 43RD ST,60617
394624,31,883.0,HOME DEPOT,6650 W MADISON ST,60605
810760,15,606.0,MARIANO'S,5017 N SOUTHPORT AVE,60608
285752,18,758.0,ADVANCE AUTO,1421 N CICERO AVE,60628
187125,20,447.0,SAMS CLUB,430 S HALSTED ST,60608
885070,37,244.0,WALGREENS,5869 N WESTERN AVE,60612
546584,14,523.0,SAMS CLUB,6301 W IRVING PARK RD,60626
230951,23,846.0,CVS PHARMACY,4642 W 43RD ST,60614
581589,11,663.0,WALMART,1706 W IRVING PARK RD,60625
997714,45,612.0,ALDI,3435 N BROADWAY,60620
44366,26,810.0,BP GAS STATION,2462 W NORTH AVE,60624
330745,7,885.0,LOWES,2822 W NORTH AVE,60624
4908,23,919.0,SUBWAY,9907 W IRVING PARK RD,60615
190967,47,615.0,NEYBOUR'S TAVERN,1006 N MICHIGAN AVE,60603
88867,18,399.0,WHOLE FOODS,1385 N CICERO AVE,60626
233508,35,433.0,LOWES,3874 N CICERO AVE,60622
551945,44,175.0,SUBWAY,1522 W IRVING PARK RD,60622
366468,4,484.0,POTBELLY,1945 N WESTERN AVE,60604
14072,50,925.0,DUNKIN DONUTS,6493 N CICERO AVE,60626
870592,13,,MARIANO'S,5089 N BROADWAY,60625
337291,2,892.0,LOU MALNATIS,3341 N BROADWAY,60608
158458,30,315.0,KRAFT FOODS,8405 N CICERO AVE,60608
328119,24,393.0,MARIANO'S,5248 W 43RD ST,60640
198398,10,309.0,TRADER JOES,4403 N CICERO AVE,60626
139022,11,926.0,LOWES,651 N CLARK ST,60624
480233,36,946.0,HONEYBEERS,2890 W NORTH AVE,60637
763867,32,105.0,PORTILLOS,220 N BROADWAY,60636
272455,15,931.0,PIZZA HUT,8137 N CLARK ST,60627
615041,22,184.0,WHOLE FOODS,3118 S ARCHER AVE,60614
804361,2,794.0,GIORDANOS,7000 W CHICAGO AVE,60607
695449,21,205.0,BP GAS STATION,868 N WESTERN AVE,60614
70632,18,500.0,JEWEL OSCO,8962 S WABASH AVE,60618
141795,17,797.0,SUBWAY,2907 W NORTH AVE,60622
181870,16,252.0,DUNKIN DONUTS,9785 N CLARK ST,60606
753018,15,803.0,BP GAS STATION,3834 S HOUSTON AVE,60606
856533,5,889.0,ADVANCE AUTO,5739 S STATE ST,60640
90847,41,951.0,LOU MALNATIS,3564 N MICHIGAN AVE,60638
37046,21,406.0,TRADER JOES,7431 W 43RD ST,60618
82798,46,383.0,POTBELLY,1011 S COTTAGE GROVE AVE,60613
990269,17,849.0,TARGET,105 S HOUSTON AVE,60634
907301,33,364.0,LOWES,6956 W IRVING PARK RD,60611
853016,3,404.0,TONY'S FINER FOODS,7752 S PULASKI RD,60633
985304,29,434.0,DUNKIN DONUTS,2801 N MICHIGAN AVE,60623
472121,5,760.0,REGGIE'S BAR & GRILL,3803 W 63RD ST,60639
918186,25,734.0,TONY'S FINER FOODS,2788 W DEVON AVE,60616
3391,6,299.0,SHELL STATION,5404 N MICHIGAN AVE,60630
297104,49,610.0,MCDONALD'S,5148 S HALSTED ST,60621
154446,35,712.0,HOME DEPOT,4942 W CHICAGO AVE,60623
121262,42,795.0,HOME DEPOT,2051 N WESTERN AVE,60631
841579,11,365.0,TRADER JOES,1113 S HALSTED ST,60634
937351,40,919.0,WALMART,7245 W IRVING PARK RD,60640
282976,44,708.0,SUBWAY,7194 S PULASKI RD,60604
538125,17,630.0,SUBWAY,7070 N SOUTHPORT AVE,60629
829879,36,486.0,POTBELLY,119 S COTTAGE GROVE AVE,60639
818813,37,478.0,LOU MALNATIS,3601 S COTTAGE GROVE AVE,60637
945881,26,621.0,WALGREENS,5162 N SOUTHPORT AVE,60607
722941,14,116.0,BUONA BEEF,8872 S ARCHER AVE,60602
991230,39,257.0,TRADER JOES,7820 N CLARK ST,60617
701623,20,856.0,SAMS CLUB,1868 S HOUSTON AVE,60621
883438,25,442.0,WHOLE FOODS,8230 N SOUTHPORT AVE,60604
14445,31,314.0,JEWEL OSCO,7236 S ARCHER AVE,60619
231702,20,441.0,DOMINICKS,1241 S WABASH AVE,60631
761371,46,895.0,SEVEN ELEVEN,684 S ARCHER AVE,60639
905654,32,900.0,MARIANO'S,8016 W MADISON ST,60630
921768,13,575.0,ALDI,9743 N CLARK ST,60616
829960,34,910.0,SPEEDWAY,5173 W 43RD ST,60619
811000,42,598.0,NEYBOUR'S TAVERN,9280 W DEVON AVE,60631
475183,14,573.0,POTBELLY,5166 N BROADWAY,60639
222737,21,870.0,REGGIE'S BAR & GRILL,8237 S PULASKI RD,60630
73098,27,202.0,PIZZA HUT,421 S ARCHER AVE,60602
616615,14,642.0,GIORDANOS,7171 N MICHIGAN AVE,60626
644615,32,950.0,COSTCO,342 N CICERO AVE,60618
680302,43,669.0,SHELL STATION,9444 N WESTERN AVE,60628
143230,14,207.0,CELINA DELI,6978 N MICHIGAN AVE,60629
105759,37,548.0,CVS PHARMACY,8515 W DEVON AVE,60629
198658,5,330.0,PIZZA HUT,5976 S WABASH AVE,60625
479517,50,992.0,MARIANO'S,2934 N BROADWAY,60606
737434,6,782.0,LOWES,7506 S ARCHER AVE,60606
199674,3,139.0,HOME DEPOT,3411 W NORTH AVE,60617
107993,39,136.0,CVS PHARMACY,3182 W MADISON ST,60604
725724,4,662.0,POTBELLY,5098 N SOUTHPORT AVE,60612
625427,25,718.0,PIZZA HUT,8724 N SOUTHPORT AVE,60634
268231,29,158.0,LOU MALNATIS,7784 N CLARK ST,60603
584813,31,908.0,BP GAS STATION,3519 N WESTERN AVE,60616
776760,26,153.0,MARIANO'S,9073 W DEVON AVE,60636
718537,49,959.0,ALDI,6744 W DEVON AVE,60610
245657,28,642.0,CELINA DELI,3731 W 63RD ST,60609
985678,23,453.0,TONY'S FINER FOODS,3898 S PULASKI RD,60630
626434,11,528.0,HOME DEPOT,1033 W MADISON ST,60635
320433,6,660.0,WALGREENS,9369 N CICERO AVE,60623
966808,28,263.0,SUBWAY,337 W NORTH AVE,60638
527666,28,731.0,TRADER JOES,4112 S COTTAGE GROVE AVE,60621
596176,42,586.0,WHOLE FOODS,4944 W 63RD ST,60619
83651,45,553.0,TONY'S FINER FOODS,464 W 63RD ST,60634
143110,24,818.0,LOWES,7629 S HALSTED ST,60633
119629,46,903.0,SEVEN ELEVEN,1371 S PULASKI RD,60608
282111,27,203.0,STARBUCKS,1888 W NORTH AVE,60625
24621,8,363.0,COSTCO,4290 W DEVON AVE,60638
40675,9,468.0,JEWEL OSCO,7420 N SOUTHPORT AVE,60620
933236,28,336.0,ALDI,2260 S WABASH AVE,60608
903423,34,619.0,POTBELLY,4047 S HALSTED ST,60612
667820,44,808.0,LOU MALNATIS,6988 N SOUTHPORT AVE,60617
604836,20,745.0,SUBWAY,7557 N CICERO AVE,60607
731052,47,150.0,WALMART,6140 S ARCHER AVE,60611
895197,42,568.0,PORTILLOS,6284 W MADISON ST,60639
832596,11,301.0,PORTILLOS,2146 N SOUTHPORT AVE,60609
533720,42,232.0,BUONA BEEF,9345 N MICHIGAN AVE,60619
692953,21,979.0,ALDI,2314 W DEVON AVE,60619
562606,7,514.0,TARGET,8375 W NORTH AVE,60610
187308,41,353.0,HOME DEPOT,3986 W 63RD ST,60624
973917,14,612.0,SHELL STATION,289 S COTTAGE GROVE AVE,60624
26075,6,809.0,PORTILLOS,2379 N WESTERN AVE,60606
587964,15,617.0,LOWES,4915 S HOUSTON AVE,60613
29531,15,437.0,WALMART,3188 N CICERO AVE,60640
32911,20,694.0,KRAFT FOODS,7649 W 43RD ST,60618
931250,3,482.0,GIORDANOS,4051 N MICHIGAN AVE,60622
223903,3,598.0,JEWEL OSCO,3224 N SOUTHPORT AVE,60634
680655,33,800.0,CVS PHARMACY,6278 W NORTH AVE,60602
669964,35,344.0,WHOLE FOODS,4606 N BROADWAY,60630
510037,19,958.0,SPEEDWAY,266 N BROADWAY,60624
168321,17,814.0,TONY'S FINER FOODS,6319 W CHICAGO AVE,60637
53039,46,520.0,ADVANCE AUTO,6000 N SOUTHPORT AVE,60617
724497,1,625.0,BP GAS STATION,2890 W NORTH AVE,60638
664705,23,547.0,JEWEL OSCO,3219 W IRVING PARK RD,60605
24576,44,408.0,HONEYBEERS,9106 N MICHIGAN AVE,60617
375450,3,977.0,WALGREENS,7786 W 43RD ST,60602
506154,15,125.0,REGGIE'S BAR & GRILL,7270 W NORTH AVE,60623
856403,35,970.0,POTBELLY,6280 W MADISON ST,60640
241381,38,910.0,LOWES,9994 W DEVON AVE,60639
876496,39,642.0,SHELL STATION,7648 S PULASKI RD,60601
588018,20,591.0,MARIANO'S,6640 S STATE ST,60625
214733,24,719.0,POTBELLY,9955 W CHICAGO AVE,60631
770407,38,974.0,WHOLE FOODS,2433 W MADISON ST,60615
84726,42,967.0,JEWEL OSCO,8894 S STATE ST,60607
230729,45,686.0,WALMART,1817 W 43RD ST,60605
90314,33,245.0,SAMS CLUB,9374 N SOUTHPORT AVE,60609
841284,8,612.0,NEYBOUR'S TAVERN,7556 S COTTAGE GROVE AVE,60631
721108,18,549.0,HOME DEPOT,9802 S STATE ST,60630
409510,29,394.0,LOWES,225 N BROADWAY,60617
35725,46,862.0,TARGET,9886 S COTTAGE GROVE AVE,60631
614501,7,172.0,ALDI,8783 W CHICAGO AVE,60633
360045,2,479.0,WALGREENS,5315 S COTTAGE GROVE AVE,60601
215269,34,642.0,LOU MALNATIS,1862 N WESTERN AVE,60606
188191,29,173.0,SUBWAY,9894 S ARCHER AVE,60614
791424,16,246.0,SUBWAY,1129 N WESTERN AVE,60608
651994,33,482.0,SUBWAY,8850 S HOUSTON AVE,60631
380389,9,679.0,HOME DEPOT,3915 S PULASKI RD,60609
482586,31,766.0,SEVEN ELEVEN,3028 S STATE ST,60636
486861,18,108.0,HOME DEPOT,2031 W CHICAGO AVE,60635
282846,6,752.0,COSTCO,7336 N WESTERN AVE,60630
584380,25,407.0,BUONA BEEF,3869 W CHICAGO AVE,60617
524185,21,827.0,SAMS CLUB,4066 W NORTH AVE,60602
777336,2,861.0,BUONA BEEF,5569 S STATE ST,60622
758165,47,962.0,MARIANO'S,975 S WABASH AVE,60638
14236,25,703.0,MARIANO'S,4548 S STATE ST,60621
474634,11,942.0,WHOLE FOODS,9297 S WABASH AVE,60629
840985,3,894.0,HOME DEPOT,1887 W DEVON AVE,60637
577712,44,480.0,CELINA DELI,1286 N MICHIGAN AVE,60626
459534,47,923.0,HONEYBEERS,9166 S HALSTED ST,60625
927232,16,912.0,ADVANCE AUTO,3459 N CICERO AVE,60606
315896,39,808.0,SAMS CLUB,1980 N MICHIGAN AVE,60629
690746,3,898.0,DOMINICKS,8592 S HOUSTON AVE,60606
713671,25,802.0,MARIANO'S,5937 S COTTAGE GROVE AVE,60637
546017,14,891.0,LOWES,6087 W 63RD ST,60613
441966,2,679.0,PORTILLOS,4590 S ARCHER AVE,60638
138531,38,132.0,TRADER JOES,1827 W NORTH AVE,60618
136594,27,343.0,CELINA DELI,3315 N SOUTHPORT AVE,60617
725803,17,977.0,MCDONALD'S,4466 N WESTERN AVE,60626
363406,37,920.0,ALDI,9769 N CLARK ST,60638
77873,21,410.0,WHOLE FOODS,5582 W IRVING PARK RD,60640
824093,40,647.0,BP GAS STATION,8446 N CLARK ST,60618
558936,24,647.0,SUBWAY,999 S WABASH AVE,60617
247310,1,552.0,NEYBOUR'S TAVERN,117 S WABASH AVE,60618
59583,1,236.0,COSTCO,9891 W IRVING PARK RD,60601
240562,42,943.0,TRADER JOES,8573 N WESTERN AVE,60605
396344,26,233.0,SEVEN ELEVEN,5766 W IRVING PARK RD,60630
637214,7,404.0,CVS PHARMACY,3593 S COTTAGE GROVE AVE,60606
891285,7,385.0,SPEEDWAY,7785 W 43RD ST,60613
552286,6,359.0,LOU MALNATIS,7207 N CICERO AVE,60613
4426,25,655.0,LOWES,6146 N WESTERN AVE,60606
589398,9,154.0,WHOLE FOODS,3511 S ARCHER AVE,60623
419995,33,896.0,AUTOZONE,4990 N CICERO AVE,60636
689976,16,889.0,SEVEN ELEVEN,6611 W IRVING PARK RD,60620
696268,34,863.0,BP GAS STATION,5241 N CLARK ST,60632
315746,10,152.0,NEYBOUR'S TAVERN,7795 S COTTAGE GROVE AVE,60624
782546,3,599.0,KRAFT FOODS,7332 W DEVON AVE,60635
40107,47,936.0,MARIANO'S,4680 W MADISON ST,60618
747089,6,647.0,ADVANCE AUTO,2593 N MICHIGAN AVE,60634
590959,29,340.0,MARIANO'S,6862 S STATE ST,60635
824870,37,138.0,SEVEN ELEVEN,6023 S PULASKI RD,60619
56169,19,598.0,NEYBOUR'S TAVERN,8164 W CHICAGO AVE,60634
540152,38,688.0,COSTCO,7796 N WESTERN AVE,60616
943910,21,544.0,JEWEL OSCO,7639 W 63RD ST,60625
740299,3,337.0,TRADER JOES,9802 N WESTERN AVE,60619
400211,1,313.0,ADVANCE AUTO,5896 N CICERO AVE,60628
228106,5,748.0,MARIANO'S,1796 W CHICAGO AVE,60624
255635,13,210.0,SPEEDWAY,7511 W NORTH AVE,60613
572819,4,672.0,LOU MALNATIS,5115 S COTTAGE GROVE AVE,60629
978652,26,640.0,WHOLE FOODS,3308 W IRVING PARK RD,60635
66981,35,859.0,WALMART,1908 S HOUSTON AVE,60619
17206,8,863.0,GIORDANOS,2912 W IRVING PARK RD,60610
161175,14,519.0,NEYBOUR'S TAVERN,6487 W 43RD ST,60634
774867,1,615.0,DUNKIN DONUTS,3416 N CLARK ST,60631
899579,12,236.0,TONY'S FINER FOODS,1377 W 43RD ST,60634
942642,47,868.0,LOWES,1125 N SOUTHPORT AVE,60630
13631,50,757.0,TRADER JOES,3018 S ARCHER AVE,60610
982814,18,545.0,CVS PHARMACY,2185 S WABASH AVE,60614
670619,6,179.0,NEYBOUR'S TAVERN,7159 S HOUSTON AVE,60638
399327,13,101.0,COSTCO,5589 W DEVON AVE,60627
703970,5,916.0,BUONA BEEF,9120 S STATE ST,60623
123036,2,749.0,SUBWAY,3357 W MADISON ST,60606
757787,36,703.0,DOMINICKS,964 N WESTERN AVE,60629
130254,50,324.0,PIZZA HUT,1944 W NORTH AVE,60608
600990,15,941.0,KRAFT FOODS,871 W 63RD ST,60639
808467,45,312.0,LOU MALNATIS,5328 W DEVON AVE,60622
417806,37,260.0,TONY'S FINER FOODS,9681 W IRVING PARK RD,60621
254008,8,312.0,STARBUCKS,1068 W NORTH AVE,60606
513601,35,406.0,NEYBOUR'S TAVERN,2213 N CLARK ST,60625
934538,7,168.0,POTBELLY,8848 W CHICAGO AVE,60639
967127,26,312.0,REGGIE'S BAR & GRILL,974 W CHICAGO AVE,60602
465754,30,475.0,NEYBOUR'S TAVERN,136 S HALSTED ST,60601
305995,30,544.0,DOMINICKS,9201 N CLARK ST,60601
664984,39,422.0,STARBUCKS,3757 N CICERO AVE,60626
89297,43,259.0,WHOLE FOODS,455 S WABASH AVE,60615
441141,19,562.0,LOU MALNATIS,4029 N BROADWAY,60613
95937,36,622.0,AUTOZONE,9633 N CLARK ST,60601
957061,36,106.0,TARGET,7861 S COTTAGE GROVE AVE,60620
537534,32,362.0,JEWEL OSCO,9417 W NORTH AVE,60611
784061,43,579.0,TARGET,6709 S WABASH AVE,60606
928906,5,365.0,DUNKIN DONUTS,703 W 43RD ST,60639
913710,36,441.0,CVS PHARMACY,884 W MADISON ST,60627
842741,29,216.0,AUTOZONE,3860 N MICHIGAN AVE,60621
258371,14,167.0,LOU MALNATIS,8020 N BROADWAY,60619
525106,8,666.0,GIORDANOS,9251 N SOUTHPORT AVE,60607
974525,29,877.0,NEYBOUR'S TAVERN,639 S HALSTED ST,60636
178106,26,517.0,LOU MALNATIS,4703 N CICERO AVE,60640
98333,12,615.0,LOU MALNATIS,6295 W IRVING PARK RD,60636
151658,36,132.0,BP GAS STATION,7962 N CICERO AVE,60624
154028,29,688.0,SEVEN ELEVEN,9463 S WABASH AVE,60617
314128,4,697.0,CVS PHARMACY,6131 N SOUTHPORT AVE,60620
570486,16,135.0,SHELL STATION,981 W CHICAGO AVE,60602
854580,10,604.0,CELINA DELI,1594 W 43RD ST,60615
686392,14,748.0,HONEYBEERS,6712 S COTTAGE GROVE AVE,60629
244175,45,784.0,SUBWAY,9678 N SOUTHPORT AVE,60628
330245,6,739.0,WALMART,6228 S COTTAGE GROVE AVE,60622
14277,50,273.0,KRAFT FOODS,9163 S HALSTED ST,60634
638809,34,393.0,BUONA BEEF,2098 W 63RD ST,60631
865260,31,140.0,TRADER JOES,5244 S ARCHER AVE,60622
3196,35,533.0,CELINA DELI,9652 S PULASKI RD,60612
870976,46,216.0,LOU MALNATIS,6497 S WABASH AVE,60617
640305,40,451.0,GIORDANOS,2794 N CICERO AVE,60620
721786,41,433.0,CELINA DELI,1969 W IRVING PARK RD,60618
636819,3,961.0,STARBUCKS,5756 S WABASH AVE,60629
396936,36,600.0,POTBELLY,6291 N CICERO AVE,60613
255019,36,424.0,WHOLE FOODS,1752 N WESTERN AVE,60621
39671,40,967.0,WALGREENS,9690 N WESTERN AVE,60604
537598,21,339.0,JEWEL OSCO,4521 N WESTERN AVE,60634
214098,42,285.0,CVS PHARMACY,4029 N WESTERN AVE,60603
784427,19,644.0,PIZZA HUT,5159 W 63RD ST,60602
435725,11,288.0,LOU MALNATIS,3845 N CICERO AVE,60625
934585,16,887.0,BP GAS STATION,8379 N WESTERN AVE,60639
119754,48,607.0,NEYBOUR'S TAVERN,7124 N SOUTHPORT AVE,60616
10626,47,183.0,LOWES,3773 W 43RD ST,60621
441859,35,708.0,ADVANCE AUTO,736 S HOUSTON AVE,60637
974651,37,896.0,SPEEDWAY,5604 N BROADWAY,60619
702566,37,843.0,LOWES,5374 S WABASH AVE,60604
402150,39,180.0,PORTILLOS,6634 W DEVON AVE,60623
576602,45,956.0,DUNKIN DONUTS,8962 S WABASH AVE,60637
177788,33,898.0,ALDI,5922 N CLARK ST,60609
771563,11,578.0,COSTCO,2381 N MICHIGAN AVE,60617
532328,1,142.0,LOU MALNATIS,5501 W CHICAGO AVE,60613
71380,24,743.0,KRAFT FOODS,4758 W CHICAGO AVE,60618
484446,2,408.0,ADVANCE AUTO,2647 N MICHIGAN AVE,60632
472407,14,341.0,KRAFT FOODS,8451 S HOUSTON AVE,60606
762885,1,917.0,AUTOZONE,1990 W NORTH AVE,60629
691016,48,197.0,SEVEN ELEVEN,8799 N WESTERN AVE,60601
83368,4,288.0,SUBWAY,783 W 63RD ST,60610
303856,12,144.0,BP GAS STATION,566 S STATE ST,60605
138394,37,650.0,GIORDANOS,1665 S STATE ST,60604
684421,10,363.0,SUBWAY,5934 S STATE ST,60638
476761,4,285.0,STARBUCKS,5079 S ARCHER AVE,60623
42476,31,768.0,WALGREENS,4536 N CICERO AVE,60636
175480,20,360.0,WHOLE FOODS,558 S COTTAGE GROVE AVE,60606
361821,50,665.0,BUONA BEEF,5186 S HOUSTON AVE,60635
893129,27,487.0,JEWEL OSCO,4872 N SOUTHPORT AVE,60617
385092,36,390.0,MCDONALD'S,4439 S HALSTED ST,60609
81555,45,116.0,MARIANO'S,5482 N BROADWAY,60603
327947,38,688.0,TRADER JOES,2843 S ARCHER AVE,60622
887596,21,145.0,HOME DEPOT,8886 N SOUTHPORT AVE,60635
228874,32,415.0,PORTILLOS,8520 S COTTAGE GROVE AVE,60612
494135,14,798.0,SAMS CLUB,3487 S ARCHER AVE,60630
601986,48,937.0,SPEEDWAY,402 W IRVING PARK RD,60610
363052,37,536.0,TRADER JOES,6984 N BROADWAY,60621
884593,21,759.0,TARGET,3900 N SOUTHPORT AVE,60633
193202,31,264.0,CELINA DELI,1933 S HOUSTON AVE,60638
444285,10,129.0,PORTILLOS,2131 W DEVON AVE,60633
172342,33,728.0,COSTCO,644 S HOUSTON AVE,60635
850414,2,460.0,TONY'S FINER FOODS,5474 S WABASH AVE,60606
268759,47,846.0,SAMS CLUB,2095 W CHICAGO AVE,60602
52713,4,820.0,HONEYBEERS,8511 W NORTH AVE,60618
777282,19,869.0,TRADER JOES,122 W 63RD ST,60612
707201,24,982.0,MARIANO'S,7376 N CLARK ST,60627
426463,24,118.0,SEVEN ELEVEN,7459 W CHICAGO AVE,60631
224121,21,920.0,MARIANO'S,5442 N WESTERN AVE,60605
115548,3,864.0,JEWEL OSCO,8798 S ARCHER AVE,60609
741239,33,227.0,LOWES,1920 W MADISON ST,60629
351425,12,865.0,NEYBOUR'S TAVERN,6194 W IRVING PARK RD,60623
971148,13,588.0,WALGREENS,1368 S COTTAGE GROVE AVE,60640
50653,23,261.0,WALGREENS,4344 W MADISON ST,60603
945985,33,878.0,WALGREENS,9352 S STATE ST,60603
750791,10,688.0,HONEYBEERS,3216 S COTTAGE GROVE AVE,60627
185208,43,337.0,CELINA DELI,3597 S WABASH AVE,60604
175383,38,117.0,JEWEL OSCO,4865 W DEVON AVE,60636
324597,5,358.0,NEYBOUR'S TAVERN,9276 W 43RD ST,60611
973516,28,606.0,NEYBOUR'S TAVERN,4455 N WESTERN AVE,60627
491229,47,469.0,DUNKIN DONUTS,3944 W NORTH AVE,60640
974233,4,103.0,PORTILLOS,860 N CLARK ST,60628
848987,33,637.0,CELINA DELI,5950 W CHICAGO AVE,60623
454038,38,921.0,WHOLE FOODS,6570 N BROADWAY,60610
23887,48,729.0,SUBWAY,1111 N BROADWAY,60626
341205,3,620.0,CELINA DELI,834 W DEVON AVE,60623
294205,40,794.0,NEYBOUR'S TAVERN,8870 N CICERO AVE,60601
573303,15,599.0,DUNKIN DONUTS,3015 W 63RD ST,60619
147015,40,693.0,HOME DEPOT,9838 N CICERO AVE,60639
65694,44,641.0,SEVEN ELEVEN,5751 W MADISON ST,60636
104746,41,668.0,JEWEL OSCO,776 S STATE ST,60614
342570,17,611.0,REGGIE'S BAR & GRILL,9486 N CLARK ST,60603
108919,31,852.0,TONY'S FINER FOODS,2556 S HOUSTON AVE,60628
715537,48,226.0,ADVANCE AUTO,7060 W IRVING PARK RD,60602
655973,30,883.0,COSTCO,5733 S HOUSTON AVE,60633
946514,23,574.0,LOWES,2849 S HALSTED ST,60612
279855,43,127.0,SAMS CLUB,665 S WABASH AVE,60627
849756,5,805.0,TRADER JOES,8488 S COTTAGE GROVE AVE,60608
538182,49,126.0,WHOLE FOODS,6038 N BROADWAY,60638
149919,22,676.0,TRADER JOES,4825 S WABASH AVE,60630
497791,9,277.0,LOWES,3781 N CLARK ST,60608
64665,50,659.0,WALGREENS,2810 W NORTH AVE,60636
979958,19,349.0,SAMS CLUB,9608 W CHICAGO AVE,60623
435365,11,210.0,BUONA BEEF,4823 S PULASKI RD,60617
804792,11,508.0,SHELL STATION,8582 W MADISON ST,60618
328220,15,155.0,KRAFT FOODS,9678 S ARCHER AVE,60618
529826,19,280.0,BP GAS STATION,4691 N BROADWAY,60627
713752,36,200.0,HOME DEPOT,8342 N BROADWAY,60640
825536,21,770.0,WALGREENS,3205 N BROADWAY,60634
859257,18,360.0,REGGIE'S BAR & GRILL,4991 S PULASKI RD,60624
370248,28,167.0,COSTCO,2875 W 63RD ST,60621
306067,38,283.0,BUONA BEEF,7281 N WESTERN AVE,60617
110823,4,253.0,BUONA BEEF,8851 N CLARK ST,60621
649034,39,211.0,CVS PHARMACY,5953 N WESTERN AVE,60615
724999,35,418.0,SPEEDWAY,397 W CHICAGO AVE,60616
772255,49,519.0,JEWEL OSCO,4419 W NORTH AVE,60621
100249,31,792.0,ADVANCE AUTO,6643 N BROADWAY,60615
482287,44,410.0,PORTILLOS,2040 S HOUSTON AVE,60626
720806,18,614.0,SEVEN ELEVEN,6400 S ARCHER AVE,60613
228176,29,345.0,POTBELLY,3813 N WESTERN AVE,60602
248813,32,373.0,POTBELLY,368 W 63RD ST,60606
798374,21,436.0,TRADER JOES,2107 N CICERO AVE,60638
555595,9,684.0,SAMS CLUB,3009 W NORTH AVE,60630
372330,19,700.0,HONEYBEERS,4555 W DEVON AVE,60627
654017,42,620.0,NEYBOUR'S TAVERN,1733 S ARCHER AVE,60604
721814,3,794.0,BUONA BEEF,5352 W 43RD ST,60636
254883,9,246.0,COSTCO,6416 N SOUTHPORT AVE,60636
19432,23,222.0,JEWEL OSCO,3132 W MADISON ST,60622
934288,34,406.0,KRAFT FOODS,7445 S COTTAGE GROVE AVE,60604
734558,29,169.0,DOMINICKS,4779 N SOUTHPORT AVE,60612
830915,42,447.0,JEWEL OSCO,7629 S ARCHER AVE,60635
973458,5,926.0,CELINA DELI,2584 N WESTERN AVE,60634
483109,1,809.0,BUONA BEEF,6531 N SOUTHPORT AVE,60639
293148,27,282.0,NEYBOUR'S TAVERN,2247 N BROADWAY,60617
240649,6,880.0,TARGET,3874 S WABASH AVE,60620
832966,21,966.0,DUNKIN DONUTS,9715 S HOUSTON AVE,60610
673087,7,245.0,REGGIE'S BAR & GRILL,1799 S PULASKI RD,60612
860550,32,429.0,POTBELLY,6540 S HOUSTON AVE,60611
264084,22,725.0,WALGREENS,8930 W NORTH AVE,60637
910830,10,729.0,HOME DEPOT,6073 S ARCHER AVE,60614
431362,3,441.0,MARIANO'S,5110 W DEVON AVE,60632
885228,20,884.0,WALMART,6670 S HOUSTON AVE,60634
995650,36,764.0,WHOLE FOODS,7525 N SOUTHPORT AVE,60636
284658,34,838.0,GIORDANOS,1040 S STATE ST,60601
18403,41,295.0,HONEYBEERS,8299 W NORTH AVE,60640
693060,6,372.0,NEYBOUR'S TAVERN,966 N SOUTHPORT AVE,60611
250231,24,475.0,MCDONALD'S,1651 S PULASKI RD,60608
205442,15,511.0,TARGET,5254 W DEVON AVE,60621
132372,26,555.0,JEWEL OSCO,3953 W 63RD ST,60602
280435,30,869.0,BUONA BEEF,7748 N MICHIGAN AVE,60625
834153,47,100.0,SUBWAY,6007 S STATE ST,60627
871644,3,399.0,BP GAS STATION,9374 W 43RD ST,60630
307554,12,387.0,WALMART,2154 N WESTERN AVE,60607
601134,34,367.0,LOU MALNATIS,9924 W NORTH AVE,60620
451060,26,610.0,SAMS CLUB,8795 S COTTAGE GROVE AVE,60614
304220,23,465.0,SEVEN ELEVEN,4369 W CHICAGO AVE,60613
690586,48,687.0,NEYBOUR'S TAVERN,5606 S PULASKI RD,60620
874287,6,375.0,BP GAS STATION,9808 N CICERO AVE,60627
294720,36,310.0,TARGET,9949 W 63RD ST,60629
278998,34,777.0,COSTCO,8336 W 63RD ST,60611
424420,29,834.0,TARGET,6803 W NORTH AVE,60608
652365,46,730.0,STARBUCKS,2290 N CLARK ST,60621
346511,45,727.0,GIORDANOS,2464 N MICHIGAN AVE,60610
215880,14,250.0,WALGREENS,8448 W 43RD ST,60639
118090,33,226.0,SAMS CLUB,4991 W IRVING PARK RD,60620
525325,46,101.0,POTBELLY,8006 S HALSTED ST,60611
562992,29,154.0,PIZZA HUT,9590 N WESTERN AVE,60639
27295,35,397.0,DUNKIN DONUTS,6115 W IRVING PARK RD,60615
235031,18,902.0,REGGIE'S BAR & GRILL,8479 N CICERO AVE,60601
15896,6,412.0,SUBWAY,4857 N WESTERN AVE,60601
344577,49,642.0,WALMART,2687 N BROADWAY,60630
646134,23,757.0,HOME DEPOT,416 W IRVING PARK RD,60621
850040,6,742.0,BP GAS STATION,3902 N WESTERN AVE,60632
749792,3,210.0,REGGIE'S BAR & GRILL,9770 S HOUSTON AVE,60638
199300,24,892.0,GIORDANOS,444 N CICERO AVE,60627
362422,42,490.0,MARIANO'S,913 N CLARK ST,60606
698521,13,968.0,PIZZA HUT,8742 S PULASKI RD,60626
606375,34,631.0,CELINA DELI,7724 W NORTH AVE,60608
901058,34,770.0,NEYBOUR'S TAVERN,3081 S HALSTED ST,60601
253465,21,377.0,ADVANCE AUTO,4177 N SOUTHPORT AVE,60603
734366,25,943.0,STARBUCKS,9952 S STATE ST,60625
683797,12,647.0,NEYBOUR'S TAVERN,3861 S WABASH AVE,60639
983946,32,661.0,BP GAS STATION,2366 W 63RD ST,60627
379229,33,548.0,NEYBOUR'S TAVERN,7755 S ARCHER AVE,60618
573086,29,650.0,TARGET,8531 S HOUSTON AVE,60635
216125,12,256.0,DOMINICKS,3931 S ARCHER AVE,60610
387478,50,557.0,MCDONALD'S,2421 S WABASH AVE,60611
158710,27,274.0,COSTCO,2275 N WESTERN AVE,60616
515828,32,637.0,HONEYBEERS,6190 S COTTAGE GROVE AVE,60625
206434,37,548.0,BUONA BEEF,6874 S ARCHER AVE,60616
622777,11,446.0,WHOLE FOODS,320 S HALSTED ST,60623
58950,25,684.0,WHOLE FOODS,404 W 63RD ST,60632
150837,39,212.0,PORTILLOS,7203 S HALSTED ST,60610
803714,30,812.0,HOME DEPOT,501 W DEVON AVE,60637
877168,8,461.0,SAMS CLUB,6406 S STATE ST,60623
398230,38,675.0,BUONA BEEF,9489 N CICERO AVE,60626
975075,22,305.0,STARBUCKS,7899 S HALSTED ST,60610
528866,17,352.0,MARIANO'S,4077 S STATE ST,60633
919673,26,658.0,BP GAS STATION,5758 S ARCHER AVE,60629
883511,27,502.0,SHELL STATION,9440 N MICHIGAN AVE,60640
989908,40,436.0,AUTOZONE,8123 S HOUSTON AVE,60634
7422,39,646.0,DUNKIN DONUTS,2428 N MICHIGAN AVE,60629
315463,43,725.0,WALMART,5010 S PULASKI RD,60618
804399,24,887.0,GIORDANOS,150 N MICHIGAN AVE,60635
145468,30,961.0,CELINA DELI,2994 S WABASH AVE,60604
468755,2,404.0,REGGIE'S BAR & GRILL,6172 W DEVON AVE,60637
814872,1,477.0,WHOLE FOODS,3577 N CICERO AVE,60618
410838,32,906.0,WALGREENS,199 W CHICAGO AVE,60603
707358,42,242.0,REGGIE'S BAR & GRILL,6805 W DEVON AVE,60601
652089,28,680.0,MCDONALD'S,7634 W MADISON ST,60611
135647,13,728.0,HONEYBEERS,1489 S PULASKI RD,60634
341689,48,700.0,DOMINICKS,6618 W NORTH AVE,60616
562170,39,377.0,PIZZA HUT,5084 N BROADWAY,60605
71344,1,141.0,CELINA DELI,4582 W IRVING PARK RD,60607
633464,16,385.0,REGGIE'S BAR & GRILL,5553 W CHICAGO AVE,60604
414569,21,787.0,LOU MALNATIS,642 W 63RD ST,60604
423852,6,785.0,MARIANO'S,7796 S PULASKI RD,60629
328159,41,593.0,TARGET,730 S PULASKI RD,60625
611210,1,436.0,PORTILLOS,8180 N SOUTHPORT AVE,60638
938624,21,888.0,AUTOZONE,4518 W 63RD ST,60640
54021,8,752.0,STARBUCKS,947 N MICHIGAN AVE,60612
745091,29,866.0,SEVEN ELEVEN,5615 S WABASH AVE,60620
239538,41,664.0,CELINA DELI,5150 S HOUSTON AVE,60636
106871,40,169.0,COSTCO,7877 W DEVON AVE,60604
610220,3,595.0,SEVEN ELEVEN,4030 W MADISON ST,60609
76954,37,223.0,WALMART,3812 N CICERO AVE,60636
487613,46,224.0,ADVANCE AUTO,8952 W 63RD ST,60608
190113,3,301.0,MARIANO'S,6815 N SOUTHPORT AVE,60616
845641,22,583.0,STARBUCKS,7964 N SOUTHPORT AVE,60604
680248,11,558.0,BP GAS STATION,7066 S COTTAGE GROVE AVE,60640
150766,26,862.0,LOU MALNATIS,4852 W IRVING PARK RD,60621
52120,18,645.0,REGGIE'S BAR & GRILL,322 S COTTAGE GROVE AVE,60615
338096,42,581.0,ADVANCE AUTO,5795 N BROADWAY,60621
553200,1,349.0,MCDONALD'S,6625 S COTTAGE GROVE AVE,60633
592945,19,108.0,MCDONALD'S,6407 W MADISON ST,60618
288354,11,257.0,GIORDANOS,5195 N CICERO AVE,60602
658878,10,763.0,SUBWAY,9632 N CICERO AVE,60634
690335,14,448.0,SEVEN ELEVEN,8922 N CICERO AVE,60640
540720,6,716.0,COSTCO,9255 N MICHIGAN AVE,60620
651660,10,353.0,TONY'S FINER FOODS,3291 S HOUSTON AVE,60636
208810,32,406.0,ADVANCE AUTO,7121 W MADISON ST,60618
409972,38,545.0,KRAFT FOODS,4316 W CHICAGO AVE,60610
622373,28,469.0,GIORDANOS,5812 W NORTH AVE,60631
584676,28,130.0,ADVANCE AUTO,2052 S STATE ST,60606
797963,25,,REGGIE'S BAR & GRILL,4932 W DEVON AVE,60601
495046,16,899.0,SAMS CLUB,4745 S ARCHER AVE,60637
682217,40,689.0,DOMINICKS,1515 N CICERO AVE,60609
873550,37,813.0,TARGET,2279 N SOUTHPORT AVE,60640
105221,45,892.0,WALGREENS,7205 W NORTH AVE,60605
22549,32,929.0,MCDONALD'S,9327 N SOUTHPORT AVE,60613
828489,15,219.0,BUONA BEEF,9547 W IRVING PARK RD,60616
878977,8,663.0,LOWES,3587 N SOUTHPORT AVE,60631
31774,48,191.0,SPEEDWAY,9269 W MADISON ST,60608
873025,33,659.0,SPEEDWAY,9014 W NORTH AVE,60611
320972,32,559.0,SAMS CLUB,7837 S PULASKI RD,60611
460376,23,484.0,COSTCO,2903 W MADISON ST,60607
803684,33,100.0,SUBWAY,7442 S HALSTED ST,60633
235932,22,645.0,ALDI,8962 S HOUSTON AVE,60614
320226,15,829.0,NEYBOUR'S TAVERN,3544 W 43RD ST,60617
574520,37,946.0,SUBWAY,3931 W 63RD ST,60606
647427,33,115.0,POTBELLY,7422 N CICERO AVE,60605
208925,42,244.0,REGGIE'S BAR & GRILL,5354 S COTTAGE GROVE AVE,60604
600728,48,597.0,SEVEN ELEVEN,9878 S STATE ST,60622
41739,46,725.0,COSTCO,7658 W NORTH AVE,60638
522730,45,804.0,MCDONALD'S,1506 W DEVON AVE,60602
206835,20,556.0,ALDI,6008 W 43RD ST,60622
607235,7,605.0,WALMART,5304 S HALSTED ST,60611
330094,30,629.0,BUONA BEEF,2469 N CLARK ST,60616
985551,2,994.0,REGGIE'S BAR & GRILL,8620 N CLARK ST,60606
838860,46,922.0,MARIANO'S,9502 S STATE ST,60602
205231,44,901.0,BP GAS STATION,3509 N BROADWAY,60606
679566,39,124.0,GIORDANOS,3448 S HOUSTON AVE,60625
222390,19,296.0,NEYBOUR'S TAVERN,4900 N CLARK ST,60632
828218,16,447.0,ADVANCE AUTO,2798 S STATE ST,60632
480522,39,170.0,MARIANO'S,1323 S HALSTED ST,60625
825167,15,632.0,SAMS CLUB,6934 S HOUSTON AVE,60615
520410,42,414.0,COSTCO,842 N CLARK ST,60625
548274,45,232.0,COSTCO,2505 N BROADWAY,60627
237527,3,939.0,MARIANO'S,6206 S COTTAGE GROVE AVE,60619
710841,10,750.0,LOU MALNATIS,3708 N SOUTHPORT AVE,60610
115979,28,115.0,BP GAS STATION,1947 N SOUTHPORT AVE,60602
481196,42,312.0,TRADER JOES,4070 W 43RD ST,60626
381134,6,558.0,WHOLE FOODS,1461 W 43RD ST,60638
652579,16,770.0,WALMART,3476 S PULASKI RD,60620
518454,37,762.0,SPEEDWAY,6306 W IRVING PARK RD,60635
229162,22,585.0,DUNKIN DONUTS,7607 S COTTAGE GROVE AVE,60612
608183,20,474.0,TONY'S FINER FOODS,3902 N MICHIGAN AVE,60632
469526,49,213.0,LOU MALNATIS,5593 N SOUTHPORT AVE,60629
175200,44,260.0,NEYBOUR'S TAVERN,2554 S COTTAGE GROVE AVE,60637
877999,45,822.0,WHOLE FOODS,4682 S COTTAGE GROVE AVE,60630
311280,36,772.0,SAMS CLUB,3281 N CICERO AVE,60612
723246,32,480.0,SAMS CLUB,1924 W CHICAGO AVE,60625
559926,46,602.0,TARGET,857 N MICHIGAN AVE,60612
477297,9,378.0,STARBUCKS,6907 W 63RD ST,60633
245238,43,282.0,TONY'S FINER FOODS,6006 W DEVON AVE,60606
632082,21,387.0,BP GAS STATION,9257 N CICERO AVE,60601
524371,8,925.0,BP GAS STATION,5322 W CHICAGO AVE,60605
500019,4,881.0,DOMINICKS,7133 S WABASH AVE,60634
392468,24,167.0,NEYBOUR'S TAVERN,5719 S PULASKI RD,60626
988496,35,367.0,WHOLE FOODS,5361 W 43RD ST,60626
109039,25,426.0,HONEYBEERS,1933 S HALSTED ST,60640
349205,48,546.0,SEVEN ELEVEN,3079 W DEVON AVE,60601
625379,36,815.0,CVS PHARMACY,1551 W 43RD ST,60613
84535,20,990.0,MCDONALD'S,9010 S PULASKI RD,60618
600299,22,790.0,STARBUCKS,7618 W IRVING PARK RD,60616
483666,33,367.0,DUNKIN DONUTS,5761 N WESTERN AVE,60612
446278,44,270.0,REGGIE'S BAR & GRILL,6916 N BROADWAY,60635
409783,3,688.0,TARGET,9936 S STATE ST,60605
823496,9,405.0,MARIANO'S,1044 S PULASKI RD,60627
545438,10,318.0,TRADER JOES,2368 W 43RD ST,60625
250256,9,663.0,COSTCO,2730 S ARCHER AVE,60635
152698,50,960.0,POTBELLY,5108 N SOUTHPORT AVE,60615
977378,6,357.0,SUBWAY,3307 N MICHIGAN AVE,60602
778196,30,323.0,SHELL STATION,9072 S ARCHER AVE,60627
190157,11,450.0,ALDI,6127 W NORTH AVE,60633
120717,15,846.0,SEVEN ELEVEN,9393 N SOUTHPORT AVE,60619
673608,6,776.0,SHELL STATION,7775 N SOUTHPORT AVE,60616
605109,31,683.0,JEWEL OSCO,910 W IRVING PARK RD,60608
793645,1,204.0,BP GAS STATION,1027 N CICERO AVE,60639
644481,11,131.0,SEVEN ELEVEN,7239 N WESTERN AVE,60607
77227,26,625.0,KRAFT FOODS,3753 N BROADWAY,60618
996096,42,180.0,KRAFT FOODS,8425 N WESTERN AVE,60630
922334,6,183.0,JEWEL OSCO,1527 N WESTERN AVE,60632
53088,13,550.0,POTBELLY,6028 W NORTH AVE,60628
413010,14,205.0,HOME DEPOT,547 S ARCHER AVE,60603
96918,18,676.0,CELINA DELI,4025 W 63RD ST,60604
394260,40,980.0,KRAFT FOODS,7206 W NORTH AVE,60614
181856,27,505.0,SHELL STATION,256 N SOUTHPORT AVE,60623
178499,21,471.0,MCDONALD'S,9159 W IRVING PARK RD,60606
302874,38,971.0,SEVEN ELEVEN,4954 S COTTAGE GROVE AVE,60612
85452,13,180.0,TARGET,6836 W 63RD ST,60610
615047,14,825.0,PORTILLOS,3717 N WESTERN AVE,60612
579592,39,312.0,SEVEN ELEVEN,7574 S PULASKI RD,60638
201632,6,835.0,AUTOZONE,2163 W 43RD ST,60636
497761,27,603.0,KRAFT FOODS,5255 N SOUTHPORT AVE,60609
361156,15,909.0,HOME DEPOT,8919 S PULASKI RD,60607
342179,6,368.0,ALDI,862 N CICERO AVE,60640
91170,39,320.0,AUTOZONE,1029 S PULASKI RD,60620
257894,9,882.0,REGGIE'S BAR & GRILL,1629 W IRVING PARK RD,60615
714432,49,329.0,BUONA BEEF,2481 S HALSTED ST,60610
49042,38,873.0,LOU MALNATIS,7019 S ARCHER AVE,60636
218946,48,128.0,MARIANO'S,1147 W 43RD ST,60617
499376,35,785.0,SHELL STATION,744 S HOUSTON AVE,60613
550594,6,524.0,NEYBOUR'S TAVERN,4750 N CICERO AVE,60612
512526,15,430.0,SEVEN ELEVEN,4411 W CHICAGO AVE,60629
270032,44,803.0,ALDI,9556 W NORTH AVE,60621
228976,43,214.0,SHELL STATION,7851 W CHICAGO AVE,60624
146978,30,616.0,POTBELLY,7243 S HOUSTON AVE,60609
417467,2,784.0,ALDI,1693 W NORTH AVE,60617
528002,48,683.0,POTBELLY,4490 S HALSTED ST,60639
392847,49,535.0,POTBELLY,1880 N CLARK ST,60627
673371,46,163.0,TONY'S FINER FOODS,4251 S ARCHER AVE,60602
757655,16,790.0,MARIANO'S,2621 S HALSTED ST,60640
84174,39,700.0,WHOLE FOODS,2785 N CICERO AVE,60619
751702,6,966.0,WALMART,2083 S ARCHER AVE,60606
545932,18,765.0,WHOLE FOODS,815 S PULASKI RD,60638
316016,15,873.0,SEVEN ELEVEN,1852 S HOUSTON AVE,60616
28153,18,266.0,SAMS CLUB,9093 N SOUTHPORT AVE,60601
865520,14,365.0,SHELL STATION,7319 N BROADWAY,60603
727904,45,136.0,JEWEL OSCO,1758 W NORTH AVE,60601
724988,10,941.0,CELINA DELI,1369 W MADISON ST,60634
730311,3,236.0,MCDONALD'S,759 W DEVON AVE,60631
825130,49,711.0,PORTILLOS,4174 W IRVING PARK RD,60606
472167,19,324.0,STARBUCKS,1878 W DEVON AVE,60630
870349,47,772.0,PORTILLOS,6926 N WESTERN AVE,60604
606359,1,120.0,ADVANCE AUTO,8706 S ARCHER AVE,60624
43202,14,874.0,AUTOZONE,7178 S HALSTED ST,60619
444552,50,379.0,ADVANCE AUTO,7257 W CHICAGO AVE,60638
561248,6,940.0,CELINA DELI,1585 N BROADWAY,60621
152547,45,117.0,CVS PHARMACY,3093 N BROADWAY,60604
403268,5,900.0,WALGREENS,8327 S PULASKI RD,60610
112286,29,317.0,CELINA DELI,4091 W DEVON AVE,60630
288739,10,574.0,SHELL STATION,4253 W 63RD ST,60605
842781,35,380.0,BUONA BEEF,9716 S ARCHER AVE,60618
630652,45,892.0,ADVANCE AUTO,2877 N BROADWAY,60606
710375,15,206.0,ADVANCE AUTO,6704 N CICERO AVE,60620
125432,19,242.0,PIZZA HUT,1601 N BROADWAY,60613
896724,29,649.0,CVS PHARMACY,9916 W DEVON AVE,60622
780607,16,510.0,TARGET,3467 W 63RD ST,60621
631936,3,358.0,LOWES,5138 W NORTH AVE,60601
640240,28,555.0,LOU MALNATIS,1053 N CICERO AVE,60620
106422,40,341.0,SEVEN ELEVEN,253 S PULASKI RD,60629
167878,1,289.0,PIZZA HUT,3865 W IRVING PARK RD,60626
396977,33,262.0,KRAFT FOODS,4123 S COTTAGE GROVE AVE,60622
687570,12,296.0,ALDI,9926 N CICERO AVE,60611
160876,34,550.0,SAMS CLUB,6877 W DEVON AVE,60634
528157,47,229.0,WALGREENS,9008 W 43RD ST,60623
57308,42,253.0,GIORDANOS,9717 N MICHIGAN AVE,60620
792066,25,610.0,JEWEL OSCO,6873 W 43RD ST,60625
845380,23,775.0,PIZZA HUT,4000 N CICERO AVE,60627
938397,46,854.0,SAMS CLUB,4847 S STATE ST,60632
552849,28,961.0,SAMS CLUB,6775 N SOUTHPORT AVE,60624
123100,31,718.0,REGGIE'S BAR & GRILL,9476 S HALSTED ST,60604
778934,16,610.0,LOU MALNATIS,3644 N WESTERN AVE,60605
986059,33,562.0,DOMINICKS,1205 W IRVING PARK RD,60631
749397,4,771.0,PIZZA HUT,7476 S HOUSTON AVE,60638
590548,22,670.0,ALDI,7273 W NORTH AVE,60608
53590,28,943.0,COSTCO,1575 S WABASH AVE,60616
239482,1,436.0,SAMS CLUB,514 S WABASH AVE,60632
659013,7,968.0,COSTCO,9979 W MADISON ST,60635
769475,23,331.0,STARBUCKS,5267 S ARCHER AVE,60618
358398,49,573.0,HOME DEPOT,9777 S PULASKI RD,60625
936148,40,109.0,PORTILLOS,7501 W IRVING PARK RD,60615
930558,10,401.0,HOME DEPOT,5298 S HOUSTON AVE,60621
763110,23,976.0,DOMINICKS,4142 W DEVON AVE,60621
862183,30,948.0,KRAFT FOODS,9896 N CLARK ST,60636
332513,19,901.0,PIZZA HUT,5078 N MICHIGAN AVE,60638
689188,42,441.0,MARIANO'S,5632 S ARCHER AVE,60609
654589,20,798.0,AUTOZONE,1339 W NORTH AVE,60621
216879,29,782.0,JEWEL OSCO,7752 S WABASH AVE,60606
524117,38,849.0,SHELL STATION,609 N MICHIGAN AVE,60613
655169,33,849.0,AUTOZONE,8529 S COTTAGE GROVE AVE,60624
22612,30,876.0,ALDI,4697 W CHICAGO AVE,60617
738080,10,219.0,TONY'S FINER FOODS,1264 S PULASKI RD,60601
844148,20,130.0,SHELL STATION,8819 N SOUTHPORT AVE,60607
875378,14,112.0,SUBWAY,3940 W NORTH AVE,60621
758728,47,109.0,DUNKIN DONUTS,7763 S PULASKI RD,60639
914633,2,277.0,SUBWAY,203 S STATE ST,60633
610380,24,991.0,REGGIE'S BAR & GRILL,1285 S STATE ST,60634
46993,40,483.0,TARGET,1795 W IRVING PARK RD,60618
797373,1,893.0,MARIANO'S,1452 W MADISON ST,60604
5474,16,329.0,WHOLE FOODS,3040 W CHICAGO AVE,60621
47658,12,575.0,WALGREENS,4967 W NORTH AVE,60625
251167,31,718.0,HOME DEPOT,2065 S ARCHER AVE,60614
156621,26,838.0,SEVEN ELEVEN,3457 S STATE ST,60605
508124,35,531.0,TONY'S FINER FOODS,2033 S PULASKI RD,60611
346418,30,237.0,KRAFT FOODS,1446 N WESTERN AVE,60621
769000,45,903.0,DUNKIN DONUTS,5776 N SOUTHPORT AVE,60629
998071,48,736.0,PORTILLOS,8970 S PULASKI RD,60627
893311,11,945.0,MARIANO'S,6606 S HALSTED ST,60601
337231,31,835.0,WALGREENS,7604 S ARCHER AVE,60624
8194,42,310.0,DOMINICKS,4217 S ARCHER AVE,60611
363339,36,511.0,TRADER JOES,6924 W IRVING PARK RD,60629
766676,45,326.0,TONY'S FINER FOODS,6184 S HALSTED ST,60621
62353,23,384.0,WHOLE FOODS,708 S PULASKI RD,60640
747416,4,264.0,PIZZA HUT,7960 W 43RD ST,60618
903342,27,803.0,CELINA DELI,9069 S PULASKI RD,60635
336166,4,227.0,AUTOZONE,6365 W CHICAGO AVE,60625
373062,9,647.0,SEVEN ELEVEN,1131 W 63RD ST,60602
42513,39,383.0,LOWES,3426 S HOUSTON AVE,60631
50996,11,384.0,LOWES,8702 W IRVING PARK RD,60606
83459,40,827.0,JEWEL OSCO,8487 W 43RD ST,60623
206159,47,365.0,LOWES,7476 S STATE ST,60627
863932,4,679.0,JEWEL OSCO,5228 W DEVON AVE,60631
881555,7,536.0,HONEYBEERS,8005 S WABASH AVE,60610
58423,12,265.0,WHOLE FOODS,7086 S COTTAGE GROVE AVE,60639
438304,20,495.0,SUBWAY,9985 S HOUSTON AVE,60608
252284,7,500.0,MARIANO'S,1818 S COTTAGE GROVE AVE,60601
961054,13,559.0,PORTILLOS,5417 S HOUSTON AVE,60623
90891,21,728.0,CVS PHARMACY,2187 S STATE ST,60608
198554,21,129.0,PORTILLOS,3102 S WABASH AVE,60620
144715,37,731.0,POTBELLY,1988 W DEVON AVE,60637
643340,26,487.0,REGGIE'S BAR & GRILL,8508 N MICHIGAN AVE,60634
334179,16,981.0,NEYBOUR'S TAVERN,4194 W DEVON AVE,60607
635516,25,691.0,MCDONALD'S,3905 W MADISON ST,60615
961577,3,155.0,LOWES,9495 S WABASH AVE,60602
273240,14,411.0,HOME DEPOT,7223 S HALSTED ST,60601
246454,46,519.0,GIORDANOS,2143 S WABASH AVE,60640
787973,20,443.0,BUONA BEEF,7756 W CHICAGO AVE,60628
724356,9,489.0,TRADER JOES,6181 W NORTH AVE,60615
481971,6,986.0,JEWEL OSCO,5344 S HALSTED ST,60617
744377,10,767.0,SHELL STATION,8464 W DEVON AVE,60610
605293,3,979.0,PORTILLOS,8727 S HALSTED ST,60614
140634,1,153.0,POTBELLY,4394 W MADISON ST,60603
643473,47,179.0,HONEYBEERS,3407 W MADISON ST,60605
668070,38,713.0,CELINA DELI,7369 W 43RD ST,60623
660880,13,409.0,TRADER JOES,7388 W MADISON ST,60630
395323,36,258.0,BUONA BEEF,3907 S PULASKI RD,60630
285422,22,942.0,BUONA BEEF,2392 W DEVON AVE,60601
856487,17,695.0,BP GAS STATION,7182 S HOUSTON AVE,60609
90055,17,599.0,WALGREENS,1243 S ARCHER AVE,60631
282072,50,972.0,COSTCO,8603 S STATE ST,60621
752413,39,156.0,SUBWAY,1719 N BROADWAY,60621
108926,14,831.0,PORTILLOS,1696 N CLARK ST,60637
573566,8,738.0,WALMART,5477 S HALSTED ST,60604
720759,9,895.0,MCDONALD'S,6587 S WABASH AVE,60624
923847,37,843.0,SUBWAY,6622 W 63RD ST,60619
169485,24,926.0,LOU MALNATIS,3624 S PULASKI RD,60611
579501,22,200.0,WHOLE FOODS,9217 N MICHIGAN AVE,60619
829059,18,607.0,KRAFT FOODS,2564 N BROADWAY,60621
420032,23,333.0,PORTILLOS,6932 N CICERO AVE,60634
49464,12,758.0,STARBUCKS,4665 S PULASKI RD,60612
765832,27,640.0,TARGET,8252 S HOUSTON AVE,60636
742314,16,296.0,SAMS CLUB,4116 W DEVON AVE,60613
278900,28,946.0,BUONA BEEF,8723 N SOUTHPORT AVE,60640
870612,30,837.0,AUTOZONE,4102 W 63RD ST,60617
174496,32,498.0,CVS PHARMACY,5743 S ARCHER AVE,60612
46135,4,974.0,AUTOZONE,2198 W IRVING PARK RD,60601
980387,21,173.0,TARGET,4235 W 63RD ST,60621
839881,36,161.0,SAMS CLUB,3206 W IRVING PARK RD,60607
488443,17,237.0,AUTOZONE,1464 N WESTERN AVE,60615
824210,25,786.0,PORTILLOS,6771 N CICERO AVE,60615
751049,46,766.0,CELINA DELI,7185 N MICHIGAN AVE,60621
250276,35,374.0,STARBUCKS,1304 S WABASH AVE,60602
278401,41,771.0,SAMS CLUB,6696 N MICHIGAN AVE,60604
608976,4,326.0,HONEYBEERS,2628 S PULASKI RD,60618
404447,49,688.0,HOME DEPOT,7832 S WABASH AVE,60626
414642,1,837.0,BUONA BEEF,2994 S COTTAGE GROVE AVE,60636
25329,47,737.0,PORTILLOS,2526 W NORTH AVE,60628
961437,18,607.0,LOU MALNATIS,7671 N SOUTHPORT AVE,60613
847437,15,207.0,WALGREENS,6673 W NORTH AVE,60607
956325,31,323.0,NEYBOUR'S TAVERN,4601 N SOUTHPORT AVE,60639
935114,29,104.0,SEVEN ELEVEN,1166 W CHICAGO AVE,60619
994181,5,242.0,HONEYBEERS,6543 W 63RD ST,60623
499598,13,408.0,REGGIE'S BAR & GRILL,6143 S STATE ST,60629
490262,17,933.0,MCDONALD'S,7796 N CICERO AVE,60622
442051,9,459.0,GIORDANOS,3371 S COTTAGE GROVE AVE,60637
929784,43,567.0,SPEEDWAY,8920 W 63RD ST,60638
606648,33,775.0,SUBWAY,8714 N CLARK ST,60603
943069,21,924.0,CVS PHARMACY,4687 N BROADWAY,60629
348153,6,624.0,KRAFT FOODS,5932 W NORTH AVE,60602
414126,37,698.0,HOME DEPOT,8738 S HALSTED ST,60622
468917,35,662.0,KRAFT FOODS,9150 N BROADWAY,60623
452453,23,600.0,SUBWAY,1681 N MICHIGAN AVE,60621
586732,9,407.0,HOME DEPOT,2203 S HALSTED ST,60611
409063,21,367.0,BUONA BEEF,5033 W DEVON AVE,60616
863399,35,379.0,SPEEDWAY,6003 W CHICAGO AVE,60632
142929,19,915.0,SHELL STATION,692 S ARCHER AVE,60632
919859,26,363.0,SPEEDWAY,3682 N WESTERN AVE,60606
383996,15,509.0,HOME DEPOT,3001 W 63RD ST,60637
513579,46,571.0,HONEYBEERS,376 W IRVING PARK RD,60629
453271,45,856.0,DOMINICKS,6577 N SOUTHPORT AVE,60601
804619,19,399.0,MARIANO'S,3556 N MICHIGAN AVE,60601
983889,41,238.0,PIZZA HUT,2348 W MADISON ST,60635
721774,15,311.0,HOME DEPOT,8628 W MADISON ST,60608
842701,32,820.0,PIZZA HUT,8804 W MADISON ST,60614
436366,44,295.0,CELINA DELI,1785 W IRVING PARK RD,60629
182083,46,891.0,WALGREENS,3075 W DEVON AVE,60638
288696,41,543.0,LOU MALNATIS,2107 N BROADWAY,60637
558003,3,110.0,ALDI,1798 S ARCHER AVE,60615
799498,43,143.0,TARGET,460 S ARCHER AVE,60628
505906,47,112.0,WHOLE FOODS,861 N MICHIGAN AVE,60631
692745,19,937.0,STARBUCKS,8561 N BROADWAY,60632
676766,7,399.0,TONY'S FINER FOODS,4717 S ARCHER AVE,60616
59183,11,820.0,CVS PHARMACY,9378 W MADISON ST,60607
649311,50,384.0,SUBWAY,7057 N WESTERN AVE,60604
330783,20,797.0,POTBELLY,332 N BROADWAY,60609
807523,21,451.0,LOWES,3610 W IRVING PARK RD,60619
339368,14,399.0,PORTILLOS,2605 W CHICAGO AVE,60627
916567,40,487.0,ADVANCE AUTO,171 N BROADWAY,60627
361390,13,659.0,MARIANO'S,3366 S WABASH AVE,60612
443604,22,622.0,TONY'S FINER FOODS,6320 S PULASKI RD,60607
327591,22,183.0,COSTCO,3099 W 63RD ST,60631
272489,2,412.0,WHOLE FOODS,1861 S HALSTED ST,60632
207739,35,819.0,LOWES,1140 N WESTERN AVE,60637
688678,47,149.0,CVS PHARMACY,6546 S COTTAGE GROVE AVE,60615
641353,36,786.0,ALDI,2927 S WABASH AVE,60634
337149,49,720.0,COSTCO,5903 S PULASKI RD,60601
641307,36,483.0,DOMINICKS,729 N BROADWAY,60608
644715,6,585.0,WALGREENS,6118 W 43RD ST,60602
750431,10,675.0,CVS PHARMACY,7994 W CHICAGO AVE,60609
814917,14,190.0,BP GAS STATION,5616 W CHICAGO AVE,60630
224774,38,690.0,GIORDANOS,5892 S HOUSTON AVE,60632
145944,40,110.0,TARGET,2320 S COTTAGE GROVE AVE,60620
766991,1,731.0,WALMART,4765 N BROADWAY,60627
375581,21,314.0,WHOLE FOODS,8271 S ARCHER AVE,60639
799034,38,908.0,BUONA BEEF,9674 S COTTAGE GROVE AVE,60609
179615,16,256.0,MCDONALD'S,7811 W CHICAGO AVE,60610
41896,37,930.0,TRADER JOES,5708 S COTTAGE GROVE AVE,60601
960148,43,360.0,TRADER JOES,7189 W NORTH AVE,60638
982046,10,220.0,NEYBOUR'S TAVERN,6672 N CICERO AVE,60634
81026,14,122.0,PIZZA HUT,9141 S ARCHER AVE,60634
47381,48,949.0,TONY'S FINER FOODS,6485 W MADISON ST,60639
725186,3,374.0,COSTCO,7349 S COTTAGE GROVE AVE,60614
580612,42,565.0,WALGREENS,236 N CLARK ST,60621
62619,24,279.0,WALMART,8599 W 63RD ST,60619
573549,27,957.0,WALMART,6762 N MICHIGAN AVE,60633
360986,15,969.0,GIORDANOS,3833 N SOUTHPORT AVE,60633
159281,27,820.0,STARBUCKS,597 S WABASH AVE,60606
880163,7,506.0,TARGET,9881 W DEVON AVE,60608
111170,35,212.0,TRADER JOES,7958 S HOUSTON AVE,60635
464338,6,846.0,CVS PHARMACY,7972 S WABASH AVE,60640
490239,32,990.0,CVS PHARMACY,4467 W 63RD ST,60639
344297,6,888.0,DOMINICKS,2387 W MADISON ST,60621
108836,34,131.0,BP GAS STATION,6683 W 43RD ST,60626
86872,2,923.0,WHOLE FOODS,5025 W 43RD ST,60602
138610,26,537.0,WALGREENS,2490 S PULASKI RD,60636
616498,48,177.0,ADVANCE AUTO,8406 W DEVON AVE,60619
131335,4,439.0,PORTILLOS,8171 W MADISON ST,60630
812086,35,729.0,MARIANO'S,674 W MADISON ST,60627
896120,6,900.0,AUTOZONE,4866 S HALSTED ST,60618
256774,12,993.0,ALDI,5955 S COTTAGE GROVE AVE,60618
957863,9,415.0,WALGREENS,1477 S PULASKI RD,60601
582474,46,264.0,CELINA DELI,1067 S WABASH AVE,60632
572045,40,846.0,HONEYBEERS,8805 S HOUSTON AVE,60608
104677,3,572.0,MCDONALD'S,2665 W CHICAGO AVE,60608
996979,35,835.0,LOWES,9848 N MICHIGAN AVE,60627
563138,49,634.0,DUNKIN DONUTS,3820 S STATE ST,60603
658538,41,292.0,POTBELLY,1277 S HALSTED ST,60603
782912,24,994.0,MCDONALD'S,9500 S WABASH AVE,60627
162487,38,812.0,JEWEL OSCO,6269 W MADISON ST,60637
42465,7,153.0,LOU MALNATIS,2658 W 63RD ST,60615
768630,14,243.0,PIZZA HUT,296 W DEVON AVE,60614
767169,8,674.0,ALDI,6378 N CLARK ST,60627
605648,41,229.0,MCDONALD'S,7518 W CHICAGO AVE,60611
962372,15,562.0,MCDONALD'S,3266 W 43RD ST,60606
492853,3,876.0,JEWEL OSCO,7982 S HALSTED ST,60612
103651,22,237.0,TONY'S FINER FOODS,1751 S STATE ST,60631
201247,18,411.0,NEYBOUR'S TAVERN,782 N CLARK ST,60622
922524,2,339.0,COSTCO,8762 S HOUSTON AVE,60617
839442,33,867.0,LOWES,6370 S WABASH AVE,60620
87372,19,885.0,BUONA BEEF,4927 S HALSTED ST,60607
323744,46,298.0,NEYBOUR'S TAVERN,1111 N WESTERN AVE,60633
18434,46,354.0,DOMINICKS,1257 N BROADWAY,60601
867580,16,342.0,SPEEDWAY,8577 W 63RD ST,60626
227569,15,446.0,STARBUCKS,6762 N CLARK ST,60604
198174,19,377.0,TRADER JOES,9268 N MICHIGAN AVE,60633
598429,39,289.0,DUNKIN DONUTS,5127 N CICERO AVE,60634
110174,12,981.0,BP GAS STATION,2928 S HOUSTON AVE,60605
102840,7,617.0,HOME DEPOT,6104 S STATE ST,60634
934448,44,212.0,BP GAS STATION,3334 W NORTH AVE,60620
775742,44,842.0,SHELL STATION,3821 W DEVON AVE,60601
278897,41,693.0,SHELL STATION,7556 S HALSTED ST,60632
111657,29,479.0,BUONA BEEF,4777 W 63RD ST,60635
245752,24,257.0,CVS PHARMACY,4364 N SOUTHPORT AVE,60628
44471,12,937.0,PIZZA HUT,6087 N MICHIGAN AVE,60607
278953,10,423.0,DOMINICKS,4078 S PULASKI RD,60619
142854,43,658.0,BP GAS STATION,995 W 43RD ST,60629
558161,8,343.0,POTBELLY,7706 S STATE ST,60607
297178,47,491.0,TRADER JOES,4365 S HOUSTON AVE,60601
590862,24,331.0,GIORDANOS,6352 W NORTH AVE,60636
154050,17,643.0,SEVEN ELEVEN,8783 N CLARK ST,60636
475947,8,655.0,SAMS CLUB,9869 N CLARK ST,60635
376979,43,628.0,BP GAS STATION,4863 S HALSTED ST,60612
470150,31,575.0,WALGREENS,5808 W NORTH AVE,60623
469959,28,104.0,CELINA DELI,8444 S PULASKI RD,60629
825743,31,244.0,MCDONALD'S,7406 W 43RD ST,60604
170963,28,451.0,LOWES,6070 S STATE ST,60638
278524,4,583.0,AUTOZONE,4897 W CHICAGO AVE,60603
163903,48,754.0,SUBWAY,7548 S COTTAGE GROVE AVE,60614
767209,33,565.0,BUONA BEEF,5875 S HOUSTON AVE,60615
725101,5,706.0,WHOLE FOODS,1268 S WABASH AVE,60635
190004,4,285.0,BUONA BEEF,166 W NORTH AVE,60612
563745,4,942.0,TRADER JOES,8870 S PULASKI RD,60634
685268,5,659.0,AUTOZONE,4502 W NORTH AVE,60638
657603,11,448.0,HONEYBEERS,7680 S STATE ST,60629
545811,50,189.0,LOU MALNATIS,9311 W 63RD ST,60603
348375,4,512.0,WALMART,2849 W DEVON AVE,60614
9247,48,698.0,PORTILLOS,7704 S STATE ST,60623
593885,5,166.0,ALDI,5659 N MICHIGAN AVE,60606
475349,43,923.0,STARBUCKS,3005 S PULASKI RD,60619
188493,3,807.0,JEWEL OSCO,2252 N MICHIGAN AVE,60607
550538,1,894.0,CELINA DELI,1135 W 63RD ST,60601
322714,1,487.0,DUNKIN DONUTS,869 W 43RD ST,60635
493875,18,299.0,HOME DEPOT,2132 N WESTERN AVE,60608
233812,14,257.0,NEYBOUR'S TAVERN,2376 S PULASKI RD,60634
55350,42,779.0,BUONA BEEF,9486 S HOUSTON AVE,60628
665589,26,802.0,BP GAS STATION,3294 S HALSTED ST,60630
823344,3,173.0,WALGREENS,2017 W 63RD ST,60622
502740,32,522.0,ADVANCE AUTO,1464 S STATE ST,60608
990027,4,350.0,WALMART,5684 S HOUSTON AVE,60606
53767,21,342.0,MARIANO'S,9708 N BROADWAY,60618
184734,22,591.0,CELINA DELI,1654 W CHICAGO AVE,60624
228171,6,669.0,PORTILLOS,4592 S ARCHER AVE,60638
423394,35,357.0,LOWES,2905 W CHICAGO AVE,60617
663316,26,434.0,WHOLE FOODS,6276 N CLARK ST,60607
567377,44,128.0,BUONA BEEF,6730 W NORTH AVE,60636
788407,1,323.0,AUTOZONE,5537 S STATE ST,60629
818347,44,246.0,POTBELLY,5152 W IRVING PARK RD,60626
582425,17,333.0,HONEYBEERS,2004 S COTTAGE GROVE AVE,60608
928172,21,607.0,MCDONALD'S,1654 S COTTAGE GROVE AVE,60630
204203,3,707.0,AUTOZONE,9855 S WABASH AVE,60617
74700,35,975.0,SEVEN ELEVEN,8654 S STATE ST,60606
727715,32,837.0,KRAFT FOODS,2963 N BROADWAY,60612
362283,21,608.0,BUONA BEEF,790 S ARCHER AVE,60610
863938,3,957.0,STARBUCKS,8204 S STATE ST,60634
474203,17,759.0,CELINA DELI,9985 W CHICAGO AVE,60608
78199,50,185.0,HONEYBEERS,8086 S HALSTED ST,60619
273834,6,127.0,TRADER JOES,4052 S WABASH AVE,60638
961224,38,440.0,REGGIE'S BAR & GRILL,4091 W DEVON AVE,60601
492278,5,191.0,WHOLE FOODS,4151 S COTTAGE GROVE AVE,60604
2732,7,116.0,REGGIE'S BAR & GRILL,9026 S ARCHER AVE,60613
372547,11,892.0,TARGET,4027 W 63RD ST,60629
376264,9,382.0,SHELL STATION,3921 S COTTAGE GROVE AVE,60624
898754,31,864.0,DUNKIN DONUTS,117 N CICERO AVE,60614
866375,23,377.0,TARGET,2841 S WABASH AVE,60610
737612,43,965.0,CELINA DELI,3618 W NORTH AVE,60601
700225,11,412.0,COSTCO,4922 S STATE ST,60606
293057,16,142.0,POTBELLY,4291 S STATE ST,60617
140008,50,195.0,TARGET,1759 W 63RD ST,60612
696978,3,936.0,WHOLE FOODS,4787 S WABASH AVE,60609
238876,42,235.0,SAMS CLUB,1663 W CHICAGO AVE,60627
703664,33,504.0,KRAFT FOODS,5412 S HOUSTON AVE,60601
997671,48,113.0,POTBELLY,1542 W MADISON ST,60638
14090,15,304.0,WALMART,2178 W 43RD ST,60629
371869,49,724.0,TARGET,3766 S PULASKI RD,60632
287792,7,270.0,SEVEN ELEVEN,2600 S WABASH AVE,60631
400780,26,327.0,CELINA DELI,3235 W 63RD ST,60640
929323,3,151.0,MCDONALD'S,9710 N CICERO AVE,60627
179548,10,553.0,HOME DEPOT,9859 W CHICAGO AVE,60628
363635,26,322.0,SPEEDWAY,2741 S HOUSTON AVE,60620
874429,9,314.0,LOU MALNATIS,7194 W 43RD ST,60633
655561,42,586.0,AUTOZONE,2776 N BROADWAY,60608
704723,25,768.0,ADVANCE AUTO,5228 N CLARK ST,60639
154459,12,268.0,WHOLE FOODS,2473 S STATE ST,60604
851160,50,727.0,MCDONALD'S,731 W 63RD ST,60631
427898,33,696.0,PORTILLOS,468 W 43RD ST,60611
920403,5,137.0,TRADER JOES,4971 S ARCHER AVE,60635
225787,13,892.0,REGGIE'S BAR & GRILL,3990 W DEVON AVE,60614
7305,9,146.0,SUBWAY,1842 W 63RD ST,60639
748878,21,696.0,WALMART,9619 N BROADWAY,60623
770866,42,959.0,POTBELLY,7758 N MICHIGAN AVE,60631
61472,15,204.0,PIZZA HUT,3577 W IRVING PARK RD,60601
785748,10,741.0,TRADER JOES,3744 S PULASKI RD,60622
94469,25,787.0,MCDONALD'S,9339 S WABASH AVE,60631
735833,36,509.0,DOMINICKS,3465 W IRVING PARK RD,60633
150018,37,618.0,SAMS CLUB,9947 W 63RD ST,60604
810150,35,304.0,MARIANO'S,1894 S STATE ST,60604
885204,10,587.0,BP GAS STATION,8155 W 43RD ST,60615
264517,15,140.0,SAMS CLUB,7079 N BROADWAY,60622
799120,22,354.0,CELINA DELI,7265 N SOUTHPORT AVE,60617
706556,21,709.0,STARBUCKS,7720 S STATE ST,60617
235694,48,586.0,MARIANO'S,3089 S WABASH AVE,60620
74720,38,238.0,PORTILLOS,216 S ARCHER AVE,60605
422615,27,856.0,HOME DEPOT,5117 S COTTAGE GROVE AVE,60617
854964,17,166.0,DOMINICKS,2337 N CLARK ST,60626
758680,45,212.0,PORTILLOS,7913 S ARCHER AVE,60624
987976,48,693.0,KRAFT FOODS,3338 S WABASH AVE,60616
992879,18,870.0,CVS PHARMACY,386 W NORTH AVE,60609
594454,37,354.0,COSTCO,7506 W MADISON ST,60638
347350,4,693.0,TARGET,5588 S WABASH AVE,60620
176476,33,302.0,DUNKIN DONUTS,5643 W 63RD ST,60607
739794,19,562.0,SAMS CLUB,3753 W 43RD ST,60615
70330,44,340.0,BUONA BEEF,4485 S HOUSTON AVE,60620
249445,42,145.0,SEVEN ELEVEN,6029 N SOUTHPORT AVE,60604
559542,18,152.0,PORTILLOS,989 W MADISON ST,60637
145742,44,491.0,MARIANO'S,2651 N CLARK ST,60617
972476,43,716.0,HONEYBEERS,9212 W CHICAGO AVE,60640
659713,36,629.0,CELINA DELI,1901 W CHICAGO AVE,60615
243761,8,797.0,DOMINICKS,9200 S PULASKI RD,60608
174615,21,244.0,ADVANCE AUTO,4596 S PULASKI RD,60633
52323,5,434.0,BP GAS STATION,4663 W CHICAGO AVE,60608
671062,42,959.0,SUBWAY,5731 N SOUTHPORT AVE,60614
681373,40,392.0,SHELL STATION,8166 W MADISON ST,60616
3231,20,456.0,ALDI,2541 N SOUTHPORT AVE,60637
118753,27,745.0,WALMART,9002 S COTTAGE GROVE AVE,60624
823435,32,261.0,KRAFT FOODS,6817 S COTTAGE GROVE AVE,60621
227103,17,642.0,WALMART,5018 N WESTERN AVE,60605
497374,9,686.0,LOWES,7157 N BROADWAY,60604
715308,36,948.0,MARIANO'S,1269 S HOUSTON AVE,60605
934986,3,728.0,PIZZA HUT,6926 S WABASH AVE,60606
356166,45,248.0,SAMS CLUB,6570 N BROADWAY,60637
939425,22,450.0,CVS PHARMACY,4847 W DEVON AVE,60609
754818,6,313.0,LOWES,4913 W NORTH AVE,60609
163803,7,388.0,NEYBOUR'S TAVERN,1357 N CLARK ST,60615
22885,45,283.0,SAMS CLUB,7538 N BROADWAY,60639
580722,27,224.0,TRADER JOES,8914 W 63RD ST,60614
262302,13,568.0,LOWES,396 N CLARK ST,60634
656392,5,355.0,POTBELLY,6644 N MICHIGAN AVE,60624
332383,6,806.0,LOWES,6305 W 63RD ST,60607
246963,6,346.0,SHELL STATION,1274 S HALSTED ST,60625
738393,24,601.0,MCDONALD'S,3367 W 63RD ST,60613
249335,28,971.0,WALMART,7025 S COTTAGE GROVE AVE,60627
873192,26,330.0,SEVEN ELEVEN,6102 S STATE ST,60607
564686,42,847.0,COSTCO,6199 N WESTERN AVE,60639
64329,9,931.0,WALGREENS,3866 W 63RD ST,60634
694941,40,298.0,COSTCO,4876 W NORTH AVE,60615
544314,48,327.0,CVS PHARMACY,4376 W 63RD ST,60621
244833,2,732.0,WALMART,5230 W 63RD ST,60615
168753,26,354.0,REGGIE'S BAR & GRILL,3341 W MADISON ST,60631
485063,50,417.0,TRADER JOES,1154 S STATE ST,60607
170946,45,566.0,COSTCO,539 W 43RD ST,60620
457634,20,864.0,LOU MALNATIS,3264 S COTTAGE GROVE AVE,60618
998027,46,839.0,PORTILLOS,8519 S WABASH AVE,60604
704972,33,351.0,KRAFT FOODS,9473 N SOUTHPORT AVE,60620
573858,4,846.0,SEVEN ELEVEN,2648 W DEVON AVE,60602
386322,36,230.0,SPEEDWAY,4528 N SOUTHPORT AVE,60633
871184,32,931.0,TARGET,9240 S HOUSTON AVE,60639
793240,32,250.0,DOMINICKS,7616 S PULASKI RD,60636
790866,44,371.0,POTBELLY,7801 S HALSTED ST,60634
829404,41,658.0,PIZZA HUT,8745 W NORTH AVE,60607
408344,11,536.0,GIORDANOS,1708 W NORTH AVE,60634
264336,25,687.0,HONEYBEERS,5862 S WABASH AVE,60614
250374,24,187.0,GIORDANOS,1024 S PULASKI RD,60625
869878,17,693.0,MCDONALD'S,1200 W MADISON ST,60618
502360,41,614.0,DOMINICKS,816 S HALSTED ST,60604
797787,31,970.0,POTBELLY,6598 W 63RD ST,60636
601089,14,179.0,MCDONALD'S,1262 N CICERO AVE,60637
451713,12,664.0,WALMART,5046 S ARCHER AVE,60601
278028,11,904.0,DUNKIN DONUTS,7638 S HOUSTON AVE,60621
911494,1,446.0,BUONA BEEF,7231 S HALSTED ST,60622
646126,25,290.0,SEVEN ELEVEN,7752 N CLARK ST,60620
347081,28,186.0,KRAFT FOODS,1505 N WESTERN AVE,60632
191811,30,406.0,CVS PHARMACY,1188 S STATE ST,60639
685471,12,633.0,DOMINICKS,908 N CICERO AVE,60614
303478,35,611.0,CELINA DELI,6188 N CICERO AVE,60616
353355,9,283.0,CELINA DELI,5115 N BROADWAY,60609
484378,16,803.0,BP GAS STATION,3483 W NORTH AVE,60614
524420,2,414.0,SHELL STATION,9525 S PULASKI RD,60601
61685,12,401.0,SUBWAY,2711 W NORTH AVE,60616
331451,32,643.0,WALMART,3306 N CICERO AVE,60630
150849,27,153.0,DOMINICKS,672 W 63RD ST,60611
75638,24,330.0,TONY'S FINER FOODS,4629 W DEVON AVE,60619
338674,19,553.0,SUBWAY,6976 S HOUSTON AVE,60631
334567,17,879.0,BUONA BEEF,9729 S HALSTED ST,60640
195800,41,167.0,KRAFT FOODS,1351 N WESTERN AVE,60626
911676,11,229.0,HONEYBEERS,2871 W DEVON AVE,60633
507292,21,953.0,COSTCO,2991 W CHICAGO AVE,60611
715571,32,337.0,CELINA DELI,4287 W 43RD ST,60638
357047,44,490.0,ADVANCE AUTO,8738 W IRVING PARK RD,60630
740633,5,126.0,AUTOZONE,7362 N SOUTHPORT AVE,60640
692137,34,349.0,SUBWAY,789 N BROADWAY,60613
796332,12,852.0,COSTCO,4225 S PULASKI RD,60610
597102,34,575.0,COSTCO,681 W IRVING PARK RD,60607
399728,37,875.0,MCDONALD'S,7559 N BROADWAY,60627
754907,27,686.0,BUONA BEEF,3379 N CLARK ST,60621
476233,6,129.0,MCDONALD'S,1016 N WESTERN AVE,60628
240517,43,833.0,REGGIE'S BAR & GRILL,2841 W MADISON ST,60638
514054,21,767.0,SUBWAY,1888 S PULASKI RD,60632
1392,6,680.0,ALDI,6929 N CLARK ST,60608
627873,13,238.0,GIORDANOS,1370 S PULASKI RD,60612
763462,40,262.0,GIORDANOS,8119 N BROADWAY,60609
1562,2,734.0,TARGET,3309 N CICERO AVE,60621
777265,18,802.0,CVS PHARMACY,8888 S HOUSTON AVE,60615
423077,20,390.0,GIORDANOS,4689 W NORTH AVE,60623
372421,35,715.0,BUONA BEEF,1890 W 63RD ST,60636
746631,11,170.0,HOME DEPOT,2202 S PULASKI RD,60617
662132,15,666.0,CELINA DELI,9186 N WESTERN AVE,60603
982593,26,362.0,SAMS CLUB,3603 S COTTAGE GROVE AVE,60639
238225,6,166.0,TRADER JOES,5442 W MADISON ST,60612
842846,4,386.0,WALMART,8012 S PULASKI RD,60601
970703,28,882.0,WHOLE FOODS,6066 S STATE ST,60609
36293,2,891.0,TRADER JOES,7804 W DEVON AVE,60611
848747,12,981.0,WALMART,9468 N MICHIGAN AVE,60619
50930,50,973.0,BUONA BEEF,3544 S ARCHER AVE,60638
384159,49,549.0,NEYBOUR'S TAVERN,9355 N WESTERN AVE,60625
140839,16,312.0,JEWEL OSCO,3677 W 63RD ST,60627
265688,26,376.0,BUONA BEEF,2872 S HALSTED ST,60629
795929,18,488.0,MARIANO'S,3903 W IRVING PARK RD,60616
658197,10,873.0,ALDI,2000 S HALSTED ST,60622
406231,7,704.0,POTBELLY,613 W DEVON AVE,60623
527465,32,554.0,PIZZA HUT,7192 W CHICAGO AVE,60615
38052,12,213.0,LOU MALNATIS,2528 N MICHIGAN AVE,60618
338570,15,175.0,MCDONALD'S,4756 W DEVON AVE,60640
322030,41,250.0,KRAFT FOODS,1875 S COTTAGE GROVE AVE,60634
726493,37,741.0,MARIANO'S,8025 N CLARK ST,60635
629972,45,121.0,PORTILLOS,6637 W DEVON AVE,60603
277615,37,330.0,DOMINICKS,6915 W IRVING PARK RD,60603
738482,9,612.0,NEYBOUR'S TAVERN,670 W DEVON AVE,60629
921218,28,668.0,AUTOZONE,6101 S PULASKI RD,60623
729855,19,193.0,LOWES,6885 N BROADWAY,60630
702542,46,588.0,CVS PHARMACY,6753 W CHICAGO AVE,60637
379380,22,329.0,WALMART,7965 W 43RD ST,60613
629442,8,649.0,TRADER JOES,8008 N WESTERN AVE,60603
245005,15,360.0,PIZZA HUT,6733 N BROADWAY,60640
373540,14,145.0,CELINA DELI,3130 S PULASKI RD,60624
937657,3,965.0,COSTCO,4675 W MADISON ST,60638
867634,5,744.0,NEYBOUR'S TAVERN,5360 W 43RD ST,60638
680551,45,285.0,PORTILLOS,832 N SOUTHPORT AVE,60606
936787,31,350.0,DUNKIN DONUTS,9078 W MADISON ST,60607
249788,46,962.0,CELINA DELI,1754 S STATE ST,60636
30991,35,105.0,MCDONALD'S,4781 W DEVON AVE,60621
788213,31,420.0,PORTILLOS,3636 W NORTH AVE,60621
376402,29,797.0,NEYBOUR'S TAVERN,3211 N CICERO AVE,60640
884437,34,239.0,PIZZA HUT,8158 S HOUSTON AVE,60635
311733,1,912.0,JEWEL OSCO,7964 N CICERO AVE,60620
970568,6,834.0,BP GAS STATION,2155 S WABASH AVE,60605
42383,33,105.0,CVS PHARMACY,2426 W 63RD ST,60640
337571,38,685.0,STARBUCKS,4875 S PULASKI RD,60605
803531,26,409.0,WALMART,7994 S WABASH AVE,60633
583611,23,252.0,ALDI,8526 W CHICAGO AVE,60607
665391,5,280.0,BUONA BEEF,2635 W MADISON ST,60638
231137,40,623.0,STARBUCKS,6631 N WESTERN AVE,60626
263578,3,313.0,REGGIE'S BAR & GRILL,1399 N CICERO AVE,60631
114918,27,783.0,MARIANO'S,8656 N CLARK ST,60615
595059,13,412.0,REGGIE'S BAR & GRILL,7746 W DEVON AVE,60614
442017,3,189.0,SPEEDWAY,2042 S HALSTED ST,60609
914122,2,987.0,WHOLE FOODS,6883 W DEVON AVE,60615
720158,32,313.0,NEYBOUR'S TAVERN,4802 S PULASKI RD,60609
538606,5,593.0,AUTOZONE,6234 N MICHIGAN AVE,60621
288495,8,391.0,STARBUCKS,177 W CHICAGO AVE,60606
246905,34,426.0,TARGET,206 S ARCHER AVE,60604
663547,32,798.0,STARBUCKS,347 S PULASKI RD,60605
913452,36,509.0,CVS PHARMACY,9980 W CHICAGO AVE,60615
117704,49,646.0,TRADER JOES,2626 S HOUSTON AVE,60607
622197,25,244.0,MCDONALD'S,8058 N MICHIGAN AVE,60608
707969,23,921.0,KRAFT FOODS,8802 N CICERO AVE,60640
754262,7,904.0,POTBELLY,7994 N WESTERN AVE,60621
714741,3,786.0,BUONA BEEF,172 N SOUTHPORT AVE,60625
997735,23,350.0,WALGREENS,3777 N WESTERN AVE,60621
736077,21,548.0,SHELL STATION,6457 S WABASH AVE,60612
321933,37,110.0,NEYBOUR'S TAVERN,9662 W MADISON ST,60625
743855,14,401.0,ADVANCE AUTO,3076 W NORTH AVE,60635
749806,25,191.0,MCDONALD'S,3828 W 63RD ST,60628
207630,20,740.0,KRAFT FOODS,9827 N WESTERN AVE,60609
903968,23,604.0,BP GAS STATION,6999 S ARCHER AVE,60628
664974,1,289.0,TRADER JOES,8187 W CHICAGO AVE,60640
68903,11,145.0,AUTOZONE,1894 W 63RD ST,60636
688623,47,143.0,HOME DEPOT,7850 S STATE ST,60611
416123,46,172.0,SEVEN ELEVEN,2978 S COTTAGE GROVE AVE,60617
178175,9,734.0,PORTILLOS,9817 W NORTH AVE,60616
666093,32,173.0,WALGREENS,5436 W DEVON AVE,60625
157179,43,265.0,SUBWAY,5845 N CICERO AVE,60619
601892,45,450.0,TONY'S FINER FOODS,2666 S COTTAGE GROVE AVE,60617
662020,22,492.0,DUNKIN DONUTS,2421 N BROADWAY,60628
202820,18,116.0,CVS PHARMACY,7601 S HOUSTON AVE,60630
259118,38,255.0,ADVANCE AUTO,6330 S WABASH AVE,60613
231480,21,675.0,STARBUCKS,1939 N CLARK ST,60634
32864,13,815.0,TRADER JOES,4140 N SOUTHPORT AVE,60615
869926,9,765.0,KRAFT FOODS,7840 N SOUTHPORT AVE,60606
176786,1,843.0,AUTOZONE,8686 W CHICAGO AVE,60611
327473,13,616.0,TRADER JOES,253 S ARCHER AVE,60634
227879,33,729.0,HONEYBEERS,6741 W MADISON ST,60623
260681,49,286.0,TARGET,8767 S WABASH AVE,60635
73853,16,200.0,GIORDANOS,4823 S WABASH AVE,60631
195651,22,717.0,SPEEDWAY,6364 N CLARK ST,60607
380743,2,443.0,TONY'S FINER FOODS,996 S COTTAGE GROVE AVE,60628
872064,28,119.0,SUBWAY,9346 S HOUSTON AVE,60634
49368,12,865.0,ALDI,125 N SOUTHPORT AVE,60634
17292,12,257.0,NEYBOUR'S TAVERN,8813 S WABASH AVE,60636
461293,6,409.0,KRAFT FOODS,130 W 43RD ST,60629
859730,31,867.0,HONEYBEERS,9844 S STATE ST,60623
347156,42,332.0,CVS PHARMACY,7991 W IRVING PARK RD,60625
130090,30,631.0,ALDI,7170 W 43RD ST,60617
352230,31,957.0,HONEYBEERS,923 N MICHIGAN AVE,60603
266883,40,198.0,BP GAS STATION,5018 S PULASKI RD,60622
620917,13,648.0,COSTCO,2927 W MADISON ST,60613
473601,48,965.0,CELINA DELI,859 N CICERO AVE,60610
445966,12,286.0,LOWES,9302 W CHICAGO AVE,60606
424359,34,400.0,TONY'S FINER FOODS,8948 W CHICAGO AVE,60615
297134,49,535.0,AUTOZONE,4821 N SOUTHPORT AVE,60625
227388,17,116.0,MCDONALD'S,1337 N BROADWAY,60630
877219,16,515.0,GIORDANOS,1962 N BROADWAY,60621
162624,27,629.0,WALMART,7637 S WABASH AVE,60630
241580,42,769.0,DUNKIN DONUTS,3442 S PULASKI RD,60608
636598,48,419.0,SUBWAY,6850 N CLARK ST,60623
75741,12,670.0,SPEEDWAY,6197 S HALSTED ST,60622
437964,2,119.0,NEYBOUR'S TAVERN,4421 S HOUSTON AVE,60640
173179,24,959.0,CVS PHARMACY,7511 S WABASH AVE,60620
612424,39,407.0,SHELL STATION,3116 W 43RD ST,60606
226976,4,327.0,DUNKIN DONUTS,8411 S HALSTED ST,60602
641887,11,755.0,SUBWAY,1127 N BROADWAY,60624
949402,17,462.0,REGGIE'S BAR & GRILL,9846 W MADISON ST,60621
142339,9,803.0,CELINA DELI,5739 W 63RD ST,60617
993689,42,905.0,POTBELLY,3098 S COTTAGE GROVE AVE,60616
120672,41,316.0,NEYBOUR'S TAVERN,9747 N BROADWAY,60622
262810,41,368.0,LOU MALNATIS,4673 W CHICAGO AVE,60608
776337,12,418.0,WALMART,9941 N SOUTHPORT AVE,60612
378179,1,692.0,SHELL STATION,3189 W 63RD ST,60640
856813,50,234.0,TONY'S FINER FOODS,825 S ARCHER AVE,60603
91327,12,948.0,HOME DEPOT,5273 S WABASH AVE,60614
260721,38,302.0,STARBUCKS,8875 S ARCHER AVE,60618
578163,32,850.0,SEVEN ELEVEN,4502 S WABASH AVE,60634
547706,25,493.0,PORTILLOS,1711 S WABASH AVE,60617
591687,33,375.0,COSTCO,1349 N MICHIGAN AVE,60619
934938,33,126.0,MARIANO'S,8157 W MADISON ST,60606
101954,50,975.0,ADVANCE AUTO,1542 N BROADWAY,60640
527599,37,539.0,REGGIE'S BAR & GRILL,2192 S HOUSTON AVE,60601
240115,41,204.0,BUONA BEEF,8579 W 63RD ST,60635
424749,33,288.0,PIZZA HUT,4965 W 63RD ST,60607
156300,32,188.0,KRAFT FOODS,5909 W 43RD ST,60638
76637,27,323.0,NEYBOUR'S TAVERN,7716 W DEVON AVE,60628
655187,4,236.0,PIZZA HUT,1262 S WABASH AVE,60638
891416,25,327.0,BP GAS STATION,7077 W CHICAGO AVE,60612
611875,49,984.0,REGGIE'S BAR & GRILL,4880 S STATE ST,60634
777606,8,475.0,WALGREENS,7583 W NORTH AVE,60615
95860,42,934.0,TRADER JOES,2437 W DEVON AVE,60615
585503,44,793.0,PIZZA HUT,354 S COTTAGE GROVE AVE,60636
503707,33,288.0,REGGIE'S BAR & GRILL,346 W 63RD ST,60616
90445,17,411.0,POTBELLY,7363 W CHICAGO AVE,60625
949109,34,484.0,MARIANO'S,5314 W 43RD ST,60619
389093,25,633.0,BP GAS STATION,6449 W DEVON AVE,60639
193830,38,749.0,DOMINICKS,328 S STATE ST,60603
422378,4,486.0,SAMS CLUB,262 S HOUSTON AVE,60605
941051,13,507.0,PIZZA HUT,5806 N MICHIGAN AVE,60607
682821,11,516.0,PIZZA HUT,3696 S ARCHER AVE,60625
47227,10,269.0,CELINA DELI,6470 W 63RD ST,60637
473419,48,144.0,SUBWAY,7990 S WABASH AVE,60602
785631,19,643.0,ADVANCE AUTO,7707 N MICHIGAN AVE,60616
877086,20,567.0,MCDONALD'S,233 N CICERO AVE,60622
618731,28,128.0,SPEEDWAY,5071 W 43RD ST,60634
848880,31,177.0,CELINA DELI,3658 S HALSTED ST,60633
901624,5,266.0,WALMART,3400 N MICHIGAN AVE,60634
200689,37,210.0,WALGREENS,9646 S STATE ST,60619
321512,22,400.0,NEYBOUR'S TAVERN,3835 N WESTERN AVE,60624
624371,18,316.0,JEWEL OSCO,4410 N BROADWAY,60612
354148,48,900.0,STARBUCKS,8596 N SOUTHPORT AVE,60624
347801,10,480.0,SHELL STATION,5947 W DEVON AVE,60629
794364,35,360.0,KRAFT FOODS,3142 W 63RD ST,60625
252349,17,567.0,SEVEN ELEVEN,7686 S COTTAGE GROVE AVE,60612
522488,30,345.0,LOWES,3472 N BROADWAY,60618
87482,20,369.0,DOMINICKS,682 N BROADWAY,60621
636019,7,502.0,GIORDANOS,1272 N WESTERN AVE,60603
259021,43,848.0,WALMART,855 S HALSTED ST,60626
268546,9,755.0,WALGREENS,8300 W CHICAGO AVE,60612
218964,19,977.0,COSTCO,1406 S HOUSTON AVE,60639
895410,25,230.0,POTBELLY,4633 S HOUSTON AVE,60618
586681,25,268.0,LOWES,6008 W 63RD ST,60630
554116,24,222.0,TARGET,9117 S COTTAGE GROVE AVE,60612
996670,49,209.0,CVS PHARMACY,7510 S HALSTED ST,60636
371043,15,691.0,SHELL STATION,4027 S WABASH AVE,60634
143715,20,767.0,PIZZA HUT,757 W NORTH AVE,60603
216807,2,633.0,STARBUCKS,3666 N SOUTHPORT AVE,60638
357599,19,168.0,LOWES,4249 S HALSTED ST,60604
891922,46,483.0,JEWEL OSCO,2746 N SOUTHPORT AVE,60624
465171,32,887.0,AUTOZONE,9293 N CLARK ST,60618
457543,46,623.0,TARGET,5617 N MICHIGAN AVE,60614
567023,49,198.0,NEYBOUR'S TAVERN,6081 N MICHIGAN AVE,60608
307125,27,449.0,SEVEN ELEVEN,6433 S ARCHER AVE,60627
403356,10,465.0,HONEYBEERS,8020 W CHICAGO AVE,60604
405021,48,629.0,POTBELLY,7515 W DEVON AVE,60626
273109,42,821.0,BP GAS STATION,825 S PULASKI RD,60629
467834,25,690.0,DUNKIN DONUTS,604 S STATE ST,60604
574783,1,593.0,NEYBOUR'S TAVERN,8585 W NORTH AVE,60629
766462,48,972.0,REGGIE'S BAR & GRILL,386 S HALSTED ST,60630
203933,47,333.0,MCDONALD'S,485 W 63RD ST,60628
82166,42,926.0,BUONA BEEF,8080 N MICHIGAN AVE,60633
278373,21,688.0,COSTCO,7738 S STATE ST,60606
627289,9,446.0,BP GAS STATION,9131 W NORTH AVE,60608
937516,28,112.0,HONEYBEERS,5297 S WABASH AVE,60633
858305,23,101.0,CELINA DELI,4543 S COTTAGE GROVE AVE,60637
110147,38,316.0,LOWES,184 N MICHIGAN AVE,60612
76523,43,408.0,TRADER JOES,980 W 43RD ST,60622
597292,24,963.0,JEWEL OSCO,3166 N MICHIGAN AVE,60630
547850,19,156.0,STARBUCKS,5683 W DEVON AVE,60609
660955,48,273.0,SHELL STATION,3453 W 63RD ST,60609
769051,13,941.0,SPEEDWAY,9221 W MADISON ST,60637
474964,39,497.0,LOWES,1487 N MICHIGAN AVE,60633
504434,22,209.0,SAMS CLUB,3153 W DEVON AVE,60615
896139,22,627.0,TARGET,9846 S PULASKI RD,60623
915136,17,719.0,LOU MALNATIS,8443 S COTTAGE GROVE AVE,60623
400072,19,751.0,NEYBOUR'S TAVERN,2533 W 63RD ST,60614
53744,50,649.0,WHOLE FOODS,9476 N WESTERN AVE,60601
144673,27,163.0,SUBWAY,2669 W CHICAGO AVE,60611
195203,25,440.0,PIZZA HUT,7748 W 63RD ST,60629
792199,22,414.0,GIORDANOS,1212 N CICERO AVE,60612
164895,29,565.0,LOU MALNATIS,3974 N BROADWAY,60639
286929,26,563.0,TARGET,4303 S STATE ST,60612
585174,41,336.0,NEYBOUR'S TAVERN,8150 W NORTH AVE,60609
278047,43,640.0,SHELL STATION,9365 W MADISON ST,60609
846447,31,566.0,HOME DEPOT,3956 N BROADWAY,60604
699246,45,258.0,PORTILLOS,6422 N BROADWAY,60640
804032,14,683.0,ADVANCE AUTO,9877 S STATE ST,60628
661852,26,248.0,CVS PHARMACY,4825 S PULASKI RD,60625
363228,1,629.0,BUONA BEEF,8389 N MICHIGAN AVE,60634
221687,5,319.0,CELINA DELI,5774 S HALSTED ST,60640
429053,10,523.0,SPEEDWAY,6118 W DEVON AVE,60631
692334,33,852.0,COSTCO,9687 N SOUTHPORT AVE,60608
581596,34,233.0,MARIANO'S,6155 W 63RD ST,60626
968732,23,609.0,WHOLE FOODS,3914 S HOUSTON AVE,60614
516030,39,120.0,WHOLE FOODS,3957 W IRVING PARK RD,60617
860224,31,733.0,HOME DEPOT,2141 N WESTERN AVE,60603
558433,46,614.0,DOMINICKS,607 W CHICAGO AVE,60637
281767,45,835.0,PORTILLOS,4211 N SOUTHPORT AVE,60607
405687,44,919.0,CELINA DELI,1162 W DEVON AVE,60605
417479,23,963.0,KRAFT FOODS,987 W NORTH AVE,60630
448839,14,732.0,KRAFT FOODS,7397 S WABASH AVE,60614
336178,20,652.0,TARGET,6725 W IRVING PARK RD,60637
947796,3,398.0,NEYBOUR'S TAVERN,4445 W 43RD ST,60624
564697,49,264.0,ALDI,4291 N CLARK ST,60605
465732,4,623.0,MARIANO'S,121 N SOUTHPORT AVE,60620
254547,28,783.0,CVS PHARMACY,334 S ARCHER AVE,60633
383434,32,988.0,PORTILLOS,8751 N CLARK ST,60636
118540,26,695.0,PIZZA HUT,6230 N BROADWAY,60630
996857,17,149.0,AUTOZONE,5214 S HOUSTON AVE,60629
858515,15,450.0,HOME DEPOT,6531 S HOUSTON AVE,60607
140012,35,542.0,SPEEDWAY,5750 N WESTERN AVE,60609
128368,44,695.0,WALMART,9123 W NORTH AVE,60632
634255,40,415.0,SAMS CLUB,716 N CICERO AVE,60637
719635,31,180.0,GIORDANOS,3920 W 63RD ST,60605
974370,44,581.0,TRADER JOES,8898 N MICHIGAN AVE,60601
71240,28,598.0,KRAFT FOODS,3162 S HOUSTON AVE,60616
431829,5,119.0,SPEEDWAY,9940 W 63RD ST,60630
342650,26,556.0,MCDONALD'S,8439 S PULASKI RD,60611
621916,41,493.0,NEYBOUR'S TAVERN,4626 S PULASKI RD,60621
399786,29,261.0,AUTOZONE,5421 N CLARK ST,60636
192430,38,679.0,SEVEN ELEVEN,9363 W 63RD ST,60619
744578,43,502.0,TARGET,3242 S PULASKI RD,60626
734824,48,774.0,TRADER JOES,6157 W NORTH AVE,60607
505199,39,671.0,PIZZA HUT,5674 W 43RD ST,60613
678016,35,196.0,TRADER JOES,3597 N MICHIGAN AVE,60608
948790,38,248.0,SPEEDWAY,2412 N MICHIGAN AVE,60627
10686,4,815.0,SPEEDWAY,1099 S PULASKI RD,60630
666754,31,393.0,PIZZA HUT,8669 N MICHIGAN AVE,60629
632877,29,160.0,MCDONALD'S,1994 N BROADWAY,60614
437104,20,648.0,ALDI,8529 W DEVON AVE,60605
228134,28,478.0,GIORDANOS,6996 S HALSTED ST,60617
189036,3,427.0,SPEEDWAY,6189 W 63RD ST,60639
321646,37,793.0,SEVEN ELEVEN,5129 W NORTH AVE,60609
847303,21,982.0,ALDI,8911 W 43RD ST,60637
959360,40,788.0,COSTCO,8127 N CLARK ST,60629
195658,26,905.0,COSTCO,4170 N BROADWAY,60615
336753,46,670.0,POTBELLY,4629 S STATE ST,60608
931398,41,948.0,LOWES,1293 S ARCHER AVE,60632
281996,10,565.0,JEWEL OSCO,4842 S COTTAGE GROVE AVE,60607
645560,9,720.0,SPEEDWAY,1609 S COTTAGE GROVE AVE,60605
403214,5,362.0,TONY'S FINER FOODS,8506 W IRVING PARK RD,60639
521945,4,425.0,COSTCO,8708 N BROADWAY,60638
472652,37,562.0,COSTCO,8213 S STATE ST,60606
601111,3,252.0,DUNKIN DONUTS,7736 W IRVING PARK RD,60635
303756,1,974.0,TONY'S FINER FOODS,5349 S ARCHER AVE,60624
398386,6,893.0,WHOLE FOODS,9441 N MICHIGAN AVE,60639
327005,36,299.0,MCDONALD'S,3536 N WESTERN AVE,60606
322281,3,629.0,TRADER JOES,304 W 43RD ST,60618
331404,36,987.0,TARGET,9119 N MICHIGAN AVE,60602
488063,24,913.0,STARBUCKS,5906 W DEVON AVE,60618
721699,42,803.0,SHELL STATION,9814 S HOUSTON AVE,60635
82750,2,152.0,SHELL STATION,1896 S PULASKI RD,60616
61753,31,465.0,ADVANCE AUTO,2073 N SOUTHPORT AVE,60636
385290,49,824.0,SPEEDWAY,345 N WESTERN AVE,60632
869093,50,736.0,SEVEN ELEVEN,8604 S COTTAGE GROVE AVE,60627
796479,25,110.0,MCDONALD'S,4009 W MADISON ST,60627
32099,5,445.0,POTBELLY,7149 W MADISON ST,60623
284874,15,142.0,KRAFT FOODS,4055 N CLARK ST,60634
52052,18,797.0,WALMART,8200 N SOUTHPORT AVE,60620
693731,13,158.0,COSTCO,9163 N MICHIGAN AVE,60639
809753,38,322.0,LOWES,3519 S PULASKI RD,60603
993835,12,912.0,ADVANCE AUTO,4858 W NORTH AVE,60617
583267,36,589.0,TRADER JOES,5558 W CHICAGO AVE,60638
120378,8,993.0,LOU MALNATIS,2302 S ARCHER AVE,60637
295290,34,900.0,DOMINICKS,9181 W NORTH AVE,60631
804298,24,727.0,BP GAS STATION,9705 W 63RD ST,60607
861149,44,561.0,NEYBOUR'S TAVERN,8952 W CHICAGO AVE,60634
661609,10,974.0,SAMS CLUB,7078 N WESTERN AVE,60610
723768,18,956.0,NEYBOUR'S TAVERN,7334 N SOUTHPORT AVE,60637
159509,24,785.0,GIORDANOS,2229 S HALSTED ST,60615
678084,37,719.0,SEVEN ELEVEN,7501 S COTTAGE GROVE AVE,60603
61963,45,784.0,LOU MALNATIS,6921 S HALSTED ST,60630
81259,49,,SEVEN ELEVEN,7099 S HOUSTON AVE,60640
544777,18,895.0,REGGIE'S BAR & GRILL,7488 W CHICAGO AVE,60626
589528,39,775.0,STARBUCKS,9061 W CHICAGO AVE,60624
518222,43,742.0,TARGET,486 S HOUSTON AVE,60640
622401,25,863.0,NEYBOUR'S TAVERN,5864 N WESTERN AVE,60632
370410,24,588.0,SHELL STATION,9461 W IRVING PARK RD,60619
137589,47,322.0,CELINA DELI,4422 S PULASKI RD,60631
624603,22,528.0,BP GAS STATION,4087 W NORTH AVE,60624
409150,28,357.0,WALGREENS,2346 W MADISON ST,60616
891127,35,754.0,BUONA BEEF,4910 N BROADWAY,60626
465284,45,239.0,JEWEL OSCO,2924 S COTTAGE GROVE AVE,60637
277782,17,395.0,MARIANO'S,6680 S WABASH AVE,60615
807303,13,252.0,TARGET,5540 S STATE ST,60606
101794,30,700.0,COSTCO,1940 W IRVING PARK RD,60638
944431,30,133.0,DUNKIN DONUTS,1368 S PULASKI RD,60605
717393,38,945.0,SUBWAY,4928 W CHICAGO AVE,60606
638348,26,980.0,SEVEN ELEVEN,4855 S STATE ST,60624
522093,6,914.0,MCDONALD'S,3218 S PULASKI RD,60607
362453,24,214.0,WALMART,6715 W CHICAGO AVE,60609
362222,48,861.0,STARBUCKS,5744 S ARCHER AVE,60607
737988,35,138.0,ADVANCE AUTO,6103 W NORTH AVE,60640
86071,34,681.0,BUONA BEEF,2186 W MADISON ST,60625
442501,6,583.0,GIORDANOS,8078 N WESTERN AVE,60608
364047,11,842.0,WALGREENS,9121 W MADISON ST,60636
549634,22,465.0,ALDI,5911 N SOUTHPORT AVE,60607
845544,11,935.0,SEVEN ELEVEN,3576 S WABASH AVE,60632
526427,48,174.0,PORTILLOS,7045 N WESTERN AVE,60627
972012,50,564.0,HONEYBEERS,7564 W IRVING PARK RD,60611
187606,5,759.0,HOME DEPOT,3338 W 43RD ST,60613
3767,11,788.0,PORTILLOS,7557 S STATE ST,60631
740690,36,752.0,WALMART,5884 S PULASKI RD,60631
359844,46,249.0,PIZZA HUT,1844 S COTTAGE GROVE AVE,60639
397823,33,430.0,DOMINICKS,2418 N WESTERN AVE,60623
855485,15,127.0,WHOLE FOODS,5902 W NORTH AVE,60630
580289,43,739.0,BP GAS STATION,2238 W CHICAGO AVE,60638
825616,50,722.0,BP GAS STATION,4834 N CICERO AVE,60608
994811,39,117.0,PORTILLOS,8787 N CLARK ST,60628
672265,21,570.0,POTBELLY,710 W 63RD ST,60627
944092,31,949.0,MCDONALD'S,5006 S ARCHER AVE,60612
780194,47,483.0,BUONA BEEF,2406 W NORTH AVE,60640
511037,26,299.0,DOMINICKS,8144 W NORTH AVE,60609
750083,38,715.0,TRADER JOES,5167 N BROADWAY,60605
95841,47,268.0,ALDI,9566 W 43RD ST,60622
357949,22,815.0,ALDI,308 N MICHIGAN AVE,60639
575898,41,237.0,MARIANO'S,7811 S HALSTED ST,60624
41404,24,507.0,LOU MALNATIS,2069 S STATE ST,60608
563397,24,839.0,TONY'S FINER FOODS,5178 W CHICAGO AVE,60630
585473,17,629.0,JEWEL OSCO,6472 W 43RD ST,60601
755823,42,509.0,CVS PHARMACY,9817 W 63RD ST,60640
274573,23,943.0,GIORDANOS,3967 N CLARK ST,60618
742698,4,318.0,TRADER JOES,2825 N SOUTHPORT AVE,60601
495365,22,250.0,REGGIE'S BAR & GRILL,6161 S COTTAGE GROVE AVE,60638
361285,40,486.0,SPEEDWAY,5486 S COTTAGE GROVE AVE,60629
821785,50,870.0,WHOLE FOODS,8968 W 43RD ST,60639
203333,18,512.0,TRADER JOES,6432 S HALSTED ST,60635
707631,23,672.0,CVS PHARMACY,7392 S ARCHER AVE,60632
354366,16,602.0,MCDONALD'S,4802 S WABASH AVE,60605
608465,19,164.0,STARBUCKS,5240 S WABASH AVE,60614
376899,49,772.0,CELINA DELI,461 S HOUSTON AVE,60635
817731,35,770.0,SUBWAY,8920 N WESTERN AVE,60618
68253,37,935.0,HONEYBEERS,2596 S HOUSTON AVE,60616
929696,28,943.0,DUNKIN DONUTS,4069 W IRVING PARK RD,60624
764493,37,194.0,DUNKIN DONUTS,5181 W IRVING PARK RD,60617
267925,27,783.0,SHELL STATION,7265 N SOUTHPORT AVE,60638
577969,7,153.0,COSTCO,5461 N BROADWAY,60636
457000,44,773.0,TRADER JOES,8110 N WESTERN AVE,60623
231045,40,717.0,TRADER JOES,4179 S PULASKI RD,60626
896379,31,403.0,WALMART,5546 W 63RD ST,60611
834586,43,671.0,STARBUCKS,3552 W IRVING PARK RD,60624
729047,15,556.0,SHELL STATION,2520 S HALSTED ST,60625
853417,5,698.0,LOWES,5050 N BROADWAY,60639
184981,13,734.0,WALGREENS,3232 S WABASH AVE,60607
245183,36,585.0,KRAFT FOODS,6300 N CLARK ST,60609
58901,49,408.0,TARGET,8864 S ARCHER AVE,60609
257143,44,908.0,LOWES,8381 N BROADWAY,60622
720079,29,299.0,NEYBOUR'S TAVERN,2301 N MICHIGAN AVE,60624
233244,16,693.0,SHELL STATION,422 S COTTAGE GROVE AVE,60614
81364,8,786.0,DUNKIN DONUTS,4855 W DEVON AVE,60617
964370,9,680.0,LOWES,5516 N BROADWAY,60638
985599,35,296.0,CVS PHARMACY,6965 W 63RD ST,60616
89465,38,449.0,WALGREENS,5660 W CHICAGO AVE,60623
858931,8,880.0,WHOLE FOODS,1659 S WABASH AVE,60610
496588,36,169.0,PIZZA HUT,2570 S STATE ST,60624
274182,46,969.0,ALDI,436 S PULASKI RD,60610
923661,26,726.0,NEYBOUR'S TAVERN,476 W IRVING PARK RD,60635
284158,24,732.0,TRADER JOES,2218 W 63RD ST,60605
797566,10,868.0,NEYBOUR'S TAVERN,7391 S HALSTED ST,60632
15706,33,173.0,MARIANO'S,9665 W 43RD ST,60635
936230,35,215.0,NEYBOUR'S TAVERN,5250 S COTTAGE GROVE AVE,60609
447229,20,366.0,LOWES,7231 S ARCHER AVE,60634
987243,46,943.0,TARGET,8072 W IRVING PARK RD,60606
990523,6,791.0,JEWEL OSCO,7210 N CICERO AVE,60627
54424,35,420.0,ALDI,2903 W 43RD ST,60613
865558,26,454.0,NEYBOUR'S TAVERN,1630 N CICERO AVE,60615
562140,41,730.0,LOWES,8878 W CHICAGO AVE,60627
384729,28,443.0,LOWES,7198 W MADISON ST,60621
553666,7,848.0,DOMINICKS,8416 W 63RD ST,60604
926301,40,920.0,WALMART,9803 S WABASH AVE,60626
925443,11,930.0,SEVEN ELEVEN,2195 S STATE ST,60601
440319,30,492.0,REGGIE'S BAR & GRILL,4299 N WESTERN AVE,60613
510760,18,306.0,PIZZA HUT,7538 N MICHIGAN AVE,60625
44750,6,216.0,CVS PHARMACY,3092 S HOUSTON AVE,60625
714692,20,180.0,LOWES,7475 S STATE ST,60615
607565,23,472.0,LOWES,4472 S STATE ST,60627
606507,3,119.0,COSTCO,309 W 63RD ST,60633
223905,32,314.0,WALMART,5339 W CHICAGO AVE,60614
696387,29,207.0,ADVANCE AUTO,6738 S HOUSTON AVE,60631
885270,2,229.0,KRAFT FOODS,7750 W DEVON AVE,60623
451068,40,153.0,SUBWAY,3712 N WESTERN AVE,60637
679147,22,803.0,REGGIE'S BAR & GRILL,9510 N BROADWAY,60612
838087,6,379.0,WALMART,972 N MICHIGAN AVE,60603
684404,49,978.0,CELINA DELI,9015 N CICERO AVE,60618
687479,42,858.0,HOME DEPOT,1252 N SOUTHPORT AVE,60623
808602,23,711.0,NEYBOUR'S TAVERN,7738 W 63RD ST,60611
749299,6,723.0,DOMINICKS,9916 N SOUTHPORT AVE,60638
681394,9,174.0,SPEEDWAY,6884 N BROADWAY,60637
843869,40,547.0,WALGREENS,6438 S WABASH AVE,60616
835529,15,164.0,MARIANO'S,4673 N CICERO AVE,60614
932770,21,101.0,SPEEDWAY,3859 S PULASKI RD,60606
86663,34,669.0,WALMART,4035 S PULASKI RD,60613
654953,4,448.0,AUTOZONE,7746 W MADISON ST,60621
781649,4,745.0,SEVEN ELEVEN,3765 S PULASKI RD,60629
301937,40,764.0,WHOLE FOODS,3299 S COTTAGE GROVE AVE,60614
331438,14,266.0,BUONA BEEF,3275 N BROADWAY,60620
697074,31,191.0,WALGREENS,5557 S ARCHER AVE,60607
718411,38,422.0,COSTCO,3792 S HALSTED ST,60634
342646,2,574.0,STARBUCKS,3585 W 43RD ST,60623
713744,13,208.0,LOU MALNATIS,7211 W DEVON AVE,60617
316725,15,136.0,BUONA BEEF,7901 W 43RD ST,60608
355792,2,625.0,HOME DEPOT,868 W 43RD ST,60611
889624,50,430.0,HONEYBEERS,7716 S HALSTED ST,60629
940008,49,828.0,PORTILLOS,9930 W 43RD ST,60626
842412,38,755.0,GIORDANOS,9654 S HOUSTON AVE,60638
228763,44,992.0,WALGREENS,6950 W CHICAGO AVE,60640
905758,34,727.0,DUNKIN DONUTS,5184 S WABASH AVE,60639
749669,29,358.0,TONY'S FINER FOODS,7433 W CHICAGO AVE,60626
267239,48,714.0,MARIANO'S,3843 S ARCHER AVE,60632
568630,8,816.0,JEWEL OSCO,6895 S PULASKI RD,60605
3529,49,696.0,BP GAS STATION,2145 W IRVING PARK RD,60625
220712,47,118.0,POTBELLY,8880 S HOUSTON AVE,60610
378971,2,452.0,CELINA DELI,6023 S PULASKI RD,60632
674241,48,997.0,CELINA DELI,713 N BROADWAY,60615
174680,16,838.0,NEYBOUR'S TAVERN,5442 N SOUTHPORT AVE,60604
79493,1,476.0,NEYBOUR'S TAVERN,7308 N CICERO AVE,60620
386378,42,757.0,PIZZA HUT,6655 W 43RD ST,60624
123087,32,694.0,KRAFT FOODS,4867 S HALSTED ST,60624
867726,20,884.0,KRAFT FOODS,9644 N CLARK ST,60633
752497,14,597.0,DOMINICKS,1438 W IRVING PARK RD,60619
399635,23,308.0,WALMART,8299 N MICHIGAN AVE,60638
820320,35,903.0,BP GAS STATION,2193 S ARCHER AVE,60620
354022,41,677.0,COSTCO,3422 S WABASH AVE,60621
417559,33,836.0,SUBWAY,8923 S STATE ST,60625
601729,40,927.0,HONEYBEERS,9829 W NORTH AVE,60630
911694,15,911.0,LOU MALNATIS,6385 S HALSTED ST,60635
707901,20,129.0,TARGET,7839 W CHICAGO AVE,60633
558754,12,220.0,HOME DEPOT,9955 W NORTH AVE,60609
156680,10,200.0,CVS PHARMACY,2145 S HOUSTON AVE,60611
62436,38,801.0,CELINA DELI,3862 W IRVING PARK RD,60623
931314,31,692.0,MCDONALD'S,4058 S HOUSTON AVE,60602
635341,36,495.0,CELINA DELI,3953 W IRVING PARK RD,60601
456075,41,761.0,COSTCO,2181 S HOUSTON AVE,60611
79701,19,339.0,POTBELLY,2864 S HOUSTON AVE,60605
358519,11,157.0,PORTILLOS,5157 S ARCHER AVE,60605
732214,15,625.0,SEVEN ELEVEN,566 W MADISON ST,60635
630010,49,720.0,DUNKIN DONUTS,9331 N SOUTHPORT AVE,60632
346261,49,762.0,TARGET,9957 N CLARK ST,60626
915715,1,267.0,LOU MALNATIS,3825 W CHICAGO AVE,60632
250088,35,555.0,JEWEL OSCO,5020 W 43RD ST,60609
670233,14,451.0,DUNKIN DONUTS,3582 W 63RD ST,60633
983712,50,924.0,SEVEN ELEVEN,6976 N WESTERN AVE,60615
25874,12,851.0,SEVEN ELEVEN,9576 S COTTAGE GROVE AVE,60635
93728,21,242.0,HOME DEPOT,614 W DEVON AVE,60638
80178,33,555.0,LOWES,7802 N CICERO AVE,60627
191797,36,121.0,BP GAS STATION,1988 W 63RD ST,60619
368760,9,260.0,SAMS CLUB,4613 W 63RD ST,60607
76420,38,931.0,LOU MALNATIS,4801 W CHICAGO AVE,60639
611539,6,693.0,DUNKIN DONUTS,6152 W CHICAGO AVE,60610
395153,42,190.0,CELINA DELI,7117 S HALSTED ST,60602
805785,39,731.0,ALDI,197 N SOUTHPORT AVE,60629
268374,49,864.0,ALDI,5477 W IRVING PARK RD,60629
869051,41,544.0,TARGET,4344 S HOUSTON AVE,60608
524856,28,897.0,MARIANO'S,4583 N BROADWAY,60601
127243,45,891.0,TRADER JOES,7780 W MADISON ST,60640
154288,30,613.0,REGGIE'S BAR & GRILL,4790 S PULASKI RD,60602
615080,5,535.0,LOU MALNATIS,969 S PULASKI RD,60630
723489,8,344.0,MARIANO'S,7570 N MICHIGAN AVE,60621
45710,45,343.0,CVS PHARMACY,6665 N CLARK ST,60608
543940,49,651.0,CVS PHARMACY,6978 W DEVON AVE,60633
793052,44,583.0,COSTCO,6235 N BROADWAY,60617
304035,24,294.0,BP GAS STATION,7508 W 63RD ST,60620
831795,14,435.0,SHELL STATION,2453 N CICERO AVE,60634
525288,38,938.0,WHOLE FOODS,6304 W CHICAGO AVE,60625
624446,31,614.0,TRADER JOES,7352 S HALSTED ST,60639
410969,48,850.0,KRAFT FOODS,1361 N MICHIGAN AVE,60617
350980,27,272.0,WALGREENS,5416 N CLARK ST,60605
749119,41,333.0,ALDI,3545 W 63RD ST,60606
143932,16,641.0,STARBUCKS,1481 W CHICAGO AVE,60633
794672,14,166.0,CELINA DELI,727 N CLARK ST,60633
498427,36,633.0,ADVANCE AUTO,3106 W CHICAGO AVE,60605
362814,3,490.0,PORTILLOS,7960 N CICERO AVE,60609
914165,14,951.0,REGGIE'S BAR & GRILL,3682 S ARCHER AVE,60622
268914,26,743.0,LOWES,521 W IRVING PARK RD,60628
158923,37,880.0,JEWEL OSCO,4759 W 43RD ST,60605
505412,36,856.0,BUONA BEEF,2244 W DEVON AVE,60609
160138,15,703.0,ADVANCE AUTO,5771 S STATE ST,60609
722063,33,430.0,SAMS CLUB,9743 W IRVING PARK RD,60632
161310,45,501.0,DUNKIN DONUTS,3008 N WESTERN AVE,60625
612793,20,944.0,WALMART,304 W DEVON AVE,60609
555154,1,556.0,ALDI,8976 S COTTAGE GROVE AVE,60634
99949,20,959.0,REGGIE'S BAR & GRILL,9270 N WESTERN AVE,60604
690709,4,863.0,GIORDANOS,1029 N SOUTHPORT AVE,60619
158158,40,565.0,GIORDANOS,7420 N WESTERN AVE,60617
350724,49,211.0,ALDI,5065 W DEVON AVE,60640
46279,9,749.0,GIORDANOS,8710 W NORTH AVE,60621
682424,20,781.0,STARBUCKS,3815 W DEVON AVE,60630
751739,36,808.0,POTBELLY,4459 S WABASH AVE,60603
83436,37,590.0,CELINA DELI,9468 S HOUSTON AVE,60606
73012,41,302.0,TRADER JOES,2520 W IRVING PARK RD,60601
967368,29,973.0,POTBELLY,4570 N BROADWAY,60601
849029,38,466.0,SUBWAY,5253 W 43RD ST,60622
289165,18,873.0,LOWES,2549 W CHICAGO AVE,60610
77430,31,609.0,POTBELLY,8529 S WABASH AVE,60633
523971,26,284.0,KRAFT FOODS,5130 W 43RD ST,60637
772820,48,366.0,HONEYBEERS,9712 W 43RD ST,60640
394941,26,124.0,SEVEN ELEVEN,3642 W MADISON ST,60625
749980,33,986.0,SHELL STATION,2102 N MICHIGAN AVE,60639
254161,18,419.0,TONY'S FINER FOODS,9706 W MADISON ST,60629
111247,49,713.0,TARGET,5706 N CLARK ST,60604
605528,11,102.0,REGGIE'S BAR & GRILL,3189 N MICHIGAN AVE,60614
638244,16,704.0,ADVANCE AUTO,4797 W MADISON ST,60601
443198,47,572.0,DOMINICKS,4133 S PULASKI RD,60640
185135,30,801.0,SAMS CLUB,1694 S ARCHER AVE,60626
568258,5,311.0,AUTOZONE,4506 S WABASH AVE,60636
88721,27,238.0,PIZZA HUT,4158 S ARCHER AVE,60605
46056,37,319.0,POTBELLY,262 S STATE ST,60609
849685,32,679.0,LOWES,7492 N CICERO AVE,60638
192113,11,993.0,NEYBOUR'S TAVERN,8339 N MICHIGAN AVE,60605
448316,35,795.0,AUTOZONE,5116 W CHICAGO AVE,60630
182052,23,249.0,ALDI,9405 W NORTH AVE,60633
246804,49,858.0,TONY'S FINER FOODS,5566 W IRVING PARK RD,60613
53365,41,401.0,WALGREENS,1535 S PULASKI RD,60622
561716,28,555.0,BP GAS STATION,8688 S PULASKI RD,60632
350038,14,346.0,JEWEL OSCO,9044 W NORTH AVE,60621
448537,18,913.0,LOWES,7075 S STATE ST,60630
221597,26,123.0,SPEEDWAY,2879 S HALSTED ST,60627
381300,17,683.0,TONY'S FINER FOODS,3061 S HALSTED ST,60617
604460,23,331.0,SHELL STATION,1619 S PULASKI RD,60626
390927,35,268.0,CVS PHARMACY,4116 W CHICAGO AVE,60635
812525,37,816.0,LOU MALNATIS,6755 N CICERO AVE,60609
515435,17,632.0,PORTILLOS,715 W DEVON AVE,60606
299074,30,599.0,SUBWAY,9244 W DEVON AVE,60607
135180,47,296.0,ADVANCE AUTO,979 N WESTERN AVE,60621
538574,8,177.0,STARBUCKS,948 N CICERO AVE,60604
425295,39,915.0,TONY'S FINER FOODS,9612 N MICHIGAN AVE,60635
112919,27,574.0,MCDONALD'S,3356 N CLARK ST,60628
624307,46,931.0,HONEYBEERS,7875 W DEVON AVE,60626
755345,40,354.0,SAMS CLUB,890 W 63RD ST,60612
133951,9,722.0,TONY'S FINER FOODS,9830 W 43RD ST,60628
539826,28,195.0,TARGET,2587 S HOUSTON AVE,60624
746476,36,585.0,SPEEDWAY,4193 S COTTAGE GROVE AVE,60602
566845,15,955.0,TONY'S FINER FOODS,6788 S STATE ST,60628
430442,15,166.0,PORTILLOS,5180 S STATE ST,60628
344387,24,893.0,KRAFT FOODS,4575 W MADISON ST,60608
230768,29,897.0,HONEYBEERS,7059 S ARCHER AVE,60617
277544,39,127.0,TONY'S FINER FOODS,9919 N CLARK ST,60616
675587,42,726.0,HONEYBEERS,2910 N CICERO AVE,60618
885673,24,726.0,LOU MALNATIS,3146 W IRVING PARK RD,60615
187582,28,765.0,COSTCO,2977 S STATE ST,60617
744888,33,696.0,SEVEN ELEVEN,8926 S HOUSTON AVE,60605
906765,29,276.0,MARIANO'S,3003 N MICHIGAN AVE,60638
799585,36,280.0,GIORDANOS,4314 W CHICAGO AVE,60619
749247,34,537.0,WHOLE FOODS,3625 W CHICAGO AVE,60626
303690,31,282.0,WALGREENS,6731 W DEVON AVE,60612
629034,2,792.0,PIZZA HUT,7578 S HOUSTON AVE,60633
118840,20,289.0,ADVANCE AUTO,2668 W DEVON AVE,60607
56630,24,795.0,PORTILLOS,6764 N SOUTHPORT AVE,60606
87256,39,761.0,TONY'S FINER FOODS,7361 N BROADWAY,60608
37770,38,915.0,SAMS CLUB,2073 N MICHIGAN AVE,60614
88048,48,978.0,MARIANO'S,7524 S HALSTED ST,60619
444702,34,535.0,REGGIE'S BAR & GRILL,9615 W IRVING PARK RD,60633
957876,28,684.0,ADVANCE AUTO,7712 N BROADWAY,60618
588782,22,978.0,DUNKIN DONUTS,3303 S COTTAGE GROVE AVE,60622
192578,34,795.0,GIORDANOS,1778 N WESTERN AVE,60625
840980,12,752.0,LOU MALNATIS,537 S STATE ST,60609
815840,4,949.0,HOME DEPOT,5550 S HALSTED ST,60620
602376,38,465.0,BP GAS STATION,3665 W 43RD ST,60639
390052,21,912.0,TONY'S FINER FOODS,9406 W DEVON AVE,60602
773090,22,283.0,NEYBOUR'S TAVERN,6414 S WABASH AVE,60633
746883,33,720.0,GIORDANOS,7366 N CICERO AVE,60635
899841,20,859.0,WALMART,7005 S ARCHER AVE,60612
790314,14,309.0,SUBWAY,959 S WABASH AVE,60603
53328,6,149.0,ADVANCE AUTO,5878 N SOUTHPORT AVE,60640
287113,10,871.0,WALGREENS,2959 W IRVING PARK RD,60621
967416,7,176.0,COSTCO,178 N WESTERN AVE,60615
615200,17,603.0,WALGREENS,6976 W 63RD ST,60638
656816,13,574.0,PIZZA HUT,4784 N WESTERN AVE,60613
634487,50,312.0,WHOLE FOODS,959 N WESTERN AVE,60605
25458,24,647.0,PORTILLOS,7845 S COTTAGE GROVE AVE,60636
138972,33,171.0,TONY'S FINER FOODS,407 S HOUSTON AVE,60619
949427,46,771.0,CVS PHARMACY,247 N MICHIGAN AVE,60632
842092,34,689.0,POTBELLY,4357 N CLARK ST,60607
762296,18,669.0,TONY'S FINER FOODS,7371 S COTTAGE GROVE AVE,60628
319296,37,893.0,GIORDANOS,8877 N SOUTHPORT AVE,60609
701699,9,748.0,PORTILLOS,9652 W NORTH AVE,60601
895762,23,399.0,CVS PHARMACY,3625 S ARCHER AVE,60628
707998,2,724.0,DOMINICKS,268 W 63RD ST,60611
988132,13,644.0,SAMS CLUB,2655 S STATE ST,60611
704828,39,929.0,SEVEN ELEVEN,651 W DEVON AVE,60626
639285,28,349.0,SEVEN ELEVEN,7295 S ARCHER AVE,60601
947368,11,629.0,DOMINICKS,5190 S ARCHER AVE,60623
831248,44,836.0,HONEYBEERS,2705 W IRVING PARK RD,60627
863749,21,622.0,WALMART,2528 W DEVON AVE,60602
422074,2,148.0,AUTOZONE,9567 W IRVING PARK RD,60614
459997,17,809.0,SEVEN ELEVEN,3316 N SOUTHPORT AVE,60629
324892,2,468.0,STARBUCKS,6139 S COTTAGE GROVE AVE,60608
900013,47,474.0,DOMINICKS,6664 W 43RD ST,60636
744812,10,624.0,HONEYBEERS,8618 N CICERO AVE,60635
655419,1,467.0,CELINA DELI,3635 N SOUTHPORT AVE,60602
240057,28,987.0,AUTOZONE,5723 S PULASKI RD,60631
909831,46,452.0,PIZZA HUT,5031 W IRVING PARK RD,60620
545197,19,604.0,PIZZA HUT,1082 S STATE ST,60619
951382,48,837.0,GIORDANOS,2030 W 63RD ST,60618
572517,9,881.0,NEYBOUR'S TAVERN,903 N WESTERN AVE,60612
388170,17,600.0,DUNKIN DONUTS,4890 S PULASKI RD,60625
39800,22,428.0,NEYBOUR'S TAVERN,8278 W 43RD ST,60630
35171,9,203.0,STARBUCKS,8841 S PULASKI RD,60631
245261,21,245.0,JEWEL OSCO,9316 N MICHIGAN AVE,60637
724819,5,230.0,TRADER JOES,6448 W CHICAGO AVE,60610
676635,25,252.0,SAMS CLUB,9975 S STATE ST,60602
187040,41,329.0,TARGET,2650 N WESTERN AVE,60631
194319,23,353.0,DUNKIN DONUTS,1151 W 63RD ST,60607
848402,22,212.0,MCDONALD'S,8454 W 43RD ST,60629
951831,44,712.0,HONEYBEERS,639 N CLARK ST,60633
309587,14,547.0,KRAFT FOODS,1703 N SOUTHPORT AVE,60619
306929,19,548.0,GIORDANOS,2134 W 63RD ST,60603
52357,2,783.0,LOU MALNATIS,4753 N MICHIGAN AVE,60611
139845,20,323.0,CELINA DELI,3434 W 43RD ST,60638
907802,42,746.0,PIZZA HUT,9878 W DEVON AVE,60611
409171,3,725.0,TARGET,7904 S COTTAGE GROVE AVE,60610
347971,29,480.0,PIZZA HUT,1974 W 63RD ST,60626
251697,35,877.0,HOME DEPOT,1966 S HALSTED ST,60624
472781,21,683.0,LOWES,2615 S STATE ST,60634
535150,39,893.0,MARIANO'S,9101 S WABASH AVE,60633
901679,7,965.0,TARGET,9813 W 63RD ST,60607
819003,29,183.0,BUONA BEEF,9969 W DEVON AVE,60622
677431,44,268.0,BP GAS STATION,4845 W NORTH AVE,60612
328541,21,877.0,REGGIE'S BAR & GRILL,7784 N WESTERN AVE,60627
91225,36,704.0,CVS PHARMACY,7400 S HALSTED ST,60623
993964,10,237.0,HOME DEPOT,7579 S PULASKI RD,60640
373533,2,904.0,SUBWAY,8353 N CICERO AVE,60605
874075,35,478.0,TONY'S FINER FOODS,5507 W DEVON AVE,60620
468964,29,681.0,GIORDANOS,2491 N WESTERN AVE,60608
656659,15,985.0,REGGIE'S BAR & GRILL,2757 S ARCHER AVE,60629
880856,19,773.0,AUTOZONE,438 S WABASH AVE,60640
127609,39,133.0,SUBWAY,4619 S ARCHER AVE,60612
77584,15,284.0,JEWEL OSCO,6218 S HALSTED ST,60636
705944,29,442.0,LOU MALNATIS,185 S WABASH AVE,60625
424519,38,500.0,DUNKIN DONUTS,233 W IRVING PARK RD,60638
755165,28,343.0,ALDI,1627 W 63RD ST,60622
582920,30,524.0,TARGET,5185 N CICERO AVE,60604
239000,18,404.0,MCDONALD'S,4536 N WESTERN AVE,60638
837489,15,932.0,JEWEL OSCO,2017 S WABASH AVE,60603
322823,32,237.0,ADVANCE AUTO,5864 W IRVING PARK RD,60601
9964,7,443.0,POTBELLY,6293 S PULASKI RD,60632
901200,20,568.0,WALMART,6956 W 63RD ST,60635
66823,20,337.0,KRAFT FOODS,7629 W CHICAGO AVE,60631
433979,50,383.0,CVS PHARMACY,6363 S STATE ST,60609
700387,46,881.0,POTBELLY,6986 N CICERO AVE,60618
219112,23,384.0,HOME DEPOT,6779 S WABASH AVE,60636
766283,19,918.0,STARBUCKS,977 W NORTH AVE,60615
582168,50,746.0,JEWEL OSCO,8046 W 43RD ST,60626
324726,21,477.0,MCDONALD'S,8866 S HOUSTON AVE,60604
64081,21,706.0,BP GAS STATION,2915 N BROADWAY,60604
142254,31,224.0,LOU MALNATIS,6215 W IRVING PARK RD,60608
450924,46,528.0,HONEYBEERS,8169 S STATE ST,60620
901129,33,642.0,MARIANO'S,4214 S ARCHER AVE,60627
516255,22,157.0,ADVANCE AUTO,9250 S COTTAGE GROVE AVE,60602
166344,33,668.0,JEWEL OSCO,3337 S PULASKI RD,60617
89565,46,853.0,LOWES,1624 W NORTH AVE,60622
975362,2,417.0,STARBUCKS,9278 N MICHIGAN AVE,60603
208174,27,900.0,ALDI,4539 W CHICAGO AVE,60606
232323,8,646.0,WHOLE FOODS,3118 N CLARK ST,60604
389353,23,718.0,REGGIE'S BAR & GRILL,5463 N SOUTHPORT AVE,60612
925014,20,257.0,POTBELLY,1425 N CLARK ST,60615
978089,31,661.0,WALMART,2012 N BROADWAY,60605
414047,46,554.0,WALMART,2253 W IRVING PARK RD,60636
928497,10,143.0,AUTOZONE,1896 W MADISON ST,60606
166869,22,979.0,TRADER JOES,2468 S HALSTED ST,60636
183851,41,923.0,LOU MALNATIS,7025 W 63RD ST,60630
744414,24,213.0,CVS PHARMACY,3286 S ARCHER AVE,60628
476535,15,575.0,KRAFT FOODS,148 S COTTAGE GROVE AVE,60637
184625,44,604.0,STARBUCKS,1716 W MADISON ST,60636
573978,46,220.0,ALDI,8138 N WESTERN AVE,60635
127229,4,413.0,MARIANO'S,8621 S STATE ST,60630
477908,46,100.0,DUNKIN DONUTS,6020 S COTTAGE GROVE AVE,60636
890228,31,659.0,ALDI,4189 S STATE ST,60626
240615,25,404.0,TONY'S FINER FOODS,7968 N BROADWAY,60618
121617,35,434.0,SEVEN ELEVEN,9918 S COTTAGE GROVE AVE,60617
555702,11,903.0,NEYBOUR'S TAVERN,9294 S WABASH AVE,60612
828012,29,751.0,POTBELLY,7861 S ARCHER AVE,60620
584893,26,830.0,TONY'S FINER FOODS,1931 W NORTH AVE,60618
678100,47,606.0,JEWEL OSCO,5875 W NORTH AVE,60640
968905,31,663.0,JEWEL OSCO,9401 S WABASH AVE,60628
405937,32,709.0,SHELL STATION,6620 S HALSTED ST,60611
526913,9,274.0,GIORDANOS,417 S HALSTED ST,60621
295126,5,986.0,JEWEL OSCO,5056 N CLARK ST,60621
370759,9,539.0,JEWEL OSCO,3045 W DEVON AVE,60612
404498,13,675.0,NEYBOUR'S TAVERN,289 W MADISON ST,60611
658113,21,146.0,ADVANCE AUTO,8432 W CHICAGO AVE,60634
867984,37,835.0,BUONA BEEF,978 W MADISON ST,60603
360917,31,220.0,TARGET,8941 N BROADWAY,60618
395652,37,804.0,SHELL STATION,5110 W MADISON ST,60627
273687,27,711.0,TRADER JOES,1520 W IRVING PARK RD,60611
19048,13,980.0,MCDONALD'S,3130 W MADISON ST,60639
712204,28,821.0,POTBELLY,7393 S HOUSTON AVE,60616
298545,15,976.0,REGGIE'S BAR & GRILL,9075 S STATE ST,60618
70231,25,363.0,REGGIE'S BAR & GRILL,4242 S HOUSTON AVE,60614
636595,5,913.0,MARIANO'S,6853 N SOUTHPORT AVE,60604
752683,33,853.0,CVS PHARMACY,6387 W IRVING PARK RD,60605
756463,46,460.0,WALGREENS,8769 W IRVING PARK RD,60612
158096,35,349.0,LOU MALNATIS,4406 N CLARK ST,60632
937255,34,150.0,NEYBOUR'S TAVERN,139 N MICHIGAN AVE,60631
921798,25,150.0,HONEYBEERS,1509 N BROADWAY,60607
277272,11,791.0,MARIANO'S,8486 N CICERO AVE,60634
35508,48,976.0,LOWES,2011 S HOUSTON AVE,60626
112113,48,801.0,DOMINICKS,9082 N CLARK ST,60610
930822,21,959.0,LOU MALNATIS,9375 W 63RD ST,60618
701116,15,796.0,COSTCO,9147 N SOUTHPORT AVE,60630
116659,27,376.0,BUONA BEEF,6347 S HALSTED ST,60620
891407,27,693.0,HONEYBEERS,8167 N CLARK ST,60616
525445,39,215.0,SUBWAY,3374 N BROADWAY,60606
362548,34,954.0,WHOLE FOODS,2109 W NORTH AVE,60625
243222,18,827.0,LOU MALNATIS,9543 N CICERO AVE,60630
42872,5,565.0,REGGIE'S BAR & GRILL,7423 N BROADWAY,60633
305690,34,568.0,SHELL STATION,6584 N SOUTHPORT AVE,60638
866418,2,654.0,SEVEN ELEVEN,1611 W IRVING PARK RD,60611
616721,48,675.0,TONY'S FINER FOODS,4769 W 43RD ST,60629
279707,16,145.0,POTBELLY,6958 S HALSTED ST,60612
660252,38,444.0,SUBWAY,6639 S HOUSTON AVE,60618
298647,14,550.0,BUONA BEEF,2600 W MADISON ST,60621
106065,49,422.0,BUONA BEEF,2158 S ARCHER AVE,60622
320807,50,973.0,TARGET,6191 W NORTH AVE,60614
232173,32,164.0,LOWES,3027 S WABASH AVE,60636
927784,22,276.0,TARGET,5446 W CHICAGO AVE,60621
671774,16,757.0,ADVANCE AUTO,8572 W 63RD ST,60609
634470,18,221.0,NEYBOUR'S TAVERN,5093 S STATE ST,60608
443431,39,381.0,MCDONALD'S,9524 N CLARK ST,60626
393964,25,268.0,DOMINICKS,3483 N BROADWAY,60615
664075,45,796.0,HONEYBEERS,7361 S STATE ST,60610
644106,18,593.0,NEYBOUR'S TAVERN,2776 N BROADWAY,60623
715591,33,177.0,PIZZA HUT,5696 S STATE ST,60627
605451,2,763.0,ALDI,6320 N MICHIGAN AVE,60619
818397,48,410.0,WHOLE FOODS,7284 S PULASKI RD,60623
682813,25,348.0,SAMS CLUB,5137 W IRVING PARK RD,60631
294485,26,603.0,MCDONALD'S,3344 N SOUTHPORT AVE,60607
33254,2,904.0,LOU MALNATIS,6121 S ARCHER AVE,60638
304491,41,349.0,STARBUCKS,5591 W 43RD ST,60618
572195,37,944.0,KRAFT FOODS,4108 W 43RD ST,60636
835243,17,202.0,PIZZA HUT,8129 W 63RD ST,60626
332250,36,387.0,MCDONALD'S,280 W DEVON AVE,60637
288304,27,780.0,BUONA BEEF,282 W DEVON AVE,60605
936701,14,140.0,BUONA BEEF,9821 N WESTERN AVE,60617
571975,23,447.0,DUNKIN DONUTS,5554 W NORTH AVE,60620
19171,17,986.0,DOMINICKS,2284 W NORTH AVE,60627
977261,42,729.0,STARBUCKS,5107 N MICHIGAN AVE,60637
408867,37,389.0,COSTCO,9591 W DEVON AVE,60613
990791,47,297.0,JEWEL OSCO,891 S COTTAGE GROVE AVE,60617
654447,45,785.0,TARGET,7893 S ARCHER AVE,60605
317965,42,179.0,SHELL STATION,1824 W 63RD ST,60629
175874,16,100.0,DOMINICKS,9282 S HALSTED ST,60623
22295,32,310.0,STARBUCKS,1599 S STATE ST,60609
103284,6,712.0,ALDI,4514 W IRVING PARK RD,60619
544137,47,736.0,SPEEDWAY,3595 N MICHIGAN AVE,60617
631018,21,110.0,SPEEDWAY,3729 N CLARK ST,60603
376160,42,740.0,LOWES,3639 W DEVON AVE,60607
951452,15,980.0,MCDONALD'S,8934 W NORTH AVE,60635
114481,30,454.0,TRADER JOES,8549 N MICHIGAN AVE,60601
499395,10,900.0,MARIANO'S,7906 W CHICAGO AVE,60608
818255,14,748.0,SEVEN ELEVEN,6493 W NORTH AVE,60629
372041,26,845.0,AUTOZONE,9381 N CLARK ST,60634
977209,13,322.0,WHOLE FOODS,3467 S HOUSTON AVE,60634
786570,32,182.0,WHOLE FOODS,6427 N CLARK ST,60633
818329,36,206.0,POTBELLY,1185 W CHICAGO AVE,60629
19124,6,989.0,LOU MALNATIS,1109 S HALSTED ST,60637
566763,4,281.0,BP GAS STATION,6678 S WABASH AVE,60615
424954,6,697.0,BP GAS STATION,5244 S ARCHER AVE,60632
131734,40,264.0,GIORDANOS,8709 S ARCHER AVE,60608
581572,44,716.0,TONY'S FINER FOODS,3932 S ARCHER AVE,60605
880501,28,118.0,DOMINICKS,7820 W DEVON AVE,60634
792884,41,649.0,SPEEDWAY,9510 N CLARK ST,60628
175627,16,358.0,HONEYBEERS,1776 N CLARK ST,60627
951100,46,787.0,MARIANO'S,4420 N MICHIGAN AVE,60607
305621,10,996.0,AUTOZONE,8233 W DEVON AVE,60602
930063,4,144.0,ADVANCE AUTO,9013 W IRVING PARK RD,60637
624823,21,634.0,SUBWAY,2082 W MADISON ST,60621
218301,18,815.0,STARBUCKS,3230 W 63RD ST,60624
662945,50,689.0,NEYBOUR'S TAVERN,9870 W NORTH AVE,60613
882695,8,765.0,SHELL STATION,2669 N SOUTHPORT AVE,60630
967839,14,649.0,SHELL STATION,1820 W 63RD ST,60631
849603,45,618.0,SPEEDWAY,7102 W NORTH AVE,60625
313082,15,228.0,SAMS CLUB,4247 N CICERO AVE,60638
266475,1,375.0,SPEEDWAY,1075 N WESTERN AVE,60622
86727,21,611.0,SEVEN ELEVEN,819 W NORTH AVE,60632
832846,46,792.0,PIZZA HUT,1793 S STATE ST,60603
910111,34,806.0,WALGREENS,9914 N CICERO AVE,60620
947609,7,617.0,WHOLE FOODS,2859 N CICERO AVE,60605
805549,11,455.0,TONY'S FINER FOODS,5973 W IRVING PARK RD,60620
902448,8,105.0,SEVEN ELEVEN,2673 S HOUSTON AVE,60640
751898,23,362.0,REGGIE'S BAR & GRILL,6891 S HALSTED ST,60612
18122,29,940.0,ADVANCE AUTO,6386 N BROADWAY,60627
911808,22,610.0,SEVEN ELEVEN,6574 N WESTERN AVE,60630
432858,48,621.0,ADVANCE AUTO,142 S PULASKI RD,60637
376564,11,520.0,CELINA DELI,124 S STATE ST,60612
265458,35,379.0,WALGREENS,9269 W MADISON ST,60620
190460,39,893.0,DUNKIN DONUTS,411 S ARCHER AVE,60640
945096,45,514.0,TONY'S FINER FOODS,8484 W IRVING PARK RD,60619
931214,42,858.0,BP GAS STATION,3289 W IRVING PARK RD,60604
912072,8,294.0,TARGET,4617 N CICERO AVE,60638
866639,48,696.0,GIORDANOS,5796 S ARCHER AVE,60608
217581,26,298.0,ALDI,9017 S HOUSTON AVE,60602
482523,18,425.0,DUNKIN DONUTS,2829 S COTTAGE GROVE AVE,60601
708870,1,180.0,SPEEDWAY,2305 S HALSTED ST,60602
241306,30,809.0,AUTOZONE,6223 S PULASKI RD,60602
183233,24,357.0,HONEYBEERS,4557 W MADISON ST,60601
38462,35,612.0,BP GAS STATION,4296 N MICHIGAN AVE,60620
877937,1,602.0,KRAFT FOODS,8415 N WESTERN AVE,60611
218302,18,594.0,POTBELLY,6263 S ARCHER AVE,60613
937775,42,346.0,STARBUCKS,6681 W IRVING PARK RD,60625
29294,8,922.0,LOWES,8439 N BROADWAY,60605
830248,14,371.0,NEYBOUR'S TAVERN,9214 W CHICAGO AVE,60611
64424,26,508.0,BUONA BEEF,369 W DEVON AVE,60636
652788,21,336.0,HONEYBEERS,970 W IRVING PARK RD,60633
459172,20,288.0,SPEEDWAY,9753 N CLARK ST,60601
27793,24,745.0,HONEYBEERS,5009 W 63RD ST,60620
923538,6,493.0,COSTCO,5405 S PULASKI RD,60638
994815,47,235.0,MARIANO'S,7269 W 43RD ST,60630
50044,44,911.0,WHOLE FOODS,2664 S ARCHER AVE,60605
940663,39,936.0,KRAFT FOODS,5425 S WABASH AVE,60601
135197,25,110.0,WALMART,156 W 43RD ST,60639
176680,37,784.0,MARIANO'S,5741 W 63RD ST,60620
571375,13,815.0,GIORDANOS,778 W IRVING PARK RD,60631
142615,48,271.0,SUBWAY,7114 N MICHIGAN AVE,60613
12019,41,126.0,REGGIE'S BAR & GRILL,8224 N BROADWAY,60622
84826,8,519.0,ADVANCE AUTO,5842 W MADISON ST,60620
814752,39,895.0,KRAFT FOODS,5296 S PULASKI RD,60637
149191,42,404.0,MARIANO'S,9423 S WABASH AVE,60605
647405,14,448.0,CVS PHARMACY,2771 S HOUSTON AVE,60612
129839,19,322.0,KRAFT FOODS,8311 W IRVING PARK RD,60631
879452,49,535.0,HOME DEPOT,3447 W DEVON AVE,60606
592456,17,173.0,CELINA DELI,6284 N SOUTHPORT AVE,60638
576648,43,883.0,ALDI,7446 S STATE ST,60632
935658,23,269.0,HONEYBEERS,4890 N WESTERN AVE,60610
951755,46,200.0,KRAFT FOODS,2907 N CLARK ST,60612
548356,6,151.0,TRADER JOES,4123 N WESTERN AVE,60611
31490,24,234.0,KRAFT FOODS,9176 S PULASKI RD,60612
8033,38,290.0,POTBELLY,3116 W CHICAGO AVE,60615
70117,38,299.0,TARGET,7567 W MADISON ST,60617
616738,26,406.0,MARIANO'S,8606 W 63RD ST,60631
800672,37,852.0,CELINA DELI,5507 N WESTERN AVE,60637
497833,12,314.0,STARBUCKS,4460 S PULASKI RD,60603
282783,49,860.0,SUBWAY,4748 S STATE ST,60621
834630,18,946.0,GIORDANOS,7623 S HALSTED ST,60634
998418,45,131.0,LOU MALNATIS,151 S ARCHER AVE,60610
730432,16,431.0,WALGREENS,8837 S COTTAGE GROVE AVE,60622
792569,19,900.0,GIORDANOS,9917 N MICHIGAN AVE,60633
237348,34,721.0,POTBELLY,5651 S STATE ST,60611
219442,46,301.0,PORTILLOS,3405 N WESTERN AVE,60618
31505,47,776.0,HOME DEPOT,9439 W IRVING PARK RD,60622
678777,34,588.0,SPEEDWAY,2597 N CICERO AVE,60605
321406,47,266.0,TRADER JOES,6846 N CLARK ST,60620
186831,7,563.0,PORTILLOS,545 S STATE ST,60637
555370,22,821.0,AUTOZONE,1350 S ARCHER AVE,60637
979169,32,758.0,LOU MALNATIS,6049 S STATE ST,60630
293706,22,671.0,CVS PHARMACY,1629 S WABASH AVE,60612
607967,34,807.0,PIZZA HUT,8104 N MICHIGAN AVE,60623
505241,34,147.0,AUTOZONE,6509 S HALSTED ST,60616
945002,32,699.0,DUNKIN DONUTS,306 N SOUTHPORT AVE,60624
954578,16,436.0,MARIANO'S,2639 S PULASKI RD,60629
152825,41,961.0,TONY'S FINER FOODS,723 W IRVING PARK RD,60612
722351,33,925.0,ADVANCE AUTO,6378 W DEVON AVE,60629
867442,44,374.0,BP GAS STATION,7726 S WABASH AVE,60636
606807,13,958.0,BP GAS STATION,4542 W IRVING PARK RD,60626
654283,24,549.0,WALGREENS,5489 S COTTAGE GROVE AVE,60637
262574,12,969.0,COSTCO,9410 S ARCHER AVE,60602
816313,40,706.0,PIZZA HUT,6232 W 63RD ST,60606
222107,40,903.0,SPEEDWAY,7854 W DEVON AVE,60615
856091,47,899.0,POTBELLY,6367 S ARCHER AVE,60602
902481,45,716.0,TARGET,113 S COTTAGE GROVE AVE,60614
730252,20,210.0,KRAFT FOODS,6315 S STATE ST,60616
221121,25,488.0,STARBUCKS,2053 W 43RD ST,60611
992775,36,854.0,JEWEL OSCO,9346 S ARCHER AVE,60604
94897,21,762.0,CELINA DELI,2687 S COTTAGE GROVE AVE,60619
679558,49,125.0,HOME DEPOT,5959 W IRVING PARK RD,60626
280365,14,950.0,DOMINICKS,2640 N WESTERN AVE,60635
172275,19,647.0,DUNKIN DONUTS,1979 S WABASH AVE,60623
322734,1,104.0,AUTOZONE,9017 W IRVING PARK RD,60635
23629,25,376.0,ALDI,9921 N SOUTHPORT AVE,60632
977540,50,774.0,MCDONALD'S,3280 W IRVING PARK RD,60627
275751,47,331.0,REGGIE'S BAR & GRILL,8405 S WABASH AVE,60624
561121,40,962.0,WALMART,3551 S PULASKI RD,60605
831383,31,424.0,TRADER JOES,1926 W NORTH AVE,60609
985925,9,207.0,LOU MALNATIS,2070 N MICHIGAN AVE,60631
416661,46,828.0,BP GAS STATION,7885 N MICHIGAN AVE,60608
72405,33,714.0,BP GAS STATION,5626 W DEVON AVE,60627
766058,38,478.0,TONY'S FINER FOODS,3000 N CICERO AVE,60614
908316,7,247.0,SEVEN ELEVEN,4955 S HALSTED ST,60629
921972,10,623.0,PIZZA HUT,1146 S HOUSTON AVE,60627
103610,8,373.0,HONEYBEERS,7089 W 43RD ST,60604
633401,13,544.0,AUTOZONE,7894 N CICERO AVE,60629
811582,29,670.0,MARIANO'S,3523 W MADISON ST,60616
667486,45,658.0,LOU MALNATIS,8891 N SOUTHPORT AVE,60614
397395,33,106.0,CELINA DELI,2382 W NORTH AVE,60620
30115,37,186.0,ADVANCE AUTO,2312 W IRVING PARK RD,60627
787774,25,987.0,COSTCO,6432 W 43RD ST,60627
3613,14,912.0,SPEEDWAY,9225 S ARCHER AVE,60621
608738,32,203.0,SEVEN ELEVEN,308 W NORTH AVE,60633
709733,5,607.0,STARBUCKS,5716 W 43RD ST,60627
417145,21,207.0,STARBUCKS,6623 N CLARK ST,60604
664750,9,903.0,HOME DEPOT,5091 S ARCHER AVE,60637
852158,32,504.0,SEVEN ELEVEN,9238 N SOUTHPORT AVE,60620
834456,50,663.0,TRADER JOES,5326 N BROADWAY,60615
348865,44,552.0,WALGREENS,7385 S HALSTED ST,60630
292824,29,367.0,JEWEL OSCO,2457 W NORTH AVE,60634
222488,35,634.0,JEWEL OSCO,6483 N BROADWAY,60636
434409,48,949.0,MARIANO'S,9565 S PULASKI RD,60611
828297,37,653.0,WHOLE FOODS,8610 N SOUTHPORT AVE,60628
893885,39,208.0,TONY'S FINER FOODS,3661 S HALSTED ST,60609
300991,32,885.0,MARIANO'S,645 N CICERO AVE,60629
783056,12,393.0,BUONA BEEF,3945 W CHICAGO AVE,60609
370681,4,917.0,WALMART,979 N CLARK ST,60609
680187,11,992.0,CELINA DELI,300 W DEVON AVE,60610
266862,50,466.0,WALMART,683 W IRVING PARK RD,60616
941272,19,469.0,TARGET,6804 S COTTAGE GROVE AVE,60632
368158,4,295.0,HONEYBEERS,4523 W 43RD ST,60621
809689,35,456.0,NEYBOUR'S TAVERN,6193 W NORTH AVE,60613
562547,46,986.0,DOMINICKS,5229 S WABASH AVE,60640
532499,22,363.0,SEVEN ELEVEN,4339 N CLARK ST,60625
149825,33,887.0,ALDI,4565 W DEVON AVE,60625
659774,26,594.0,ALDI,1193 W CHICAGO AVE,60633
451797,50,829.0,KRAFT FOODS,8861 N SOUTHPORT AVE,60640
209581,47,107.0,BUONA BEEF,6803 W IRVING PARK RD,60639
472720,37,188.0,SPEEDWAY,8537 N WESTERN AVE,60624
65515,49,179.0,BUONA BEEF,6006 S PULASKI RD,60631
759810,27,974.0,NEYBOUR'S TAVERN,802 N MICHIGAN AVE,60617
9871,42,293.0,HOME DEPOT,451 W IRVING PARK RD,60604
110000,46,104.0,SUBWAY,7975 S PULASKI RD,60613
982874,15,172.0,LOU MALNATIS,8166 S STATE ST,60609
675802,7,317.0,POTBELLY,7881 S COTTAGE GROVE AVE,60612
436973,34,500.0,STARBUCKS,2174 N MICHIGAN AVE,60617
395387,24,580.0,WHOLE FOODS,868 S HOUSTON AVE,60607
252701,45,847.0,TONY'S FINER FOODS,6792 W MADISON ST,60633
643494,11,211.0,BP GAS STATION,9823 W CHICAGO AVE,60602
584127,7,405.0,POTBELLY,9034 W IRVING PARK RD,60623
153779,3,204.0,MCDONALD'S,4787 N CICERO AVE,60633
168985,33,869.0,MCDONALD'S,447 S PULASKI RD,60614
233171,4,742.0,SHELL STATION,2344 W NORTH AVE,60603
277771,13,526.0,SHELL STATION,8170 S WABASH AVE,60606
310882,37,744.0,DUNKIN DONUTS,8823 W NORTH AVE,60622
45028,24,929.0,HONEYBEERS,4412 S COTTAGE GROVE AVE,60627
580455,19,884.0,MARIANO'S,6243 S HALSTED ST,60635
393627,23,890.0,BP GAS STATION,4874 N CICERO AVE,60617
634495,14,822.0,WALMART,6349 S PULASKI RD,60627
800495,37,619.0,REGGIE'S BAR & GRILL,5954 W 63RD ST,60611
190288,30,322.0,DUNKIN DONUTS,9401 S WABASH AVE,60611
427877,20,146.0,CELINA DELI,8912 W 63RD ST,60636
865509,42,351.0,SPEEDWAY,6151 W 43RD ST,60631
583454,18,415.0,NEYBOUR'S TAVERN,4624 N BROADWAY,60628
41447,29,204.0,HONEYBEERS,4259 W 63RD ST,60606
867598,46,235.0,NEYBOUR'S TAVERN,6748 S ARCHER AVE,60614
610512,35,354.0,TONY'S FINER FOODS,8866 S HALSTED ST,60627
340383,10,898.0,MCDONALD'S,7719 S ARCHER AVE,60619
607227,35,305.0,JEWEL OSCO,4566 N WESTERN AVE,60629
380254,40,199.0,BP GAS STATION,8079 W IRVING PARK RD,60613
761951,9,853.0,BP GAS STATION,3194 S PULASKI RD,60621
186028,26,106.0,HONEYBEERS,413 N WESTERN AVE,60605
539635,8,410.0,MARIANO'S,1050 N BROADWAY,60603
965585,39,579.0,POTBELLY,9734 W IRVING PARK RD,60636
247047,25,240.0,KRAFT FOODS,6421 S STATE ST,60614
751969,12,168.0,SUBWAY,4150 W IRVING PARK RD,60639
805442,34,297.0,KRAFT FOODS,6986 S STATE ST,60626
562238,38,201.0,REGGIE'S BAR & GRILL,9595 S PULASKI RD,60610
470729,12,128.0,HONEYBEERS,4749 N CLARK ST,60634
141675,19,167.0,BUONA BEEF,4926 N BROADWAY,60634
733318,29,545.0,SPEEDWAY,4969 W IRVING PARK RD,60610
173915,43,632.0,WHOLE FOODS,6212 W MADISON ST,60627
579002,21,435.0,JEWEL OSCO,9385 N WESTERN AVE,60601
857230,17,989.0,LOWES,2999 N WESTERN AVE,60602
201190,31,523.0,ADVANCE AUTO,4077 S PULASKI RD,60627
567732,48,649.0,TARGET,2312 W MADISON ST,60606
738460,9,955.0,LOWES,2251 W 43RD ST,60620
612007,39,528.0,BP GAS STATION,3769 S COTTAGE GROVE AVE,60605
299063,18,454.0,CVS PHARMACY,577 S ARCHER AVE,60612
591868,25,893.0,NEYBOUR'S TAVERN,7228 N MICHIGAN AVE,60621
162625,47,118.0,TONY'S FINER FOODS,1983 W 63RD ST,60638
57034,8,352.0,JEWEL OSCO,434 S COTTAGE GROVE AVE,60624
152667,32,570.0,BUONA BEEF,6902 S WABASH AVE,60615
745544,10,844.0,ALDI,8455 S COTTAGE GROVE AVE,60636
436929,37,223.0,MCDONALD'S,7532 S PULASKI RD,60604
535789,44,653.0,PORTILLOS,923 S WABASH AVE,60636
874953,34,476.0,POTBELLY,2041 S HOUSTON AVE,60627
588045,4,425.0,LOU MALNATIS,7468 N CICERO AVE,60618
549230,32,200.0,ALDI,8212 N CICERO AVE,60624
276940,42,727.0,SUBWAY,764 N MICHIGAN AVE,60638
558525,47,931.0,WALGREENS,5586 N WESTERN AVE,60606
624856,42,988.0,DOMINICKS,5765 S STATE ST,60619
906733,31,291.0,DUNKIN DONUTS,3334 W DEVON AVE,60608
576252,9,273.0,WHOLE FOODS,6299 W CHICAGO AVE,60610
758985,11,538.0,PIZZA HUT,3297 N CICERO AVE,60617
370842,40,992.0,DUNKIN DONUTS,729 S PULASKI RD,60626
20655,8,387.0,TARGET,9970 N WESTERN AVE,60612
586034,26,543.0,WALMART,6784 N SOUTHPORT AVE,60604
803697,11,946.0,NEYBOUR'S TAVERN,8984 W IRVING PARK RD,60636
38719,35,977.0,SEVEN ELEVEN,451 W 63RD ST,60618
389776,17,852.0,WALMART,9602 S STATE ST,60614
802030,16,306.0,STARBUCKS,1605 W CHICAGO AVE,60602
860700,10,372.0,MCDONALD'S,389 N WESTERN AVE,60636
280509,5,628.0,CELINA DELI,9354 N SOUTHPORT AVE,60626
48198,14,727.0,WHOLE FOODS,7331 S COTTAGE GROVE AVE,60602
725152,7,717.0,CVS PHARMACY,4560 N CLARK ST,60612
817232,30,963.0,SUBWAY,5204 N CLARK ST,60640
646154,37,920.0,WALGREENS,7315 S WABASH AVE,60629
545074,32,678.0,SAMS CLUB,3172 S PULASKI RD,60622
287481,15,219.0,BP GAS STATION,6344 N CLARK ST,60602
912930,28,478.0,ALDI,8580 N BROADWAY,60603
598955,25,610.0,HONEYBEERS,8941 W 63RD ST,60603
198905,14,222.0,PORTILLOS,9081 W DEVON AVE,60606
155247,32,381.0,SHELL STATION,981 S HOUSTON AVE,60610
90669,12,235.0,HONEYBEERS,2624 W DEVON AVE,60640
417891,34,679.0,COSTCO,2923 W NORTH AVE,60603
399322,23,943.0,MARIANO'S,7997 N MICHIGAN AVE,60601
396068,6,719.0,STARBUCKS,9977 W 43RD ST,60627
187837,31,977.0,MCDONALD'S,1197 S ARCHER AVE,60612
971481,38,160.0,PORTILLOS,2522 N CLARK ST,60603
9105,46,685.0,NEYBOUR'S TAVERN,914 W DEVON AVE,60627
509061,30,793.0,COSTCO,434 W IRVING PARK RD,60633
23972,15,941.0,WALMART,109 W 43RD ST,60613
805510,23,319.0,LOU MALNATIS,9665 W IRVING PARK RD,60613
266598,45,844.0,WALGREENS,9655 W IRVING PARK RD,60606
427308,14,993.0,SHELL STATION,9759 S HALSTED ST,60633
368985,29,690.0,TARGET,5176 S PULASKI RD,60605
419386,15,868.0,PIZZA HUT,2138 W CHICAGO AVE,60627
435535,24,512.0,SEVEN ELEVEN,9832 W MADISON ST,60602
974090,24,437.0,COSTCO,1168 N BROADWAY,60601
239578,45,958.0,PIZZA HUT,8385 N CICERO AVE,60622
477107,16,203.0,COSTCO,9280 S COTTAGE GROVE AVE,60608
892789,15,855.0,SEVEN ELEVEN,4749 W NORTH AVE,60640
457926,8,367.0,DUNKIN DONUTS,6562 N MICHIGAN AVE,60638
932323,42,212.0,HOME DEPOT,6544 N CLARK ST,60635
89537,3,289.0,BUONA BEEF,5030 S HALSTED ST,60637
452192,36,863.0,LOU MALNATIS,4926 N WESTERN AVE,60627
128502,16,467.0,GIORDANOS,3006 W 63RD ST,60607
660463,23,233.0,ADVANCE AUTO,1072 N BROADWAY,60615
762799,48,933.0,SEVEN ELEVEN,2103 N WESTERN AVE,60619
700231,17,404.0,BP GAS STATION,6580 S PULASKI RD,60603
916827,42,279.0,BUONA BEEF,2225 N MICHIGAN AVE,60606
620552,2,378.0,SPEEDWAY,473 W IRVING PARK RD,60605
418850,6,217.0,NEYBOUR'S TAVERN,6481 N SOUTHPORT AVE,60637
680570,28,627.0,LOWES,8183 W NORTH AVE,60620
798770,49,372.0,GIORDANOS,2355 N CLARK ST,60637
290129,32,402.0,ALDI,4403 N WESTERN AVE,60609
45686,17,753.0,ALDI,5942 W 43RD ST,60624
407753,41,829.0,COSTCO,7928 S STATE ST,60629
136630,28,787.0,BP GAS STATION,7786 W 43RD ST,60613
407710,22,446.0,HOME DEPOT,3161 W 43RD ST,60621
744547,50,207.0,CVS PHARMACY,6078 N CICERO AVE,60606
497446,24,939.0,PIZZA HUT,4419 W CHICAGO AVE,60614
112021,39,594.0,JEWEL OSCO,7997 S HOUSTON AVE,60637
924085,12,459.0,COSTCO,3602 W DEVON AVE,60613
669777,40,239.0,PORTILLOS,6086 S ARCHER AVE,60626
36775,18,266.0,NEYBOUR'S TAVERN,2408 S PULASKI RD,60625
226112,18,472.0,TONY'S FINER FOODS,319 W CHICAGO AVE,60631
371044,3,144.0,STARBUCKS,1207 N CICERO AVE,60630
331356,36,180.0,PIZZA HUT,2006 S COTTAGE GROVE AVE,60606
335752,34,179.0,SEVEN ELEVEN,2218 S STATE ST,60631
125295,49,367.0,ALDI,4121 W 63RD ST,60635
143198,6,762.0,SEVEN ELEVEN,2433 W CHICAGO AVE,60633
796247,30,671.0,HONEYBEERS,7278 S HALSTED ST,60614
215909,7,880.0,BUONA BEEF,4058 S STATE ST,60610
66955,33,468.0,SHELL STATION,547 N CICERO AVE,60607
252120,42,598.0,DUNKIN DONUTS,5263 W 63RD ST,60607
413575,18,538.0,WALMART,7726 N CLARK ST,60613
267825,10,635.0,LOWES,1655 W 63RD ST,60620
387269,21,752.0,POTBELLY,7628 W MADISON ST,60638
827929,4,985.0,STARBUCKS,568 W IRVING PARK RD,60623
402031,46,703.0,SEVEN ELEVEN,3635 W NORTH AVE,60618
195229,48,323.0,SUBWAY,4835 S STATE ST,60606
98698,12,860.0,COSTCO,259 S HOUSTON AVE,60638
360302,7,798.0,PIZZA HUT,487 N CICERO AVE,60634
695112,47,176.0,HONEYBEERS,7328 W DEVON AVE,60627
904304,5,975.0,KRAFT FOODS,5458 S HOUSTON AVE,60635
598164,44,459.0,AUTOZONE,8204 W MADISON ST,60619
381890,30,388.0,TRADER JOES,7040 W NORTH AVE,60631
525187,6,685.0,COSTCO,9219 S HOUSTON AVE,60603
453398,30,289.0,PORTILLOS,8917 N CICERO AVE,60632
505461,9,376.0,SPEEDWAY,4136 S PULASKI RD,60631
120884,36,910.0,COSTCO,8329 W DEVON AVE,60606
821975,25,966.0,GIORDANOS,8477 W MADISON ST,60609
365676,30,347.0,BP GAS STATION,6740 S PULASKI RD,60612
65106,48,368.0,BP GAS STATION,3122 N WESTERN AVE,60617
93987,38,301.0,PORTILLOS,5596 W MADISON ST,60620
922199,22,746.0,ADVANCE AUTO,9965 N MICHIGAN AVE,60628
936131,36,583.0,GIORDANOS,217 N BROADWAY,60628
346915,32,460.0,SPEEDWAY,6890 S HALSTED ST,60620
190991,24,814.0,DUNKIN DONUTS,2765 S COTTAGE GROVE AVE,60635
920484,17,520.0,POTBELLY,4115 S ARCHER AVE,60618
609387,12,964.0,BP GAS STATION,6588 S COTTAGE GROVE AVE,60613
605618,30,519.0,WHOLE FOODS,4714 W IRVING PARK RD,60613
900368,32,930.0,WHOLE FOODS,6318 S COTTAGE GROVE AVE,60627
951846,34,734.0,TRADER JOES,2102 W IRVING PARK RD,60638
983309,22,852.0,AUTOZONE,5645 W DEVON AVE,60618
212968,13,392.0,SEVEN ELEVEN,1348 S HOUSTON AVE,60619
209971,47,293.0,MARIANO'S,3562 S WABASH AVE,60627
447071,1,248.0,GIORDANOS,1186 W 63RD ST,60637
212682,6,236.0,SHELL STATION,2456 W 63RD ST,60602
10797,19,196.0,COSTCO,5719 N BROADWAY,60616
154937,29,331.0,SEVEN ELEVEN,2577 S PULASKI RD,60640
504733,1,116.0,TRADER JOES,5132 W IRVING PARK RD,60634
502197,16,600.0,REGGIE'S BAR & GRILL,7715 N CLARK ST,60635
762236,14,350.0,LOWES,7627 S PULASKI RD,60630
114270,47,592.0,PORTILLOS,8428 W CHICAGO AVE,60624
261152,42,153.0,SHELL STATION,418 N MICHIGAN AVE,60629
731468,33,329.0,SAMS CLUB,3360 N BROADWAY,60624
878072,34,276.0,HOME DEPOT,5874 S HOUSTON AVE,60629
80787,32,509.0,WHOLE FOODS,2790 W 63RD ST,60623
154800,35,548.0,HOME DEPOT,5892 W IRVING PARK RD,60610
993200,2,259.0,WHOLE FOODS,3551 N SOUTHPORT AVE,60637
842947,4,451.0,CVS PHARMACY,7406 W NORTH AVE,60640
665939,4,668.0,DOMINICKS,1150 N SOUTHPORT AVE,60610
619517,2,172.0,SEVEN ELEVEN,1103 W IRVING PARK RD,60639
402456,13,213.0,MCDONALD'S,7852 N CLARK ST,60604
554784,40,894.0,LOWES,6070 W CHICAGO AVE,60613
466665,11,533.0,SHELL STATION,2095 S HOUSTON AVE,60613
563093,31,501.0,WHOLE FOODS,6657 S HOUSTON AVE,60638
272600,16,401.0,HONEYBEERS,3841 N CLARK ST,60601
809883,40,244.0,SHELL STATION,8166 S WABASH AVE,60624
264276,38,562.0,HONEYBEERS,6727 N WESTERN AVE,60604
7438,25,514.0,HONEYBEERS,9647 W NORTH AVE,60608
712732,10,812.0,ADVANCE AUTO,8542 W 43RD ST,60619
865070,12,590.0,GIORDANOS,1994 W CHICAGO AVE,60640
192016,7,364.0,DUNKIN DONUTS,3435 N WESTERN AVE,60609
639965,9,158.0,CELINA DELI,8727 N BROADWAY,60611
975986,23,378.0,NEYBOUR'S TAVERN,5574 W 63RD ST,60617
12255,44,428.0,SHELL STATION,1831 S HOUSTON AVE,60640
178983,20,941.0,DOMINICKS,1604 N CLARK ST,60639
407143,39,331.0,DUNKIN DONUTS,6382 N BROADWAY,60625
917428,40,332.0,CELINA DELI,2611 W NORTH AVE,60620
151199,8,372.0,DOMINICKS,7376 S HOUSTON AVE,60616
629161,7,413.0,LOWES,3470 W DEVON AVE,60619
144510,46,616.0,WALGREENS,2873 N CICERO AVE,60638
617082,46,966.0,BP GAS STATION,2061 W IRVING PARK RD,60601
112120,18,689.0,DUNKIN DONUTS,2195 N CLARK ST,60633
353041,45,570.0,TONY'S FINER FOODS,6581 S HALSTED ST,60611
817928,23,101.0,GIORDANOS,3688 W NORTH AVE,60639
145460,49,869.0,CVS PHARMACY,2462 S PULASKI RD,60601
445901,2,962.0,LOU MALNATIS,477 W DEVON AVE,60638
395147,9,311.0,CELINA DELI,1379 W 43RD ST,60633
255605,29,227.0,BP GAS STATION,3093 N SOUTHPORT AVE,60640
954725,31,255.0,PORTILLOS,2856 W NORTH AVE,60610
833648,19,163.0,SUBWAY,5909 W 43RD ST,60630
853508,27,134.0,HOME DEPOT,6007 S COTTAGE GROVE AVE,60625
727472,28,367.0,TARGET,2645 W IRVING PARK RD,60605
381700,7,124.0,POTBELLY,3103 N SOUTHPORT AVE,60606
906522,50,712.0,ADVANCE AUTO,9610 S COTTAGE GROVE AVE,60629
285578,41,860.0,BUONA BEEF,5229 N MICHIGAN AVE,60619
341545,47,521.0,DUNKIN DONUTS,2549 N WESTERN AVE,60603
901878,7,540.0,WHOLE FOODS,2309 N MICHIGAN AVE,60626
345485,20,750.0,SHELL STATION,4927 N CICERO AVE,60605
68906,7,962.0,ADVANCE AUTO,9781 S HOUSTON AVE,60618
705356,22,394.0,TARGET,7069 W MADISON ST,60601
247606,37,436.0,DUNKIN DONUTS,2867 S COTTAGE GROVE AVE,60616
12757,37,766.0,CVS PHARMACY,8732 S WABASH AVE,60621
340209,2,276.0,REGGIE'S BAR & GRILL,4402 N MICHIGAN AVE,60626
902219,38,968.0,SEVEN ELEVEN,405 N SOUTHPORT AVE,60623
904821,5,436.0,POTBELLY,6340 S PULASKI RD,60607
968245,25,780.0,WALGREENS,217 N MICHIGAN AVE,60613
412384,9,897.0,ALDI,1320 N MICHIGAN AVE,60622
942413,16,455.0,MCDONALD'S,4048 S PULASKI RD,60611
878855,33,477.0,COSTCO,560 W CHICAGO AVE,60619
725775,31,302.0,DOMINICKS,9881 N CLARK ST,60630
450052,29,730.0,MARIANO'S,7409 S HALSTED ST,60624
849312,31,923.0,AUTOZONE,4667 S WABASH AVE,60617
960956,3,116.0,SEVEN ELEVEN,6653 N CICERO AVE,60634
806768,47,321.0,ALDI,132 N CICERO AVE,60637
818381,2,291.0,SAMS CLUB,9724 S HALSTED ST,60602
421627,42,752.0,TRADER JOES,6421 W 43RD ST,60601
166666,13,703.0,WALMART,1246 S HOUSTON AVE,60605
657610,5,477.0,SPEEDWAY,6015 S PULASKI RD,60627
973247,5,481.0,LOWES,1752 W IRVING PARK RD,60637
791099,45,149.0,SHELL STATION,8181 W 63RD ST,60624
916171,15,657.0,MARIANO'S,6565 S ARCHER AVE,60611
346394,24,607.0,ADVANCE AUTO,6916 W MADISON ST,60618
72899,27,407.0,AUTOZONE,1788 S COTTAGE GROVE AVE,60638
244169,13,259.0,SAMS CLUB,4685 W IRVING PARK RD,60634
89583,1,438.0,ALDI,7627 N WESTERN AVE,60639
298592,10,154.0,SUBWAY,669 N SOUTHPORT AVE,60614
108412,38,160.0,STARBUCKS,2314 S STATE ST,60612
487159,9,640.0,TARGET,7412 W 43RD ST,60608
826298,9,283.0,BUONA BEEF,5403 S PULASKI RD,60632
339746,6,318.0,SAMS CLUB,1141 N CICERO AVE,60621
122656,21,709.0,ADVANCE AUTO,4107 N BROADWAY,60636
782032,10,814.0,ADVANCE AUTO,698 N SOUTHPORT AVE,60638
30757,38,637.0,PORTILLOS,5634 N CLARK ST,60638
877614,36,378.0,MCDONALD'S,9248 S STATE ST,60631
789849,13,500.0,LOWES,997 W CHICAGO AVE,60606
768891,24,997.0,REGGIE'S BAR & GRILL,9736 S COTTAGE GROVE AVE,60607
291885,25,124.0,MCDONALD'S,3440 N BROADWAY,60621
844590,45,822.0,CVS PHARMACY,4310 W IRVING PARK RD,60635
981120,38,696.0,TRADER JOES,5151 W IRVING PARK RD,60610
666279,46,984.0,REGGIE'S BAR & GRILL,6491 N CLARK ST,60632
350711,27,861.0,BUONA BEEF,151 N WESTERN AVE,60614
326377,14,311.0,REGGIE'S BAR & GRILL,5884 S COTTAGE GROVE AVE,60618
787683,33,809.0,BUONA BEEF,4112 W MADISON ST,60601
395949,43,116.0,POTBELLY,3532 W CHICAGO AVE,60618
312790,1,494.0,CELINA DELI,8305 W MADISON ST,60635
868110,16,263.0,LOU MALNATIS,8410 S COTTAGE GROVE AVE,60636
725179,25,356.0,LOU MALNATIS,7597 W 63RD ST,60631
120661,15,215.0,PIZZA HUT,9616 N WESTERN AVE,60619
146115,47,452.0,WALGREENS,8015 W DEVON AVE,60601
703147,49,625.0,MCDONALD'S,3246 N SOUTHPORT AVE,60633
315082,34,161.0,DOMINICKS,270 W DEVON AVE,60625
34644,39,623.0,ADVANCE AUTO,6966 S WABASH AVE,60613
109240,21,935.0,REGGIE'S BAR & GRILL,9727 S ARCHER AVE,60623
681223,44,648.0,MCDONALD'S,6056 W NORTH AVE,60609
5666,12,593.0,ALDI,5101 S HALSTED ST,60627
742249,45,124.0,ALDI,8117 S STATE ST,60624
407683,35,859.0,WALMART,1375 N MICHIGAN AVE,60609
356128,3,292.0,HOME DEPOT,4486 W 43RD ST,60635
434876,48,800.0,JEWEL OSCO,749 S STATE ST,60612
858474,10,647.0,WHOLE FOODS,9364 N MICHIGAN AVE,60637
325888,39,214.0,NEYBOUR'S TAVERN,4700 S STATE ST,60625
474233,47,497.0,SEVEN ELEVEN,3942 S PULASKI RD,60624
824616,8,235.0,REGGIE'S BAR & GRILL,1423 W MADISON ST,60614
749094,2,341.0,LOU MALNATIS,3963 N CLARK ST,60631
865912,30,452.0,HONEYBEERS,7049 S PULASKI RD,60630
273006,43,558.0,LOU MALNATIS,3650 W DEVON AVE,60607
302661,32,297.0,KRAFT FOODS,9952 N CLARK ST,60601
933802,49,528.0,SPEEDWAY,2342 S PULASKI RD,60627
865919,40,451.0,HOME DEPOT,5531 S STATE ST,60629
184186,24,745.0,LOWES,566 N CICERO AVE,60607
919015,38,137.0,MCDONALD'S,1271 N WESTERN AVE,60634
709713,49,419.0,NEYBOUR'S TAVERN,7858 S COTTAGE GROVE AVE,60633
314251,4,616.0,GIORDANOS,9116 N CLARK ST,60625
372892,11,785.0,HONEYBEERS,8770 W 63RD ST,60638
107833,45,225.0,WALMART,8121 N WESTERN AVE,60634
950512,7,707.0,ALDI,7488 W 43RD ST,60634
990520,31,853.0,HONEYBEERS,2529 N BROADWAY,60631
174619,33,143.0,PIZZA HUT,9452 N MICHIGAN AVE,60637
514389,30,188.0,LOWES,7546 N WESTERN AVE,60625
367201,46,248.0,WALGREENS,1273 W DEVON AVE,60609
906900,3,820.0,AUTOZONE,3541 N SOUTHPORT AVE,60620
482821,39,518.0,COSTCO,5952 S COTTAGE GROVE AVE,60636
817783,28,875.0,POTBELLY,4937 W CHICAGO AVE,60633
909698,25,595.0,COSTCO,5635 W IRVING PARK RD,60630
500487,6,318.0,HONEYBEERS,8187 N CLARK ST,60604
375368,22,133.0,ALDI,9396 W DEVON AVE,60615
112497,18,156.0,CVS PHARMACY,4490 S STATE ST,60640
649341,12,727.0,GIORDANOS,138 N MICHIGAN AVE,60610
543247,49,960.0,HOME DEPOT,8281 S COTTAGE GROVE AVE,60603
552487,39,215.0,PIZZA HUT,5250 S WABASH AVE,60636
755806,27,516.0,SEVEN ELEVEN,540 N CLARK ST,60615
179963,30,667.0,MARIANO'S,3973 N BROADWAY,60636
701326,33,684.0,BUONA BEEF,2202 W CHICAGO AVE,60619
659168,31,165.0,HONEYBEERS,9506 W CHICAGO AVE,60637
777009,46,873.0,ALDI,3008 N CLARK ST,60618
873610,13,689.0,WALGREENS,819 S HOUSTON AVE,60620
943076,5,912.0,CVS PHARMACY,7743 W NORTH AVE,60617
736920,9,590.0,PORTILLOS,1956 W NORTH AVE,60607
147191,32,336.0,PORTILLOS,7134 S ARCHER AVE,60605
340004,1,314.0,TRADER JOES,9861 N BROADWAY,60637
858916,19,809.0,STARBUCKS,9207 S COTTAGE GROVE AVE,60605
899867,50,409.0,SAMS CLUB,7440 S HALSTED ST,60628
188640,20,453.0,TARGET,2901 W DEVON AVE,60638
977673,7,911.0,SHELL STATION,402 N MICHIGAN AVE,60634
908511,20,901.0,WALMART,2105 S HALSTED ST,60613
528494,33,919.0,POTBELLY,6951 S WABASH AVE,60632
836466,2,189.0,NEYBOUR'S TAVERN,4524 W 63RD ST,60630
933592,41,393.0,CVS PHARMACY,8274 S WABASH AVE,60611
684814,49,998.0,HONEYBEERS,4802 S ARCHER AVE,60626
77099,36,417.0,PIZZA HUT,6179 W NORTH AVE,60626
769444,29,640.0,AUTOZONE,1300 W MADISON ST,60618
659767,9,617.0,SUBWAY,1255 N CLARK ST,60629
261470,7,300.0,STARBUCKS,5110 W CHICAGO AVE,60640
888404,10,389.0,NEYBOUR'S TAVERN,8515 S HALSTED ST,60617
53158,11,833.0,MCDONALD'S,5742 N BROADWAY,60617
525986,45,706.0,HONEYBEERS,2362 W MADISON ST,60601
218593,46,378.0,HOME DEPOT,9566 N CLARK ST,60611
666001,44,740.0,TRADER JOES,6295 N BROADWAY,60636
47161,4,114.0,POTBELLY,2187 N WESTERN AVE,60620
174742,49,129.0,GIORDANOS,4900 S PULASKI RD,60632
185910,46,166.0,DOMINICKS,3728 W IRVING PARK RD,60608
566639,4,159.0,MARIANO'S,6968 S ARCHER AVE,60622
894716,17,230.0,ADVANCE AUTO,7425 W 63RD ST,60618
777950,33,895.0,WALGREENS,6528 S HOUSTON AVE,60609
739042,18,102.0,KRAFT FOODS,442 W IRVING PARK RD,60610
16497,9,460.0,LOWES,9793 W CHICAGO AVE,60640
832826,12,460.0,MARIANO'S,4321 N MICHIGAN AVE,60639
244060,32,939.0,SAMS CLUB,1396 N CICERO AVE,60601
13153,28,590.0,SPEEDWAY,9409 N CLARK ST,60625
302467,10,358.0,SHELL STATION,5752 W CHICAGO AVE,60602
863691,6,709.0,MCDONALD'S,7108 N SOUTHPORT AVE,60626
584459,39,801.0,NEYBOUR'S TAVERN,2769 W IRVING PARK RD,60615
886637,9,570.0,TONY'S FINER FOODS,9570 S ARCHER AVE,60617
155150,5,291.0,HOME DEPOT,967 S HALSTED ST,60634
14279,21,582.0,TONY'S FINER FOODS,3806 N MICHIGAN AVE,60630
965334,26,900.0,BUONA BEEF,7488 W 63RD ST,60605
731895,8,791.0,HOME DEPOT,1193 S STATE ST,60624
222088,34,504.0,SPEEDWAY,9953 S PULASKI RD,60607
408037,41,761.0,SHELL STATION,7107 W DEVON AVE,60616
10290,26,466.0,JEWEL OSCO,4836 W CHICAGO AVE,60601
395900,41,245.0,AUTOZONE,4082 W 43RD ST,60620
206986,10,486.0,HOME DEPOT,185 N CICERO AVE,60603
430067,43,549.0,WALGREENS,8395 N WESTERN AVE,60612
689866,25,457.0,POTBELLY,5081 N MICHIGAN AVE,60636
716930,46,221.0,SPEEDWAY,7462 S HOUSTON AVE,60614
242091,8,454.0,MCDONALD'S,5188 W 43RD ST,60619
479362,17,585.0,ADVANCE AUTO,2803 N WESTERN AVE,60632
824098,16,933.0,BUONA BEEF,1119 W MADISON ST,60619
61887,5,167.0,HONEYBEERS,1182 S COTTAGE GROVE AVE,60624
400931,45,631.0,BP GAS STATION,3532 W 43RD ST,60606
640411,34,569.0,LOWES,2592 W DEVON AVE,60622
172882,14,778.0,TONY'S FINER FOODS,8814 W DEVON AVE,60602
766245,22,642.0,CELINA DELI,3511 S COTTAGE GROVE AVE,60603
64025,40,297.0,NEYBOUR'S TAVERN,4074 N CICERO AVE,60614
938738,4,312.0,HONEYBEERS,3504 W 43RD ST,60640
644136,42,983.0,SUBWAY,9495 S WABASH AVE,60620
131851,35,629.0,SUBWAY,6153 W 63RD ST,60634
260154,26,461.0,MARIANO'S,5890 N CLARK ST,60639
115565,47,406.0,TONY'S FINER FOODS,6649 W 63RD ST,60618
360665,35,118.0,AUTOZONE,1792 W IRVING PARK RD,60618
172902,14,243.0,MCDONALD'S,8879 S ARCHER AVE,60613
340828,50,397.0,JEWEL OSCO,9174 S ARCHER AVE,60619
995701,4,226.0,LOWES,6703 N MICHIGAN AVE,60632
410520,46,945.0,PIZZA HUT,2639 N WESTERN AVE,60627
169841,38,268.0,PORTILLOS,3867 S HALSTED ST,60640
184391,21,509.0,COSTCO,3049 S WABASH AVE,60627
6434,29,672.0,TRADER JOES,4920 W CHICAGO AVE,60639
479899,35,516.0,MCDONALD'S,4931 W IRVING PARK RD,60604
844164,5,217.0,MCDONALD'S,7060 S HOUSTON AVE,60614
199117,41,629.0,PIZZA HUT,7248 N BROADWAY,60601
590415,2,543.0,HONEYBEERS,5220 S STATE ST,60613
130609,26,247.0,GIORDANOS,8128 W IRVING PARK RD,60635
52332,12,721.0,BP GAS STATION,1650 W 63RD ST,60627
373273,7,703.0,LOWES,7295 N CICERO AVE,60601
672558,25,323.0,BUONA BEEF,3724 S WABASH AVE,60604
431675,26,528.0,BUONA BEEF,510 W IRVING PARK RD,60617
459895,41,638.0,WALMART,8461 S WABASH AVE,60632
225754,22,248.0,BUONA BEEF,4192 W NORTH AVE,60613
130355,24,642.0,JEWEL OSCO,8004 W NORTH AVE,60616
965484,2,440.0,TARGET,7003 S ARCHER AVE,60638
421094,3,273.0,SHELL STATION,2757 S HOUSTON AVE,60630
79689,24,213.0,HONEYBEERS,9926 S COTTAGE GROVE AVE,60630
687956,45,812.0,LOU MALNATIS,5983 S WABASH AVE,60634
496544,5,367.0,TONY'S FINER FOODS,3165 W 43RD ST,60616
541748,39,112.0,STARBUCKS,2303 S STATE ST,60637
95910,48,456.0,LOWES,7937 N SOUTHPORT AVE,60632
824826,36,487.0,STARBUCKS,3809 W IRVING PARK RD,60626
188514,50,124.0,ALDI,7309 N WESTERN AVE,60607
460389,34,612.0,DUNKIN DONUTS,1575 S HALSTED ST,60608
648621,27,705.0,SUBWAY,413 S HALSTED ST,60636
284559,21,316.0,JEWEL OSCO,4070 W NORTH AVE,60637
541751,23,507.0,SHELL STATION,5450 W NORTH AVE,60608
812869,41,973.0,MCDONALD'S,2720 N MICHIGAN AVE,60619
448776,38,467.0,JEWEL OSCO,5157 W IRVING PARK RD,60619
889377,43,770.0,CVS PHARMACY,7240 S COTTAGE GROVE AVE,60608
330486,3,647.0,CVS PHARMACY,453 S HOUSTON AVE,60623
358491,7,459.0,REGGIE'S BAR & GRILL,6292 N CICERO AVE,60623
963913,32,941.0,HONEYBEERS,5632 W CHICAGO AVE,60620
636115,24,132.0,LOU MALNATIS,9505 W IRVING PARK RD,60614
879640,44,915.0,WALGREENS,7373 N CLARK ST,60604
711504,28,220.0,JEWEL OSCO,5942 W 43RD ST,60626
273986,22,304.0,WALGREENS,1418 W MADISON ST,60625
691437,10,959.0,PORTILLOS,6382 W 63RD ST,60601
909723,33,994.0,DUNKIN DONUTS,8801 N MICHIGAN AVE,60633
567311,16,,CVS PHARMACY,4683 S HOUSTON AVE,60633
477879,5,898.0,GIORDANOS,7175 S COTTAGE GROVE AVE,60609
394960,39,341.0,ADVANCE AUTO,7873 W 63RD ST,60618
935521,8,772.0,WALMART,9236 N BROADWAY,60628
594707,23,372.0,SPEEDWAY,2599 W NORTH AVE,60601
624123,1,715.0,SEVEN ELEVEN,2858 S COTTAGE GROVE AVE,60623
391775,8,522.0,KRAFT FOODS,5179 N SOUTHPORT AVE,60624
588718,47,906.0,PIZZA HUT,9840 N BROADWAY,60634
866443,36,815.0,WALGREENS,8592 S HALSTED ST,60636
425277,11,359.0,TARGET,4368 S HOUSTON AVE,60608
810679,8,372.0,MCDONALD'S,3745 W DEVON AVE,60640
36259,33,843.0,WHOLE FOODS,6738 S PULASKI RD,60629
227402,38,559.0,PIZZA HUT,3344 N MICHIGAN AVE,60617
65518,34,163.0,COSTCO,4364 W DEVON AVE,60638
103741,14,833.0,SHELL STATION,4985 W CHICAGO AVE,60626
527595,43,971.0,POTBELLY,2350 S WABASH AVE,60624
348090,48,672.0,CELINA DELI,9935 N CICERO AVE,60607
172075,3,601.0,TARGET,3894 S WABASH AVE,60606
229399,49,524.0,MCDONALD'S,9618 S HALSTED ST,60602
612814,43,279.0,ALDI,6363 S HALSTED ST,60634
320085,15,239.0,HOME DEPOT,4936 W MADISON ST,60632
104887,1,510.0,AUTOZONE,3513 N CICERO AVE,60639
581469,3,720.0,AUTOZONE,9437 W DEVON AVE,60617
677491,22,253.0,CELINA DELI,5849 N CICERO AVE,60605
417047,49,116.0,JEWEL OSCO,7703 W DEVON AVE,60617
713420,16,215.0,MCDONALD'S,5482 W MADISON ST,60638
822776,12,465.0,PORTILLOS,4548 N CICERO AVE,60637
463837,11,404.0,MCDONALD'S,7732 W 63RD ST,60631
494064,18,145.0,NEYBOUR'S TAVERN,8120 S PULASKI RD,60617
448252,15,357.0,HONEYBEERS,555 S HOUSTON AVE,60635
709892,37,925.0,PORTILLOS,2447 N CICERO AVE,60612
741402,36,653.0,WALGREENS,7139 W 63RD ST,60604
871624,14,575.0,GIORDANOS,9166 S PULASKI RD,60601
725432,5,631.0,HOME DEPOT,2775 N MICHIGAN AVE,60633
353330,49,103.0,SUBWAY,4821 W 63RD ST,60638
851842,46,234.0,REGGIE'S BAR & GRILL,5290 W NORTH AVE,60623
17337,41,138.0,JEWEL OSCO,1955 N SOUTHPORT AVE,60615
103778,23,293.0,NEYBOUR'S TAVERN,9764 S ARCHER AVE,60604
172596,31,873.0,PIZZA HUT,9607 N CLARK ST,60635
958086,15,172.0,WHOLE FOODS,1935 N CICERO AVE,60624
799801,21,261.0,POTBELLY,6230 N BROADWAY,60634
290213,5,480.0,STARBUCKS,5651 N CICERO AVE,60629
47957,28,246.0,WALGREENS,8217 W 43RD ST,60638
595482,11,267.0,DOMINICKS,1571 N MICHIGAN AVE,60635
838422,29,498.0,POTBELLY,3579 N SOUTHPORT AVE,60628
907209,20,489.0,WALGREENS,1023 W IRVING PARK RD,60623
227409,32,137.0,SPEEDWAY,6897 N CLARK ST,60630
829723,16,592.0,DOMINICKS,5124 S STATE ST,60639
405248,22,226.0,ALDI,6698 W MADISON ST,60630
984027,3,511.0,SPEEDWAY,4834 S HALSTED ST,60623
453227,21,987.0,POTBELLY,5595 W CHICAGO AVE,60612
996475,30,879.0,MARIANO'S,3665 S ARCHER AVE,60623
632342,27,334.0,LOWES,3678 S ARCHER AVE,60603
890960,30,813.0,WALGREENS,1761 S HALSTED ST,60602
795742,27,577.0,DOMINICKS,9981 N WESTERN AVE,60617
841710,33,951.0,ADVANCE AUTO,8513 N BROADWAY,60636
991852,38,390.0,REGGIE'S BAR & GRILL,1440 W 63RD ST,60628
939350,26,985.0,HOME DEPOT,1249 N CLARK ST,60609
718653,45,229.0,SPEEDWAY,7879 S HOUSTON AVE,60601
258595,37,208.0,DUNKIN DONUTS,7170 S ARCHER AVE,60616
280890,14,118.0,SUBWAY,6595 W IRVING PARK RD,60606
687354,7,148.0,LOWES,2723 W DEVON AVE,60637
552377,4,883.0,PIZZA HUT,8618 W 43RD ST,60607
932355,32,653.0,TONY'S FINER FOODS,1859 W DEVON AVE,60615
148157,43,187.0,LOWES,7774 N BROADWAY,60627
923073,5,158.0,HOME DEPOT,9112 W DEVON AVE,60620
743511,37,754.0,NEYBOUR'S TAVERN,9657 S HALSTED ST,60626
15522,47,107.0,PORTILLOS,8352 N MICHIGAN AVE,60605
301913,11,829.0,WALGREENS,8690 S WABASH AVE,60628
337010,15,532.0,BP GAS STATION,8279 S PULASKI RD,60633
418034,47,150.0,KRAFT FOODS,4997 N BROADWAY,60632
157285,4,498.0,GIORDANOS,7373 S HOUSTON AVE,60638
461498,13,378.0,CELINA DELI,2962 S COTTAGE GROVE AVE,60610
48718,34,505.0,SEVEN ELEVEN,3516 W DEVON AVE,60616
304355,18,180.0,NEYBOUR'S TAVERN,8231 W CHICAGO AVE,60605
146169,6,713.0,STARBUCKS,1820 W 63RD ST,60624
59202,39,938.0,LOWES,1595 S HALSTED ST,60633
953923,23,214.0,BUONA BEEF,5004 N BROADWAY,60608
109248,21,304.0,JEWEL OSCO,4382 S WABASH AVE,60629
287390,35,721.0,TRADER JOES,3535 W 63RD ST,60638
744829,15,512.0,STARBUCKS,782 S STATE ST,60638
750742,23,239.0,SHELL STATION,6088 S COTTAGE GROVE AVE,60633
569686,9,696.0,SAMS CLUB,3667 S PULASKI RD,60603
460200,41,734.0,BP GAS STATION,327 N MICHIGAN AVE,60628
344759,21,337.0,SAMS CLUB,3141 W 43RD ST,60628
577005,50,229.0,MCDONALD'S,3519 W CHICAGO AVE,60635
969205,18,465.0,WALGREENS,8900 W 43RD ST,60626
346173,8,433.0,PIZZA HUT,9085 S HALSTED ST,60620
401928,36,358.0,LOU MALNATIS,8464 S WABASH AVE,60639
860002,49,381.0,SAMS CLUB,3292 W NORTH AVE,60623
604596,1,922.0,COSTCO,3070 N MICHIGAN AVE,60614
245364,4,374.0,DUNKIN DONUTS,2730 W DEVON AVE,60605
364159,20,482.0,LOU MALNATIS,8878 W MADISON ST,60617
464206,8,977.0,WHOLE FOODS,8104 N CICERO AVE,60606
672756,26,146.0,MCDONALD'S,2471 W 63RD ST,60618
376668,48,675.0,PORTILLOS,380 W CHICAGO AVE,60633
127480,13,627.0,GIORDANOS,7858 S WABASH AVE,60640
581199,21,527.0,WHOLE FOODS,2354 N CLARK ST,60621
72258,20,825.0,ALDI,6414 S PULASKI RD,60624
230939,7,371.0,REGGIE'S BAR & GRILL,8479 S HOUSTON AVE,60602
71950,20,457.0,TONY'S FINER FOODS,9768 W 63RD ST,60640
407297,1,682.0,ALDI,8742 N WESTERN AVE,60609
189738,41,687.0,PORTILLOS,5000 S HALSTED ST,60618
419948,31,344.0,HONEYBEERS,3203 N BROADWAY,60624
506507,29,657.0,CVS PHARMACY,7885 W IRVING PARK RD,60606
762331,19,529.0,KRAFT FOODS,6170 W NORTH AVE,60611
76443,12,710.0,DUNKIN DONUTS,6583 W 43RD ST,60620
386937,7,232.0,LOWES,1225 W CHICAGO AVE,60631
483141,8,577.0,WALGREENS,6672 N WESTERN AVE,60613
565927,15,324.0,TRADER JOES,7745 N CLARK ST,60603
460281,9,757.0,SHELL STATION,7318 N MICHIGAN AVE,60601
126023,25,987.0,JEWEL OSCO,2787 W 43RD ST,60620
957856,40,702.0,WALGREENS,9349 W 43RD ST,60602
384652,9,372.0,DUNKIN DONUTS,4801 W MADISON ST,60625
984152,7,818.0,SEVEN ELEVEN,9499 N SOUTHPORT AVE,60606
821160,50,754.0,DUNKIN DONUTS,4194 N BROADWAY,60606
323300,19,513.0,JEWEL OSCO,6688 N CICERO AVE,60630
697593,50,232.0,AUTOZONE,4046 S STATE ST,60639
999470,2,722.0,SHELL STATION,1652 N SOUTHPORT AVE,60640
287195,21,853.0,ADVANCE AUTO,368 W NORTH AVE,60635
680649,25,346.0,SEVEN ELEVEN,4954 N MICHIGAN AVE,60606
885333,4,760.0,MCDONALD'S,7031 W DEVON AVE,60604
210467,10,458.0,HOME DEPOT,3162 W CHICAGO AVE,60612
827981,42,447.0,REGGIE'S BAR & GRILL,3784 S WABASH AVE,60638
746369,47,615.0,KRAFT FOODS,2809 S HOUSTON AVE,60605
898030,38,575.0,DUNKIN DONUTS,3619 N BROADWAY,60634
732524,1,354.0,MARIANO'S,7605 W NORTH AVE,60620
565974,40,300.0,DUNKIN DONUTS,2540 S COTTAGE GROVE AVE,60604
201825,18,335.0,HOME DEPOT,8827 W 43RD ST,60606
788250,28,822.0,JEWEL OSCO,3944 S ARCHER AVE,60616
302961,14,564.0,NEYBOUR'S TAVERN,1247 W 43RD ST,60619
605594,37,506.0,CELINA DELI,7936 N WESTERN AVE,60612
778701,1,770.0,NEYBOUR'S TAVERN,5542 N MICHIGAN AVE,60632
912534,31,309.0,NEYBOUR'S TAVERN,2187 S WABASH AVE,60629
85899,6,970.0,ALDI,4249 W DEVON AVE,60603
371170,39,950.0,TARGET,6223 W MADISON ST,60609
777052,39,667.0,GIORDANOS,265 S STATE ST,60629
110195,50,823.0,WALMART,7816 N CICERO AVE,60606
294471,3,904.0,SHELL STATION,4651 S HALSTED ST,60622
578816,15,608.0,CVS PHARMACY,9901 S COTTAGE GROVE AVE,60602
900547,28,227.0,TARGET,4117 W DEVON AVE,60636
640023,49,430.0,DUNKIN DONUTS,111 S HOUSTON AVE,60640
423561,24,729.0,ADVANCE AUTO,7676 W 63RD ST,60619
387253,3,261.0,LOWES,6772 N CICERO AVE,60626
791471,25,384.0,REGGIE'S BAR & GRILL,9791 N WESTERN AVE,60616
260985,33,442.0,SEVEN ELEVEN,8981 W NORTH AVE,60636
771607,43,610.0,WHOLE FOODS,8665 N WESTERN AVE,60603
376073,7,739.0,LOWES,7951 S PULASKI RD,60608
407061,29,225.0,LOU MALNATIS,5256 S WABASH AVE,60621
609052,27,962.0,NEYBOUR'S TAVERN,9657 W DEVON AVE,60629
601096,38,969.0,ADVANCE AUTO,1487 S ARCHER AVE,60625
291386,9,873.0,KRAFT FOODS,5562 W DEVON AVE,60632
771538,2,863.0,SPEEDWAY,5096 N CLARK ST,60633
738999,44,928.0,BUONA BEEF,4378 S HOUSTON AVE,60621
812134,16,494.0,CVS PHARMACY,3286 S PULASKI RD,60615
975448,21,320.0,HOME DEPOT,3463 N CLARK ST,60625
461481,27,135.0,KRAFT FOODS,1162 S STATE ST,60614
421966,33,135.0,JEWEL OSCO,8996 S WABASH AVE,60624
114939,27,585.0,ADVANCE AUTO,8697 W IRVING PARK RD,60637
126683,43,348.0,WALMART,3474 S HALSTED ST,60613
995506,3,799.0,DUNKIN DONUTS,1486 N CICERO AVE,60628
842071,50,813.0,SAMS CLUB,3734 W CHICAGO AVE,60623
207519,18,569.0,ADVANCE AUTO,9636 W MADISON ST,60616
917674,31,853.0,CELINA DELI,1364 W 63RD ST,60633
418188,46,316.0,SEVEN ELEVEN,7961 W 43RD ST,60616
626192,28,991.0,SPEEDWAY,5647 W IRVING PARK RD,60611
262782,43,485.0,MARIANO'S,8486 W MADISON ST,60634
996014,50,935.0,SHELL STATION,4019 W CHICAGO AVE,60630
6719,49,696.0,BUONA BEEF,3706 S PULASKI RD,60618
618809,5,677.0,REGGIE'S BAR & GRILL,6314 S COTTAGE GROVE AVE,60616
196451,3,867.0,GIORDANOS,5292 S PULASKI RD,60619
93930,13,571.0,MCDONALD'S,6297 S WABASH AVE,60635
525310,42,812.0,SPEEDWAY,9599 W CHICAGO AVE,60611
954208,39,829.0,HOME DEPOT,726 S STATE ST,60619
293362,50,951.0,PORTILLOS,4284 W 43RD ST,60609
253927,5,818.0,TARGET,1624 S ARCHER AVE,60633
974590,29,782.0,MARIANO'S,9409 S WABASH AVE,60623
182243,33,546.0,HOME DEPOT,9167 W DEVON AVE,60633
117023,4,614.0,WALMART,6283 S WABASH AVE,60614
205207,8,110.0,LOU MALNATIS,7191 W 63RD ST,60627
5718,21,914.0,PIZZA HUT,6820 N SOUTHPORT AVE,60629
721974,13,551.0,ADVANCE AUTO,8834 S HALSTED ST,60617
323307,22,166.0,DUNKIN DONUTS,5225 W CHICAGO AVE,60619
614614,36,166.0,LOWES,206 N WESTERN AVE,60620
90410,26,,PIZZA HUT,7916 S COTTAGE GROVE AVE,60609
337765,29,280.0,CELINA DELI,3429 N SOUTHPORT AVE,60628
884374,16,893.0,KRAFT FOODS,4198 W 43RD ST,60622
941374,25,540.0,COSTCO,6094 S WABASH AVE,60616
153593,2,198.0,HONEYBEERS,1070 S HALSTED ST,60634
654868,18,228.0,WHOLE FOODS,6648 N BROADWAY,60614
245216,46,123.0,POTBELLY,1988 N BROADWAY,60603
394555,41,594.0,WALMART,9540 S PULASKI RD,60608
254427,33,752.0,PIZZA HUT,2711 W NORTH AVE,60629
220566,3,856.0,TONY'S FINER FOODS,610 N WESTERN AVE,60628
285659,33,347.0,SAMS CLUB,4735 S PULASKI RD,60638
553806,29,982.0,HOME DEPOT,9380 W IRVING PARK RD,60601
231749,45,764.0,GIORDANOS,9205 W 63RD ST,60636
902228,6,417.0,DOMINICKS,948 W IRVING PARK RD,60628
485106,7,409.0,DOMINICKS,7559 W NORTH AVE,60621
428832,18,383.0,BP GAS STATION,7983 N CICERO AVE,60617
155139,13,930.0,NEYBOUR'S TAVERN,2714 S ARCHER AVE,60632
60860,24,494.0,CELINA DELI,9375 S HALSTED ST,60611
52206,40,653.0,HONEYBEERS,6090 W NORTH AVE,60632
63234,26,644.0,POTBELLY,1977 N BROADWAY,60616
573265,40,559.0,AUTOZONE,3867 W IRVING PARK RD,60626
19103,50,993.0,REGGIE'S BAR & GRILL,4554 N CLARK ST,60610
610635,18,436.0,WALMART,4090 N SOUTHPORT AVE,60638
592648,44,520.0,SAMS CLUB,9931 S COTTAGE GROVE AVE,60615
895337,30,924.0,SPEEDWAY,9732 W CHICAGO AVE,60604
306109,35,118.0,LOWES,3541 N SOUTHPORT AVE,60637
734442,21,685.0,TRADER JOES,1831 W 63RD ST,60640
545836,34,389.0,ALDI,4431 W 63RD ST,60629
19719,11,111.0,SHELL STATION,9662 S STATE ST,60635
805086,19,868.0,BUONA BEEF,6876 S PULASKI RD,60620
96366,12,507.0,NEYBOUR'S TAVERN,675 W 43RD ST,60614
749694,2,665.0,COSTCO,230 N SOUTHPORT AVE,60610
163867,21,241.0,WALGREENS,6063 S WABASH AVE,60637
682210,31,666.0,HONEYBEERS,7484 W CHICAGO AVE,60605
139734,17,523.0,TARGET,4325 W CHICAGO AVE,60609
469065,29,861.0,DUNKIN DONUTS,5177 W DEVON AVE,60602
84380,45,810.0,CVS PHARMACY,8358 W MADISON ST,60635
722921,14,979.0,CELINA DELI,7473 N CICERO AVE,60628
272578,1,706.0,CVS PHARMACY,1095 S PULASKI RD,60629
152585,9,297.0,SAMS CLUB,6774 S HALSTED ST,60632
516303,26,890.0,TRADER JOES,3816 S PULASKI RD,60604
653006,6,998.0,REGGIE'S BAR & GRILL,939 W NORTH AVE,60623
793105,12,873.0,MARIANO'S,4555 S HALSTED ST,60635
979964,50,674.0,WHOLE FOODS,6054 N BROADWAY,60638
147916,20,313.0,SAMS CLUB,4829 W NORTH AVE,60631
762728,41,141.0,BP GAS STATION,3206 S HOUSTON AVE,60638
664284,24,528.0,BP GAS STATION,4813 N BROADWAY,60607
256919,9,909.0,STARBUCKS,9708 S PULASKI RD,60631
78262,42,661.0,CVS PHARMACY,7218 W IRVING PARK RD,60625
41109,31,464.0,JEWEL OSCO,8939 N CLARK ST,60628
486795,30,902.0,DUNKIN DONUTS,6702 W DEVON AVE,60607
483731,41,502.0,SEVEN ELEVEN,4189 N MICHIGAN AVE,60638
412069,10,685.0,CVS PHARMACY,1448 W MADISON ST,60632
440340,37,523.0,PIZZA HUT,7351 S COTTAGE GROVE AVE,60611
191403,10,493.0,SAMS CLUB,5115 W 43RD ST,60610
234035,42,426.0,KRAFT FOODS,4741 N MICHIGAN AVE,60639
148582,24,340.0,LOWES,9799 S WABASH AVE,60611
974677,21,863.0,DUNKIN DONUTS,4573 W 43RD ST,60616
671455,7,521.0,DOMINICKS,7988 N MICHIGAN AVE,60615
699122,20,600.0,GIORDANOS,7535 W 63RD ST,60620
207366,45,450.0,ADVANCE AUTO,9853 S WABASH AVE,60633
186406,18,863.0,SEVEN ELEVEN,2949 S PULASKI RD,60606
822245,20,387.0,SUBWAY,2424 S WABASH AVE,60620
123549,5,171.0,AUTOZONE,2602 W NORTH AVE,60631
812670,42,841.0,PIZZA HUT,8265 N WESTERN AVE,60623
952745,47,341.0,NEYBOUR'S TAVERN,7750 N CICERO AVE,60615
663842,26,115.0,CVS PHARMACY,2749 S WABASH AVE,60634
967976,45,339.0,TONY'S FINER FOODS,1305 N WESTERN AVE,60631
381093,23,,LOU MALNATIS,8845 S ARCHER AVE,60637
19118,45,221.0,SPEEDWAY,3688 N SOUTHPORT AVE,60602
23422,44,731.0,ALDI,5352 W 43RD ST,60614
112,30,102.0,AUTOZONE,9875 N CICERO AVE,60639
506375,43,317.0,PIZZA HUT,3606 S COTTAGE GROVE AVE,60621
883070,49,489.0,ALDI,2554 N CICERO AVE,60606
764892,1,148.0,ADVANCE AUTO,1198 W 63RD ST,60636
502506,42,490.0,SEVEN ELEVEN,8881 N SOUTHPORT AVE,60603
293144,15,574.0,GIORDANOS,5814 S HALSTED ST,60605
787214,26,359.0,ALDI,106 N BROADWAY,60628
789275,37,357.0,AUTOZONE,508 W 63RD ST,60621
341016,8,812.0,COSTCO,5777 N BROADWAY,60606
529589,20,222.0,HOME DEPOT,5486 W CHICAGO AVE,60611
295517,22,304.0,DOMINICKS,2870 W IRVING PARK RD,60609
957912,35,677.0,LOWES,5215 N BROADWAY,60616
928899,35,859.0,ALDI,2371 S HOUSTON AVE,60637
424026,45,618.0,ALDI,5489 S HALSTED ST,60607
488522,25,334.0,CVS PHARMACY,1147 N WESTERN AVE,60603
708400,50,771.0,TONY'S FINER FOODS,8931 W 63RD ST,60625
249785,28,353.0,CVS PHARMACY,7891 S PULASKI RD,60618
757411,11,589.0,TARGET,6423 W CHICAGO AVE,60625
329557,37,492.0,HOME DEPOT,9233 W CHICAGO AVE,60614
436006,34,493.0,SPEEDWAY,8660 S HOUSTON AVE,60605
396844,13,186.0,PIZZA HUT,4535 S ARCHER AVE,60615
799915,4,671.0,WALGREENS,599 W NORTH AVE,60630
925062,24,846.0,DOMINICKS,6973 N BROADWAY,60632
754802,17,111.0,NEYBOUR'S TAVERN,4627 S WABASH AVE,60635
558706,4,710.0,SAMS CLUB,2375 W CHICAGO AVE,60612
228565,26,792.0,MARIANO'S,214 N CLARK ST,60632
659579,38,399.0,MARIANO'S,2123 W MADISON ST,60640
679125,26,151.0,NEYBOUR'S TAVERN,4897 W NORTH AVE,60604
696182,15,469.0,DUNKIN DONUTS,6035 W MADISON ST,60602
415994,46,661.0,COSTCO,9471 N CLARK ST,60620
447339,27,468.0,GIORDANOS,9491 S PULASKI RD,60634
103654,9,391.0,PIZZA HUT,647 S HALSTED ST,60636
310601,42,919.0,MARIANO'S,9373 S PULASKI RD,60608
421345,25,684.0,SPEEDWAY,6054 S HOUSTON AVE,60611
918840,27,991.0,DUNKIN DONUTS,3705 W 63RD ST,60620
95902,22,728.0,WHOLE FOODS,8516 N CICERO AVE,60629
338214,41,451.0,STARBUCKS,7624 N CICERO AVE,60625
789399,8,247.0,REGGIE'S BAR & GRILL,4679 W 43RD ST,60618
717402,5,945.0,ALDI,9680 N SOUTHPORT AVE,60612
4481,41,302.0,TARGET,254 S HALSTED ST,60633
92784,20,895.0,DUNKIN DONUTS,7168 N MICHIGAN AVE,60615
442707,17,984.0,NEYBOUR'S TAVERN,6354 W DEVON AVE,60625
434575,22,441.0,TONY'S FINER FOODS,7225 N CICERO AVE,60612
628857,13,131.0,REGGIE'S BAR & GRILL,4036 N MICHIGAN AVE,60639
772490,19,983.0,STARBUCKS,9114 S PULASKI RD,60602
265471,15,256.0,COSTCO,8121 N CICERO AVE,60625
7002,47,479.0,CELINA DELI,2920 S HALSTED ST,60613
223483,3,613.0,AUTOZONE,1362 N CLARK ST,60630
864759,43,561.0,PIZZA HUT,5154 W DEVON AVE,60640
42072,13,996.0,HONEYBEERS,6882 N CLARK ST,60615
473369,4,152.0,WALMART,7121 S PULASKI RD,60610
452554,2,288.0,CVS PHARMACY,4377 W 63RD ST,60617
828818,37,581.0,SPEEDWAY,2898 S WABASH AVE,60626
991123,13,877.0,TARGET,4182 N CICERO AVE,60631
98415,21,395.0,DOMINICKS,703 S HOUSTON AVE,60601
25808,48,136.0,TONY'S FINER FOODS,2581 W MADISON ST,60623
878213,33,623.0,SHELL STATION,5720 W 43RD ST,60615
656793,42,334.0,CELINA DELI,7960 S STATE ST,60614
31423,12,365.0,TRADER JOES,3883 N BROADWAY,60617
420599,1,511.0,CELINA DELI,4378 S ARCHER AVE,60634
533126,4,883.0,COSTCO,1991 S STATE ST,60610
750500,18,267.0,POTBELLY,7921 N SOUTHPORT AVE,60604
38487,21,219.0,MCDONALD'S,3612 N MICHIGAN AVE,60633
637349,43,777.0,STARBUCKS,8836 S STATE ST,60621
834835,10,227.0,KRAFT FOODS,4407 N CICERO AVE,60635
562645,35,414.0,ALDI,847 S HOUSTON AVE,60620
732373,30,979.0,PORTILLOS,2155 W DEVON AVE,60610
750457,34,987.0,GIORDANOS,1302 W MADISON ST,60634
753890,23,402.0,SUBWAY,2688 W DEVON AVE,60630
342501,19,949.0,CVS PHARMACY,2113 S ARCHER AVE,60640
798952,11,855.0,TONY'S FINER FOODS,5891 S HOUSTON AVE,60612
287281,14,158.0,BUONA BEEF,7163 S COTTAGE GROVE AVE,60610
547589,47,334.0,BUONA BEEF,3120 W DEVON AVE,60639
844549,31,715.0,PIZZA HUT,4846 S COTTAGE GROVE AVE,60603
500013,26,158.0,TONY'S FINER FOODS,7858 N MICHIGAN AVE,60623
109195,4,516.0,PIZZA HUT,4924 S WABASH AVE,60615
398151,35,486.0,PORTILLOS,222 W NORTH AVE,60622
784695,31,656.0,MARIANO'S,9343 S HOUSTON AVE,60626
860124,21,747.0,TONY'S FINER FOODS,7572 N SOUTHPORT AVE,60618
855671,33,466.0,SPEEDWAY,5400 S STATE ST,60640
570040,32,512.0,PIZZA HUT,1815 S COTTAGE GROVE AVE,60619
468274,28,495.0,KRAFT FOODS,9426 S HALSTED ST,60621
538282,9,175.0,NEYBOUR'S TAVERN,9339 W NORTH AVE,60622
514944,44,879.0,POTBELLY,4627 W CHICAGO AVE,60623
567129,15,349.0,LOU MALNATIS,6596 S WABASH AVE,60639
225072,28,418.0,STARBUCKS,4126 S ARCHER AVE,60640
723295,10,561.0,MCDONALD'S,7552 W MADISON ST,60604
87345,10,581.0,LOWES,102 N BROADWAY,60606
623457,23,137.0,BP GAS STATION,7596 W 63RD ST,60625
678442,21,590.0,PORTILLOS,5076 S PULASKI RD,60611
939920,31,843.0,LOWES,3704 S PULASKI RD,60627
234721,45,977.0,DOMINICKS,9907 S WABASH AVE,60627
678656,19,192.0,ADVANCE AUTO,1531 S COTTAGE GROVE AVE,60630
566371,46,902.0,ADVANCE AUTO,1056 N BROADWAY,60619
850006,13,308.0,DUNKIN DONUTS,5939 S STATE ST,60626
81371,29,149.0,SHELL STATION,692 S HOUSTON AVE,60638
41770,25,843.0,TARGET,8130 W IRVING PARK RD,60633
662339,40,664.0,LOU MALNATIS,7623 N WESTERN AVE,60617
144282,21,384.0,COSTCO,9406 N SOUTHPORT AVE,60629
272966,10,418.0,CVS PHARMACY,4384 W CHICAGO AVE,60614
180864,6,246.0,CELINA DELI,5424 N SOUTHPORT AVE,60606
849278,37,352.0,ALDI,9146 W CHICAGO AVE,60606
835703,12,743.0,WALMART,3178 W MADISON ST,60639
73032,44,335.0,ALDI,2990 W NORTH AVE,60616
792213,12,662.0,PIZZA HUT,8013 W IRVING PARK RD,60638
448290,11,113.0,SPEEDWAY,6693 W IRVING PARK RD,60602
927678,42,816.0,JEWEL OSCO,7321 W 43RD ST,60615
724057,47,308.0,REGGIE'S BAR & GRILL,1176 S ARCHER AVE,60639
49975,15,531.0,DUNKIN DONUTS,5607 S COTTAGE GROVE AVE,60603
820039,44,661.0,WALGREENS,2750 S ARCHER AVE,60635
593174,25,267.0,WALGREENS,8571 W 63RD ST,60629
368739,23,546.0,CVS PHARMACY,4082 S COTTAGE GROVE AVE,60603
290640,49,611.0,MARIANO'S,5193 W MADISON ST,60604
700103,29,346.0,TARGET,6091 W 43RD ST,60602
308602,35,802.0,LOU MALNATIS,254 N WESTERN AVE,60625
573968,11,746.0,ALDI,1967 N MICHIGAN AVE,60635
644972,9,135.0,POTBELLY,4510 N CLARK ST,60629
621816,13,654.0,WHOLE FOODS,9816 W IRVING PARK RD,60631
981141,41,273.0,POTBELLY,7537 N BROADWAY,60629
124374,4,283.0,POTBELLY,8572 S WABASH AVE,60627
706482,35,887.0,MARIANO'S,547 S PULASKI RD,60640
472844,4,981.0,HOME DEPOT,5668 W NORTH AVE,60626
736030,48,454.0,REGGIE'S BAR & GRILL,7704 N SOUTHPORT AVE,60613
183321,26,155.0,DUNKIN DONUTS,8241 N BROADWAY,60613
298931,41,615.0,CELINA DELI,2149 W DEVON AVE,60638
374568,35,607.0,PORTILLOS,8468 N CLARK ST,60624
581484,48,125.0,DUNKIN DONUTS,4257 S COTTAGE GROVE AVE,60626
785662,18,704.0,PORTILLOS,7372 N BROADWAY,60635
476410,6,301.0,REGGIE'S BAR & GRILL,7384 N WESTERN AVE,60625
229497,28,147.0,SUBWAY,8823 N BROADWAY,60638
508027,40,301.0,STARBUCKS,4454 W 63RD ST,60636
855340,48,118.0,LOWES,7925 S ARCHER AVE,60608
357697,18,951.0,WALGREENS,3764 N CICERO AVE,60617
878589,27,356.0,CELINA DELI,9639 W DEVON AVE,60621
794953,45,309.0,KRAFT FOODS,7232 W IRVING PARK RD,60622
367510,21,408.0,DUNKIN DONUTS,4990 W DEVON AVE,60601
794500,6,913.0,CVS PHARMACY,1181 W 63RD ST,60633
786444,7,950.0,COSTCO,1568 S COTTAGE GROVE AVE,60640
199288,39,604.0,MARIANO'S,6657 N BROADWAY,60619
293618,28,651.0,PORTILLOS,2553 S HALSTED ST,60625
945052,36,873.0,TONY'S FINER FOODS,8155 S ARCHER AVE,60603
245582,37,708.0,ALDI,5781 W DEVON AVE,60609
890493,45,129.0,GIORDANOS,1392 W NORTH AVE,60625
660158,42,895.0,MARIANO'S,6290 W CHICAGO AVE,60637
378141,11,729.0,NEYBOUR'S TAVERN,6158 N CLARK ST,60637
353134,40,938.0,HOME DEPOT,502 N BROADWAY,60627
957339,12,966.0,HOME DEPOT,1636 W DEVON AVE,60624
337056,14,811.0,MARIANO'S,7566 S WABASH AVE,60635
887309,15,634.0,BUONA BEEF,8521 N WESTERN AVE,60613
231473,39,884.0,TRADER JOES,992 S ARCHER AVE,60632
279144,39,887.0,LOU MALNATIS,5847 N BROADWAY,60640
162810,16,542.0,LOU MALNATIS,5475 W CHICAGO AVE,60609
328537,30,952.0,SPEEDWAY,8538 W NORTH AVE,60635
586605,28,952.0,TARGET,3819 N MICHIGAN AVE,60637
206803,25,251.0,GIORDANOS,7401 S PULASKI RD,60602
12302,33,905.0,MARIANO'S,8489 S HALSTED ST,60617
205543,38,245.0,STARBUCKS,3628 W NORTH AVE,60616
44925,27,851.0,ALDI,7580 N CICERO AVE,60604
57571,9,827.0,MCDONALD'S,3604 W CHICAGO AVE,60632
509370,13,306.0,MARIANO'S,7107 W MADISON ST,60620
203897,10,897.0,JEWEL OSCO,9929 N MICHIGAN AVE,60629
819651,48,484.0,NEYBOUR'S TAVERN,5458 N CICERO AVE,60617
728486,14,427.0,WALMART,5665 N BROADWAY,60640
672606,44,771.0,HONEYBEERS,3945 N MICHIGAN AVE,60614
941511,27,767.0,TONY'S FINER FOODS,7855 W CHICAGO AVE,60632
675404,37,958.0,SAMS CLUB,4035 S COTTAGE GROVE AVE,60606
970746,40,658.0,NEYBOUR'S TAVERN,5838 N BROADWAY,60603
454310,41,236.0,DOMINICKS,644 S COTTAGE GROVE AVE,60610
143821,20,939.0,SUBWAY,4099 W NORTH AVE,60602
4098,3,175.0,TRADER JOES,2080 N BROADWAY,60625
944527,21,775.0,LOU MALNATIS,6736 W MADISON ST,60602
439243,32,986.0,AUTOZONE,3816 W 63RD ST,60635
670168,19,838.0,KRAFT FOODS,1003 N BROADWAY,60616
8691,1,385.0,SAMS CLUB,1052 W 43RD ST,60635
2511,23,740.0,LOWES,7706 S HALSTED ST,60639
597033,7,872.0,SPEEDWAY,7854 W DEVON AVE,60606
20169,1,123.0,SEVEN ELEVEN,9921 W MADISON ST,60623
18943,40,230.0,GIORDANOS,3834 W IRVING PARK RD,60635
771951,30,515.0,SUBWAY,8050 S WABASH AVE,60618
542475,3,822.0,SAMS CLUB,6066 S STATE ST,60602
234879,16,319.0,REGGIE'S BAR & GRILL,214 S WABASH AVE,60626
899824,40,603.0,WHOLE FOODS,6404 S HALSTED ST,60634
825076,7,419.0,MARIANO'S,906 W DEVON AVE,60625
697397,26,665.0,LOU MALNATIS,4771 S HOUSTON AVE,60635
6308,23,786.0,DOMINICKS,6108 S PULASKI RD,60615
387267,50,572.0,HOME DEPOT,2861 S WABASH AVE,60636
732513,37,629.0,STARBUCKS,5018 S COTTAGE GROVE AVE,60608
649694,15,646.0,ADVANCE AUTO,4190 N BROADWAY,60634
634826,10,972.0,PORTILLOS,9954 N CICERO AVE,60637
8310,15,762.0,STARBUCKS,8464 N SOUTHPORT AVE,60613
761157,1,463.0,TONY'S FINER FOODS,3687 S STATE ST,60621
16090,38,979.0,DUNKIN DONUTS,3278 N CICERO AVE,60640
579599,15,939.0,SHELL STATION,1937 S PULASKI RD,60611
502874,38,376.0,NEYBOUR'S TAVERN,4286 S HALSTED ST,60637
571528,42,592.0,SHELL STATION,828 N SOUTHPORT AVE,60626
892644,33,489.0,GIORDANOS,7235 S ARCHER AVE,60633
494723,30,590.0,GIORDANOS,7580 N SOUTHPORT AVE,60626
933401,11,580.0,WALMART,1919 N CLARK ST,60617
66546,10,560.0,ADVANCE AUTO,4390 N CLARK ST,60609
16685,1,265.0,NEYBOUR'S TAVERN,866 W NORTH AVE,60602
826794,8,523.0,LOWES,193 N CICERO AVE,60634
325354,11,766.0,BP GAS STATION,2993 W IRVING PARK RD,60630
394400,36,107.0,REGGIE'S BAR & GRILL,3511 S STATE ST,60628
181119,46,219.0,REGGIE'S BAR & GRILL,8827 S WABASH AVE,60609
778194,50,920.0,REGGIE'S BAR & GRILL,1318 W CHICAGO AVE,60618
849547,20,637.0,STARBUCKS,4926 S COTTAGE GROVE AVE,60606
826624,36,462.0,STARBUCKS,7596 N MICHIGAN AVE,60603
499217,48,678.0,PIZZA HUT,2510 N SOUTHPORT AVE,60637
618692,12,671.0,STARBUCKS,8891 W 43RD ST,60601
212068,45,309.0,KRAFT FOODS,5563 W IRVING PARK RD,60634
191569,18,673.0,TARGET,4217 W 63RD ST,60611
410650,12,274.0,JEWEL OSCO,1599 N CICERO AVE,60614
441668,46,928.0,GIORDANOS,6578 N SOUTHPORT AVE,60635
813265,11,353.0,MCDONALD'S,7378 W 43RD ST,60628
746708,19,630.0,MCDONALD'S,7670 W 43RD ST,60624
69512,10,295.0,GIORDANOS,2096 S ARCHER AVE,60613
275826,38,740.0,SAMS CLUB,5413 N SOUTHPORT AVE,60608
179424,13,796.0,GIORDANOS,2184 W IRVING PARK RD,60628
362537,37,724.0,CVS PHARMACY,4162 W 43RD ST,60639
428437,38,144.0,TARGET,8295 W MADISON ST,60607
574271,5,663.0,TARGET,817 S STATE ST,60609
874368,13,659.0,TRADER JOES,4846 S COTTAGE GROVE AVE,60636
379378,10,520.0,WALGREENS,6130 S WABASH AVE,60635
884316,43,255.0,POTBELLY,5496 S HOUSTON AVE,60637
999872,8,282.0,PIZZA HUT,5867 N CLARK ST,60602
889602,6,565.0,LOWES,4892 S HOUSTON AVE,60608
936792,22,779.0,LOU MALNATIS,4778 W 63RD ST,60619
936876,28,310.0,MARIANO'S,2000 W IRVING PARK RD,60616
132545,3,252.0,MARIANO'S,2514 W 63RD ST,60611
227933,32,911.0,TARGET,9939 W MADISON ST,60606
56110,36,204.0,SPEEDWAY,5294 N BROADWAY,60616
973972,36,727.0,JEWEL OSCO,5011 W IRVING PARK RD,60636
783473,11,562.0,DUNKIN DONUTS,8822 W CHICAGO AVE,60603
960800,34,979.0,DOMINICKS,3248 N BROADWAY,60625
779149,34,513.0,LOWES,3202 W 63RD ST,60602
39279,2,493.0,JEWEL OSCO,7030 S COTTAGE GROVE AVE,60621
917785,19,285.0,HOME DEPOT,2324 S PULASKI RD,60635
156354,23,676.0,WALMART,3785 S COTTAGE GROVE AVE,60601
858664,11,218.0,PORTILLOS,5172 W NORTH AVE,60604
666756,13,635.0,CVS PHARMACY,447 N SOUTHPORT AVE,60602
863473,22,508.0,CVS PHARMACY,5402 N CLARK ST,60629
784001,35,852.0,WALGREENS,7655 S HALSTED ST,60601
526147,36,786.0,WALMART,2527 N MICHIGAN AVE,60627
403754,24,785.0,NEYBOUR'S TAVERN,6093 W CHICAGO AVE,60637
53808,25,468.0,TRADER JOES,1809 W NORTH AVE,60612
920292,4,218.0,HOME DEPOT,7311 W MADISON ST,60621
606189,34,923.0,TONY'S FINER FOODS,1721 S ARCHER AVE,60632
359399,12,564.0,PIZZA HUT,2020 W 43RD ST,60628
604739,21,237.0,DOMINICKS,5766 S ARCHER AVE,60638
670430,1,842.0,REGGIE'S BAR & GRILL,4537 S WABASH AVE,60636
347444,47,431.0,DOMINICKS,2034 S HALSTED ST,60619
565726,5,812.0,TARGET,4334 S HALSTED ST,60629
74082,36,448.0,SPEEDWAY,1899 N MICHIGAN AVE,60606
924920,49,367.0,WALGREENS,3669 W MADISON ST,60606
117147,47,525.0,TARGET,1236 W IRVING PARK RD,60625
691226,42,373.0,CELINA DELI,3752 N CICERO AVE,60606
961677,31,576.0,NEYBOUR'S TAVERN,3265 N MICHIGAN AVE,60634
360093,43,839.0,CVS PHARMACY,196 W NORTH AVE,60640
188791,22,608.0,SEVEN ELEVEN,6948 W NORTH AVE,60633
546189,18,838.0,TONY'S FINER FOODS,3204 S PULASKI RD,60622
521892,5,222.0,DOMINICKS,3940 S WABASH AVE,60623
636400,7,360.0,REGGIE'S BAR & GRILL,8481 S PULASKI RD,60613
456571,27,973.0,SEVEN ELEVEN,7012 S STATE ST,60622
213253,26,903.0,WHOLE FOODS,8906 S STATE ST,60612
638135,32,208.0,LOU MALNATIS,4048 S HALSTED ST,60634
445765,50,718.0,DOMINICKS,6890 W NORTH AVE,60612
379794,44,513.0,CVS PHARMACY,6198 S WABASH AVE,60617
358600,3,353.0,TARGET,5586 N WESTERN AVE,60614
612810,39,251.0,LOU MALNATIS,6031 S ARCHER AVE,60627
868025,47,533.0,JEWEL OSCO,1467 N CLARK ST,60631
826390,43,872.0,MCDONALD'S,7316 W 63RD ST,60632
441982,11,722.0,ADVANCE AUTO,847 W 43RD ST,60616
710790,10,324.0,LOWES,3143 W DEVON AVE,60640
792041,7,548.0,DOMINICKS,6710 N WESTERN AVE,60625
250445,26,880.0,KRAFT FOODS,8825 S STATE ST,60627
720430,17,605.0,WALGREENS,9993 S COTTAGE GROVE AVE,60602
68503,38,348.0,MCDONALD'S,6052 S HALSTED ST,60625
792907,49,331.0,SHELL STATION,8821 S WABASH AVE,60605
979846,33,939.0,STARBUCKS,2198 N SOUTHPORT AVE,60620
57370,6,193.0,AUTOZONE,5789 W CHICAGO AVE,60612
387918,43,316.0,BUONA BEEF,7265 W CHICAGO AVE,60609
555393,28,705.0,AUTOZONE,3547 N WESTERN AVE,60637
724467,31,901.0,LOWES,5950 W MADISON ST,60609
636284,19,954.0,COSTCO,3394 S HOUSTON AVE,60611
800758,7,638.0,BP GAS STATION,4780 N SOUTHPORT AVE,60628
322153,5,843.0,AUTOZONE,2302 W DEVON AVE,60633
663144,17,840.0,CELINA DELI,1612 N MICHIGAN AVE,60627
80281,47,234.0,LOWES,8926 N MICHIGAN AVE,60616
878564,24,421.0,TARGET,2851 W 63RD ST,60601
448274,27,151.0,HONEYBEERS,4361 S PULASKI RD,60619
76178,33,864.0,KRAFT FOODS,6480 W 63RD ST,60632
787895,18,792.0,DUNKIN DONUTS,2172 N BROADWAY,60607
506422,29,795.0,BP GAS STATION,2378 N SOUTHPORT AVE,60629
262892,1,414.0,SHELL STATION,4129 W CHICAGO AVE,60607
931066,35,596.0,MARIANO'S,6947 W 43RD ST,60625
422671,10,232.0,BP GAS STATION,2993 S ARCHER AVE,60607
418040,42,687.0,LOU MALNATIS,4668 S PULASKI RD,60611
724860,30,191.0,DOMINICKS,6247 S ARCHER AVE,60604
877225,17,721.0,MCDONALD'S,6415 N WESTERN AVE,60625
45646,7,780.0,STARBUCKS,5315 S HALSTED ST,60621
594360,4,953.0,WALGREENS,9244 S PULASKI RD,60615
183540,9,347.0,DOMINICKS,268 N CICERO AVE,60602
72322,46,384.0,HONEYBEERS,6220 N CICERO AVE,60605
303965,25,157.0,SPEEDWAY,8594 W CHICAGO AVE,60627
246513,33,561.0,TARGET,169 W IRVING PARK RD,60612
537623,28,829.0,DOMINICKS,2945 W DEVON AVE,60602
301460,42,105.0,ALDI,9829 W 43RD ST,60618
23861,40,250.0,JEWEL OSCO,3367 S COTTAGE GROVE AVE,60606
533405,42,761.0,SAMS CLUB,1839 N CLARK ST,60636
12993,32,216.0,COSTCO,8077 S HALSTED ST,60627
975899,43,591.0,ADVANCE AUTO,3339 S ARCHER AVE,60633
795282,18,387.0,HOME DEPOT,5870 N WESTERN AVE,60629
401054,50,850.0,PIZZA HUT,3150 N MICHIGAN AVE,60628
515165,4,377.0,LOWES,1060 W DEVON AVE,60628
857247,1,204.0,SPEEDWAY,379 W 63RD ST,60612
851106,6,366.0,AUTOZONE,6105 S HALSTED ST,60609
74191,9,781.0,HOME DEPOT,1099 W DEVON AVE,60627
485061,40,753.0,GIORDANOS,2761 S STATE ST,60629
551613,20,155.0,WALMART,1019 N MICHIGAN AVE,60629
771181,18,861.0,WHOLE FOODS,1850 S STATE ST,60607
187791,17,348.0,TONY'S FINER FOODS,6540 S HALSTED ST,60640
377236,6,387.0,TONY'S FINER FOODS,4306 W 43RD ST,60632
780424,34,451.0,LOU MALNATIS,5530 S WABASH AVE,60603
169968,11,770.0,MCDONALD'S,5318 W CHICAGO AVE,60640
332671,8,730.0,POTBELLY,9162 S PULASKI RD,60616
553161,27,810.0,JEWEL OSCO,5920 W NORTH AVE,60619
685922,6,878.0,SUBWAY,5056 N SOUTHPORT AVE,60625
434255,10,308.0,AUTOZONE,1531 S COTTAGE GROVE AVE,60627
417117,7,750.0,POTBELLY,1429 W DEVON AVE,60613
527939,47,705.0,TARGET,884 N SOUTHPORT AVE,60630
425773,15,596.0,HOME DEPOT,8303 N WESTERN AVE,60640
109108,1,559.0,ALDI,8771 W CHICAGO AVE,60637
58940,24,398.0,POTBELLY,5323 W IRVING PARK RD,60615
675423,18,212.0,LOU MALNATIS,4395 W 63RD ST,60631
260869,28,304.0,LOU MALNATIS,8743 N BROADWAY,60605
168522,4,190.0,JEWEL OSCO,8796 S ARCHER AVE,60636
814551,34,181.0,REGGIE'S BAR & GRILL,8915 S HOUSTON AVE,60615
461442,6,972.0,DOMINICKS,2165 W 63RD ST,60630
37925,29,575.0,SHELL STATION,3711 N BROADWAY,60624
319626,15,553.0,JEWEL OSCO,8012 N SOUTHPORT AVE,60603
643041,3,617.0,CELINA DELI,7694 S WABASH AVE,60618
471997,40,577.0,NEYBOUR'S TAVERN,764 S WABASH AVE,60628
249920,38,133.0,HONEYBEERS,2254 N CLARK ST,60629
91207,4,846.0,PIZZA HUT,425 W MADISON ST,60625
979666,35,317.0,WHOLE FOODS,9746 S ARCHER AVE,60639
586208,44,706.0,GIORDANOS,1148 N BROADWAY,60640
794614,47,725.0,GIORDANOS,7704 S STATE ST,60622
138790,36,676.0,LOU MALNATIS,9694 N MICHIGAN AVE,60606
647030,37,920.0,MCDONALD'S,2409 W 43RD ST,60608
115364,22,353.0,PIZZA HUT,9243 W NORTH AVE,60626
676468,27,423.0,DUNKIN DONUTS,6691 N CLARK ST,60622
67248,33,908.0,HONEYBEERS,6941 S PULASKI RD,60616
441523,21,790.0,MARIANO'S,5306 W MADISON ST,60620
618154,36,305.0,SPEEDWAY,1007 N CICERO AVE,60634
503833,15,530.0,NEYBOUR'S TAVERN,782 N CLARK ST,60627
926905,17,889.0,COSTCO,6590 S HALSTED ST,60620
889927,2,906.0,POTBELLY,7400 S PULASKI RD,60607
311414,46,101.0,SAMS CLUB,7372 S STATE ST,60619
495970,38,721.0,PIZZA HUT,2100 W 43RD ST,60614
619767,12,510.0,STARBUCKS,1168 N CICERO AVE,60630
995870,42,774.0,PORTILLOS,401 W IRVING PARK RD,60624
983761,41,590.0,SEVEN ELEVEN,6077 S PULASKI RD,60639
102866,36,670.0,BP GAS STATION,7182 S HALSTED ST,60621
962254,41,234.0,AUTOZONE,3241 S PULASKI RD,60629
214164,41,336.0,LOWES,7758 W IRVING PARK RD,60621
612944,43,665.0,KRAFT FOODS,265 W DEVON AVE,60617
563743,46,380.0,BP GAS STATION,6197 N MICHIGAN AVE,60637
387631,21,642.0,DUNKIN DONUTS,6735 W 63RD ST,60635
49981,31,249.0,DOMINICKS,1329 W 43RD ST,60623
278369,1,877.0,CVS PHARMACY,9082 S STATE ST,60630
955839,15,914.0,LOU MALNATIS,8333 W 43RD ST,60631
195048,44,538.0,BUONA BEEF,3506 W 63RD ST,60622
716557,45,126.0,SAMS CLUB,9530 N CICERO AVE,60614
255948,16,658.0,POTBELLY,5598 W 43RD ST,60611
828369,20,611.0,BUONA BEEF,7583 S HOUSTON AVE,60610
725591,43,361.0,GIORDANOS,7364 S COTTAGE GROVE AVE,60621
701971,2,751.0,TARGET,9064 W IRVING PARK RD,60624
616584,41,906.0,WALGREENS,8208 W MADISON ST,60620
584210,28,735.0,WALGREENS,4374 S ARCHER AVE,60607
96041,46,423.0,CELINA DELI,6924 W 43RD ST,60623
373279,48,322.0,JEWEL OSCO,1419 N BROADWAY,60622
121115,1,916.0,TRADER JOES,2636 W NORTH AVE,60617
848437,29,905.0,JEWEL OSCO,5875 W NORTH AVE,60607
13315,19,413.0,GIORDANOS,7014 W 43RD ST,60635
435215,5,579.0,SPEEDWAY,8241 N WESTERN AVE,60605
800982,28,526.0,WHOLE FOODS,7233 W 63RD ST,60601
116290,19,950.0,WALGREENS,7641 N CICERO AVE,60609
210008,42,353.0,WHOLE FOODS,7860 N BROADWAY,60606
424008,2,437.0,NEYBOUR'S TAVERN,8830 W DEVON AVE,60603
258051,23,206.0,BP GAS STATION,267 W NORTH AVE,60634
358397,10,451.0,REGGIE'S BAR & GRILL,1388 W 63RD ST,60626
695455,16,471.0,SPEEDWAY,8584 W CHICAGO AVE,60624
273326,6,626.0,DUNKIN DONUTS,3475 W CHICAGO AVE,60636
271124,25,436.0,PIZZA HUT,2092 N CLARK ST,60623
52263,14,590.0,TARGET,8487 W 43RD ST,60618
900859,13,171.0,TONY'S FINER FOODS,4760 N MICHIGAN AVE,60601
248152,47,671.0,TRADER JOES,6686 N WESTERN AVE,60622
487356,19,846.0,LOWES,476 W CHICAGO AVE,60614
964905,29,407.0,SAMS CLUB,9232 W IRVING PARK RD,60637
140540,12,796.0,HONEYBEERS,8227 S HOUSTON AVE,60609
684571,30,858.0,MCDONALD'S,8988 W NORTH AVE,60625
218992,33,335.0,PORTILLOS,8596 N SOUTHPORT AVE,60629
797698,6,123.0,SPEEDWAY,3971 N MICHIGAN AVE,60629
192162,33,733.0,SEVEN ELEVEN,3762 W MADISON ST,60629
421638,39,224.0,STARBUCKS,3493 N CLARK ST,60621
865690,13,361.0,POTBELLY,910 S PULASKI RD,60618
532688,4,192.0,TRADER JOES,4745 W MADISON ST,60624
23205,24,462.0,REGGIE'S BAR & GRILL,5675 S PULASKI RD,60626
163096,19,712.0,WHOLE FOODS,2663 W 43RD ST,60634
427945,10,904.0,LOU MALNATIS,1440 W 43RD ST,60635
863311,42,383.0,AUTOZONE,1151 S STATE ST,60614
41159,10,973.0,HONEYBEERS,2461 N CLARK ST,60605
896438,21,320.0,POTBELLY,7732 N SOUTHPORT AVE,60604
551791,13,261.0,CELINA DELI,3683 N CICERO AVE,60633
875718,14,571.0,BUONA BEEF,8783 N CICERO AVE,60627
803498,48,248.0,SHELL STATION,9947 S HOUSTON AVE,60619
656806,1,510.0,WALGREENS,8997 W MADISON ST,60612
729183,33,295.0,ALDI,1058 S ARCHER AVE,60617
899937,47,728.0,TRADER JOES,2854 S COTTAGE GROVE AVE,60615
181405,34,180.0,SPEEDWAY,4305 S ARCHER AVE,60620
520695,24,185.0,HOME DEPOT,4594 S HALSTED ST,60631
545829,22,893.0,NEYBOUR'S TAVERN,157 W IRVING PARK RD,60622
580829,39,153.0,LOU MALNATIS,7503 W DEVON AVE,60615
586848,50,253.0,SHELL STATION,8658 N CLARK ST,60601
925648,3,728.0,AUTOZONE,4114 S WABASH AVE,60639
270538,42,854.0,DUNKIN DONUTS,7896 W 63RD ST,60617
711265,13,526.0,TONY'S FINER FOODS,2601 S PULASKI RD,60630
468868,7,991.0,SUBWAY,4580 S ARCHER AVE,60603
621028,39,129.0,SEVEN ELEVEN,1793 W MADISON ST,60618
648399,14,343.0,WHOLE FOODS,4916 N MICHIGAN AVE,60639
211349,2,989.0,ADVANCE AUTO,7961 W IRVING PARK RD,60627
316450,45,282.0,ALDI,4036 N BROADWAY,60623
661834,30,988.0,NEYBOUR'S TAVERN,4173 S STATE ST,60607
280794,12,684.0,CVS PHARMACY,1574 W NORTH AVE,60635
753860,35,524.0,MARIANO'S,6309 S HALSTED ST,60635
42235,18,566.0,MARIANO'S,9213 W MADISON ST,60616
550025,44,393.0,KRAFT FOODS,6018 W NORTH AVE,60615
367161,30,726.0,COSTCO,7633 W MADISON ST,60609
447987,24,522.0,SPEEDWAY,9155 W IRVING PARK RD,60635
984024,30,219.0,STARBUCKS,5351 W 63RD ST,60638
628086,7,664.0,TARGET,7549 N BROADWAY,60635
10858,18,521.0,AUTOZONE,936 W CHICAGO AVE,60627
605627,38,699.0,SUBWAY,5572 S HOUSTON AVE,60631
599953,23,489.0,TARGET,8600 W NORTH AVE,60613
648842,19,433.0,ADVANCE AUTO,5665 S ARCHER AVE,60616
932374,12,963.0,ALDI,5040 W DEVON AVE,60601
585452,29,914.0,PIZZA HUT,1679 W 63RD ST,60631
856781,42,611.0,REGGIE'S BAR & GRILL,4018 S COTTAGE GROVE AVE,60614
598418,49,269.0,PORTILLOS,5349 S HOUSTON AVE,60601
672876,20,565.0,JEWEL OSCO,1313 S COTTAGE GROVE AVE,60637
478601,50,223.0,WHOLE FOODS,8439 N WESTERN AVE,60612
446501,41,147.0,TONY'S FINER FOODS,5944 W MADISON ST,60612
557414,24,709.0,STARBUCKS,1150 W 43RD ST,60616
971540,43,777.0,SAMS CLUB,9151 W 43RD ST,60601
641576,23,889.0,ALDI,988 N CICERO AVE,60602
900504,23,422.0,WALGREENS,2220 S HALSTED ST,60616
960496,50,339.0,STARBUCKS,5683 S PULASKI RD,60618
46931,43,466.0,POTBELLY,1773 W NORTH AVE,60608
866336,37,569.0,PIZZA HUT,5709 W NORTH AVE,60626
715824,2,562.0,REGGIE'S BAR & GRILL,5049 N BROADWAY,60621
849045,6,442.0,KRAFT FOODS,2440 W NORTH AVE,60611
145173,33,809.0,TRADER JOES,8229 N WESTERN AVE,60612
955612,16,975.0,COSTCO,7883 S WABASH AVE,60636
596650,35,450.0,PIZZA HUT,7079 W 63RD ST,60618
568202,8,414.0,HONEYBEERS,1821 W MADISON ST,60626
565843,7,512.0,BP GAS STATION,5603 N SOUTHPORT AVE,60635
10059,38,715.0,GIORDANOS,1065 S ARCHER AVE,60602
63953,26,506.0,WALGREENS,9188 N CICERO AVE,60632
732919,48,526.0,POTBELLY,1297 S HOUSTON AVE,60639
436513,5,723.0,HONEYBEERS,883 S WABASH AVE,60606
386982,20,389.0,CVS PHARMACY,6126 N WESTERN AVE,60635
14140,16,298.0,DUNKIN DONUTS,2747 W CHICAGO AVE,60632
449279,21,420.0,LOWES,4221 N CICERO AVE,60630
720862,33,986.0,GIORDANOS,9870 W DEVON AVE,60606
429210,16,687.0,COSTCO,9745 S ARCHER AVE,60612
416704,29,328.0,WALGREENS,9066 W 43RD ST,60607
900835,19,846.0,SUBWAY,1617 N CICERO AVE,60623
365568,11,631.0,BUONA BEEF,7829 N SOUTHPORT AVE,60623
802797,41,716.0,PORTILLOS,4667 N BROADWAY,60634
325925,33,398.0,WHOLE FOODS,2472 N CICERO AVE,60634
897949,42,710.0,AUTOZONE,7174 N BROADWAY,60607
862403,9,590.0,NEYBOUR'S TAVERN,7897 S HOUSTON AVE,60619
195423,39,508.0,WALMART,3636 S HALSTED ST,60631
840143,21,144.0,CVS PHARMACY,4976 W MADISON ST,60602
884713,39,544.0,LOU MALNATIS,5512 W 43RD ST,60628
236815,50,436.0,REGGIE'S BAR & GRILL,9497 W NORTH AVE,60612
747626,33,458.0,AUTOZONE,3192 S PULASKI RD,60630
327941,48,152.0,SHELL STATION,6333 W MADISON ST,60633
998128,49,502.0,PORTILLOS,4226 W CHICAGO AVE,60623
335232,29,694.0,BP GAS STATION,379 N SOUTHPORT AVE,60630
609470,13,165.0,ADVANCE AUTO,9356 S COTTAGE GROVE AVE,60638
436318,7,514.0,CVS PHARMACY,8168 S ARCHER AVE,60602
59162,40,354.0,ALDI,525 N BROADWAY,60612
599290,5,734.0,MARIANO'S,9510 S PULASKI RD,60602
378787,50,191.0,GIORDANOS,895 W CHICAGO AVE,60636
20842,4,539.0,REGGIE'S BAR & GRILL,7420 W NORTH AVE,60630
984770,29,279.0,MCDONALD'S,1908 N CLARK ST,60626
674626,31,791.0,SUBWAY,6316 S ARCHER AVE,60631
118215,43,410.0,MARIANO'S,6782 S ARCHER AVE,60621
21127,8,741.0,BP GAS STATION,5076 W IRVING PARK RD,60612
90198,26,602.0,MCDONALD'S,3429 S STATE ST,60617
641179,21,464.0,COSTCO,5072 S ARCHER AVE,60636
371311,46,613.0,STARBUCKS,6907 S COTTAGE GROVE AVE,60609
420969,14,746.0,PIZZA HUT,8585 W NORTH AVE,60609
169943,19,639.0,CELINA DELI,7891 W DEVON AVE,60622
715973,25,574.0,GIORDANOS,6266 W DEVON AVE,60622
684923,5,444.0,DUNKIN DONUTS,4985 N CICERO AVE,60635
457825,2,278.0,BP GAS STATION,423 S STATE ST,60624
200542,46,103.0,COSTCO,1985 N WESTERN AVE,60638
348726,22,487.0,NEYBOUR'S TAVERN,275 W MADISON ST,60622
379034,42,200.0,JEWEL OSCO,1673 N SOUTHPORT AVE,60629
290433,16,297.0,WALGREENS,4613 W CHICAGO AVE,60615
867377,27,977.0,LOU MALNATIS,252 W 43RD ST,60626
13047,7,704.0,AUTOZONE,9134 W 63RD ST,60616
932986,26,486.0,DOMINICKS,362 S HALSTED ST,60614
581848,39,659.0,SEVEN ELEVEN,7824 S WABASH AVE,60619
727468,48,903.0,MCDONALD'S,5903 N BROADWAY,60604
426858,49,410.0,STARBUCKS,8156 N CLARK ST,60608
509507,21,579.0,PORTILLOS,9004 N CLARK ST,60611
845097,30,398.0,SAMS CLUB,331 W IRVING PARK RD,60612
195944,7,838.0,ALDI,8166 S STATE ST,60619
92520,7,219.0,SPEEDWAY,1212 W NORTH AVE,60627
424185,39,152.0,KRAFT FOODS,9991 N MICHIGAN AVE,60625
949900,41,193.0,TONY'S FINER FOODS,9517 W NORTH AVE,60619
296189,44,593.0,COSTCO,4466 S ARCHER AVE,60615
547551,45,304.0,ADVANCE AUTO,5978 N MICHIGAN AVE,60631
958660,38,926.0,BP GAS STATION,4487 S STATE ST,60611
370659,10,226.0,WALGREENS,4088 S PULASKI RD,60640
278571,47,390.0,SHELL STATION,5572 W DEVON AVE,60607
639712,40,280.0,CELINA DELI,9691 S ARCHER AVE,60626
208757,14,226.0,SAMS CLUB,1198 W NORTH AVE,60616
913899,19,940.0,BP GAS STATION,4343 N CLARK ST,60603
198509,10,743.0,STARBUCKS,5383 N BROADWAY,60627
7000,36,701.0,BUONA BEEF,9125 N MICHIGAN AVE,60639
128790,37,472.0,SAMS CLUB,168 S HALSTED ST,60630
430489,23,348.0,PIZZA HUT,2733 S ARCHER AVE,60619
165504,16,936.0,HONEYBEERS,9398 S WABASH AVE,60619
365437,35,524.0,HONEYBEERS,5970 N CLARK ST,60628
125440,8,679.0,NEYBOUR'S TAVERN,1342 N CICERO AVE,60611
629458,49,654.0,REGGIE'S BAR & GRILL,3767 S COTTAGE GROVE AVE,60609
370459,31,584.0,SUBWAY,7849 S HALSTED ST,60609
341417,38,991.0,ADVANCE AUTO,815 N CICERO AVE,60616
14006,42,379.0,TONY'S FINER FOODS,1520 W DEVON AVE,60613
729840,1,358.0,POTBELLY,6880 W MADISON ST,60605
812139,28,308.0,PIZZA HUT,7291 S WABASH AVE,60619
54622,33,,PORTILLOS,8911 S HOUSTON AVE,60620
864942,35,302.0,DUNKIN DONUTS,8667 W 63RD ST,60621
461482,27,903.0,TONY'S FINER FOODS,7952 N SOUTHPORT AVE,60604
812395,14,698.0,NEYBOUR'S TAVERN,5538 N BROADWAY,60617
686715,45,679.0,LOU MALNATIS,3125 S ARCHER AVE,60634
564549,23,536.0,PORTILLOS,3970 S HALSTED ST,60603
202205,10,278.0,JEWEL OSCO,5420 N CICERO AVE,60615
388819,5,114.0,BUONA BEEF,2895 S HOUSTON AVE,60611
229335,48,384.0,AUTOZONE,7024 S ARCHER AVE,60618
153681,32,992.0,SAMS CLUB,3360 W NORTH AVE,60625
695944,46,614.0,ADVANCE AUTO,8143 S WABASH AVE,60629
50323,35,174.0,HOME DEPOT,3489 N SOUTHPORT AVE,60610
159788,47,564.0,SAMS CLUB,5100 S PULASKI RD,60606
790870,12,443.0,WALGREENS,4339 N SOUTHPORT AVE,60639
632256,33,653.0,CVS PHARMACY,7597 S STATE ST,60636
500603,3,395.0,TARGET,1197 N BROADWAY,60607
906879,11,151.0,ALDI,3218 N BROADWAY,60611
140679,50,858.0,LOU MALNATIS,140 N BROADWAY,60628
905394,4,300.0,POTBELLY,1202 N MICHIGAN AVE,60609
631615,37,779.0,COSTCO,6123 N SOUTHPORT AVE,60638
653396,14,362.0,TONY'S FINER FOODS,4838 N SOUTHPORT AVE,60620
46455,7,817.0,LOU MALNATIS,715 S HOUSTON AVE,60603
570957,1,682.0,DOMINICKS,4245 S COTTAGE GROVE AVE,60631
201727,11,499.0,GIORDANOS,6285 W NORTH AVE,60617
510344,7,670.0,CELINA DELI,8494 S ARCHER AVE,60622
618795,1,116.0,SAMS CLUB,7662 W DEVON AVE,60604
12796,15,710.0,ADVANCE AUTO,325 W DEVON AVE,60605
120944,46,889.0,TRADER JOES,4967 W IRVING PARK RD,60621
275897,7,170.0,NEYBOUR'S TAVERN,1157 N BROADWAY,60626
860606,47,532.0,DOMINICKS,4547 W 63RD ST,60624
302505,22,471.0,CVS PHARMACY,6268 S HALSTED ST,60605
763680,18,687.0,MCDONALD'S,9043 S PULASKI RD,60623
709764,21,470.0,REGGIE'S BAR & GRILL,3176 N CICERO AVE,60618
804704,46,508.0,STARBUCKS,6723 N BROADWAY,60626
375401,4,544.0,TRADER JOES,9884 S ARCHER AVE,60607
212614,11,842.0,REGGIE'S BAR & GRILL,6838 N CICERO AVE,60603
508303,44,782.0,PIZZA HUT,7414 N WESTERN AVE,60607
177868,24,373.0,ADVANCE AUTO,6361 W CHICAGO AVE,60620
34407,36,632.0,COSTCO,1124 S WABASH AVE,60611
904222,41,366.0,AUTOZONE,1521 W 63RD ST,60637
597347,46,218.0,KRAFT FOODS,3439 N MICHIGAN AVE,60616
632766,15,768.0,HONEYBEERS,9152 W IRVING PARK RD,60619
779583,23,326.0,BP GAS STATION,1839 N MICHIGAN AVE,60626
185493,10,671.0,SHELL STATION,1064 N CLARK ST,60615
501371,24,602.0,SAMS CLUB,1112 N CICERO AVE,60633
736266,19,475.0,GIORDANOS,3589 S ARCHER AVE,60619
664692,30,798.0,DUNKIN DONUTS,4602 S ARCHER AVE,60632
660949,11,815.0,CVS PHARMACY,8289 S WABASH AVE,60608
289227,50,997.0,TONY'S FINER FOODS,355 S ARCHER AVE,60611
25701,39,322.0,STARBUCKS,1633 S HALSTED ST,60603
21416,15,654.0,ADVANCE AUTO,6553 S PULASKI RD,60623
602972,16,143.0,WHOLE FOODS,9971 S WABASH AVE,60634
470754,31,573.0,REGGIE'S BAR & GRILL,1081 N WESTERN AVE,60613
997283,37,120.0,GIORDANOS,9767 N CICERO AVE,60605
105292,43,642.0,CELINA DELI,5604 W 43RD ST,60632
965680,24,173.0,WALMART,4876 N CICERO AVE,60635
22091,28,446.0,MARIANO'S,7177 N SOUTHPORT AVE,60613
56898,17,353.0,PORTILLOS,6101 W MADISON ST,60640
540744,30,473.0,MARIANO'S,4569 W 63RD ST,60602
657800,26,661.0,TARGET,830 W MADISON ST,60624
800806,1,993.0,SHELL STATION,3221 W CHICAGO AVE,60630
245281,41,374.0,NEYBOUR'S TAVERN,8620 W 63RD ST,60623
88952,23,484.0,BUONA BEEF,2636 S ARCHER AVE,60618
60027,38,281.0,PORTILLOS,1930 N WESTERN AVE,60601
515158,36,291.0,KRAFT FOODS,5970 N MICHIGAN AVE,60621
100646,37,871.0,GIORDANOS,784 W CHICAGO AVE,60627
538514,4,385.0,MCDONALD'S,1790 S ARCHER AVE,60605
545632,20,369.0,MCDONALD'S,8118 W MADISON ST,60611
136891,48,592.0,BP GAS STATION,1760 N CICERO AVE,60623
402379,32,460.0,HOME DEPOT,4152 W IRVING PARK RD,60618
841048,38,723.0,BP GAS STATION,2176 S STATE ST,60627
838825,24,594.0,TARGET,7159 W MADISON ST,60619
136279,41,649.0,SHELL STATION,662 N SOUTHPORT AVE,60632
370694,47,382.0,BP GAS STATION,8226 S COTTAGE GROVE AVE,60625
975918,4,297.0,TRADER JOES,7986 N WESTERN AVE,60630
222614,49,844.0,ALDI,9297 S HALSTED ST,60639
413426,37,985.0,WALGREENS,8880 S PULASKI RD,60604
641275,48,803.0,MARIANO'S,1332 N BROADWAY,60606
234251,28,580.0,HOME DEPOT,2267 N MICHIGAN AVE,60602
934025,6,842.0,MARIANO'S,9926 W NORTH AVE,60637
829438,47,952.0,MCDONALD'S,5995 S HOUSTON AVE,60630
768134,24,876.0,WHOLE FOODS,4412 W 43RD ST,60632
384326,41,590.0,DUNKIN DONUTS,505 N CICERO AVE,60602
51234,48,796.0,SPEEDWAY,4798 N BROADWAY,60630
517391,28,773.0,BP GAS STATION,3130 S COTTAGE GROVE AVE,60637
561151,5,457.0,WALGREENS,2607 W 43RD ST,60607
276563,19,116.0,LOWES,6730 N BROADWAY,60605
748154,29,717.0,REGGIE'S BAR & GRILL,258 S WABASH AVE,60611
332966,45,154.0,BUONA BEEF,4447 W 63RD ST,60633
867872,2,453.0,MCDONALD'S,7362 W 43RD ST,60638
324752,45,230.0,SEVEN ELEVEN,4007 N WESTERN AVE,60634
156559,44,617.0,AUTOZONE,895 W DEVON AVE,60605
228314,8,457.0,LOWES,7291 W 43RD ST,60619
635608,36,576.0,COSTCO,979 W IRVING PARK RD,60604
328269,49,293.0,DOMINICKS,9569 S COTTAGE GROVE AVE,60613
135764,1,271.0,BP GAS STATION,2550 N MICHIGAN AVE,60629
118271,8,701.0,ADVANCE AUTO,8917 S PULASKI RD,60612
850009,48,766.0,WALMART,9474 W DEVON AVE,60635
562376,35,564.0,DUNKIN DONUTS,8856 S COTTAGE GROVE AVE,60607
535757,33,399.0,SAMS CLUB,1492 S COTTAGE GROVE AVE,60624
516033,10,746.0,PORTILLOS,8687 N WESTERN AVE,60622
69377,22,718.0,PORTILLOS,311 S WABASH AVE,60604
557118,38,965.0,NEYBOUR'S TAVERN,8150 N WESTERN AVE,60608
812579,5,156.0,GIORDANOS,9679 W DEVON AVE,60611
211371,23,922.0,AUTOZONE,975 S WABASH AVE,60609
561380,8,393.0,PORTILLOS,4658 W IRVING PARK RD,60605
942586,50,688.0,MCDONALD'S,2065 N WESTERN AVE,60617
512986,6,417.0,BP GAS STATION,1863 N WESTERN AVE,60629
916263,34,850.0,LOU MALNATIS,5033 N CLARK ST,60605
92387,39,191.0,POTBELLY,295 S WABASH AVE,60604
287560,8,150.0,SHELL STATION,6809 W 43RD ST,60634
530826,1,648.0,SHELL STATION,991 W DEVON AVE,60613
119381,50,214.0,POTBELLY,8413 N SOUTHPORT AVE,60633
85592,45,824.0,SAMS CLUB,1086 W MADISON ST,60632
121463,30,717.0,MCDONALD'S,5067 W CHICAGO AVE,60623
141348,45,248.0,HONEYBEERS,5056 S HALSTED ST,60602
580156,29,241.0,WALGREENS,9865 W CHICAGO AVE,60630
543376,32,268.0,BUONA BEEF,3066 S WABASH AVE,60607
797810,5,609.0,TARGET,5576 S ARCHER AVE,60626
294677,38,592.0,STARBUCKS,7728 S WABASH AVE,60605
476402,3,461.0,REGGIE'S BAR & GRILL,6238 S WABASH AVE,60640
245800,12,864.0,ALDI,529 N SOUTHPORT AVE,60624
262074,18,927.0,SAMS CLUB,804 N MICHIGAN AVE,60603
971914,40,113.0,DOMINICKS,1417 N CLARK ST,60624
989111,18,429.0,AUTOZONE,1118 W IRVING PARK RD,60625
534128,42,844.0,JEWEL OSCO,5839 S WABASH AVE,60633
521788,18,376.0,CELINA DELI,3503 N CLARK ST,60609
969639,5,803.0,POTBELLY,583 N CLARK ST,60639
202807,34,974.0,TRADER JOES,5820 W CHICAGO AVE,60637
4349,11,884.0,BP GAS STATION,1321 W CHICAGO AVE,60614
430806,30,978.0,DOMINICKS,5855 S HALSTED ST,60602
362659,6,712.0,AUTOZONE,3893 S PULASKI RD,60614
367852,11,868.0,DOMINICKS,1067 S PULASKI RD,60611
693429,29,187.0,COSTCO,2859 S STATE ST,60629
412766,21,,MARIANO'S,3558 W DEVON AVE,60627
553599,8,267.0,SAMS CLUB,2822 S WABASH AVE,60639
676021,1,538.0,NEYBOUR'S TAVERN,5764 S STATE ST,60635
360365,35,185.0,MARIANO'S,8511 S HALSTED ST,60616
621320,33,935.0,ALDI,2924 N CICERO AVE,60622
148526,10,122.0,WALMART,4219 W 43RD ST,60610
892242,1,274.0,COSTCO,8540 S ARCHER AVE,60635
62829,40,735.0,TRADER JOES,9415 S WABASH AVE,60631
521013,6,768.0,WHOLE FOODS,5670 W MADISON ST,60609
171543,10,141.0,TARGET,7668 N SOUTHPORT AVE,60609
499227,49,475.0,WHOLE FOODS,3895 N MICHIGAN AVE,60611
897367,12,566.0,STARBUCKS,222 N CICERO AVE,60614
286169,49,332.0,DOMINICKS,5847 W CHICAGO AVE,60625
572035,32,540.0,SPEEDWAY,525 S STATE ST,60627
366244,29,871.0,TARGET,6873 S WABASH AVE,60609
167238,27,694.0,STARBUCKS,2060 W 43RD ST,60627
295080,13,890.0,LOU MALNATIS,111 N CLARK ST,60614
529504,41,961.0,NEYBOUR'S TAVERN,2116 N BROADWAY,60616
419157,36,282.0,TONY'S FINER FOODS,3221 W NORTH AVE,60620
926973,44,446.0,POTBELLY,1766 W CHICAGO AVE,60606
308605,49,199.0,STARBUCKS,7242 S ARCHER AVE,60638
114425,48,275.0,SAMS CLUB,6574 S ARCHER AVE,60603
853825,20,369.0,DOMINICKS,5929 S COTTAGE GROVE AVE,60613
15234,9,933.0,SPEEDWAY,5684 W MADISON ST,60637
863207,7,226.0,WALGREENS,8179 W NORTH AVE,60609
261067,43,913.0,SAMS CLUB,4367 N CICERO AVE,60640
257012,23,129.0,LOWES,8236 N CICERO AVE,60638
992776,29,430.0,TONY'S FINER FOODS,9646 S ARCHER AVE,60622
53924,18,779.0,WALMART,9072 W 63RD ST,60611
26651,38,424.0,WALGREENS,4972 S STATE ST,60620
33397,28,451.0,AUTOZONE,3570 N MICHIGAN AVE,60612
168744,39,871.0,REGGIE'S BAR & GRILL,6340 S HOUSTON AVE,60612
832285,37,941.0,SHELL STATION,3829 S HOUSTON AVE,60601
780488,17,705.0,CVS PHARMACY,4576 S PULASKI RD,60603
791391,13,291.0,ADVANCE AUTO,6174 W NORTH AVE,60610
935368,35,876.0,SUBWAY,1810 W NORTH AVE,60638
795006,11,376.0,PIZZA HUT,6611 S STATE ST,60612
794031,49,311.0,POTBELLY,3570 S PULASKI RD,60614
462038,21,156.0,TONY'S FINER FOODS,3600 S PULASKI RD,60626
586384,23,968.0,STARBUCKS,3750 S STATE ST,60620
36042,23,632.0,MCDONALD'S,7664 S COTTAGE GROVE AVE,60604
880806,11,311.0,SAMS CLUB,9352 N BROADWAY,60633
261295,30,170.0,NEYBOUR'S TAVERN,840 S PULASKI RD,60617
610626,29,272.0,BP GAS STATION,3715 S COTTAGE GROVE AVE,60611
380749,10,590.0,DUNKIN DONUTS,602 N MICHIGAN AVE,60617
548030,6,395.0,JEWEL OSCO,7769 N CICERO AVE,60632
47938,8,437.0,PIZZA HUT,4250 N SOUTHPORT AVE,60612
818116,16,387.0,LOU MALNATIS,6374 W CHICAGO AVE,60638
437834,49,202.0,NEYBOUR'S TAVERN,8244 W MADISON ST,60640
357905,34,834.0,NEYBOUR'S TAVERN,8952 N CLARK ST,60610
449543,25,841.0,TRADER JOES,2190 S PULASKI RD,60624
418242,43,426.0,COSTCO,6836 W DEVON AVE,60617
564005,27,883.0,LOU MALNATIS,1720 W DEVON AVE,60616
473694,13,174.0,BP GAS STATION,9230 W 63RD ST,60639
19542,16,303.0,STARBUCKS,9410 W 63RD ST,60626
749436,30,590.0,JEWEL OSCO,5670 S PULASKI RD,60602
66346,31,750.0,DUNKIN DONUTS,9678 W MADISON ST,60618
705530,14,373.0,DUNKIN DONUTS,6122 W NORTH AVE,60629
537499,9,355.0,POTBELLY,4326 S HALSTED ST,60604
564271,38,147.0,ADVANCE AUTO,881 S COTTAGE GROVE AVE,60625
662110,27,513.0,ALDI,6161 S HALSTED ST,60634
403735,4,958.0,COSTCO,7532 S WABASH AVE,60630
550399,34,485.0,JEWEL OSCO,4071 W 63RD ST,60608
984235,1,662.0,SUBWAY,8128 N CLARK ST,60638
155878,43,172.0,WHOLE FOODS,7852 W DEVON AVE,60636
661564,34,168.0,DOMINICKS,3918 N SOUTHPORT AVE,60637
92530,46,223.0,TONY'S FINER FOODS,442 S HALSTED ST,60617
549157,3,577.0,SHELL STATION,5575 N BROADWAY,60611
842068,3,381.0,LOWES,606 W NORTH AVE,60603
616990,6,645.0,PORTILLOS,6619 W NORTH AVE,60602
247453,14,716.0,SEVEN ELEVEN,8809 S WABASH AVE,60631
152783,15,573.0,CVS PHARMACY,8585 S ARCHER AVE,60601
889145,20,988.0,WALMART,2043 S PULASKI RD,60637
513168,27,583.0,KRAFT FOODS,4919 W IRVING PARK RD,60631
419923,1,666.0,MCDONALD'S,6043 S WABASH AVE,60618
441825,3,350.0,HONEYBEERS,4255 N SOUTHPORT AVE,60631
654991,26,691.0,PORTILLOS,8525 N WESTERN AVE,60625
919463,49,225.0,PORTILLOS,5839 S HOUSTON AVE,60632
786288,11,965.0,ADVANCE AUTO,6395 N CLARK ST,60626
323505,47,428.0,TARGET,5222 W MADISON ST,60640
360327,49,329.0,ALDI,4367 S HALSTED ST,60608
868607,49,931.0,PORTILLOS,9130 N SOUTHPORT AVE,60615
246448,1,176.0,LOWES,1522 N BROADWAY,60630
816530,24,206.0,MARIANO'S,853 N SOUTHPORT AVE,60628
951539,44,402.0,NEYBOUR'S TAVERN,5539 W 43RD ST,60638
157793,9,135.0,TRADER JOES,3196 W CHICAGO AVE,60603
272454,24,621.0,MARIANO'S,5270 S PULASKI RD,60621
298267,38,227.0,WALGREENS,7555 W NORTH AVE,60618
867775,25,876.0,TRADER JOES,9508 N BROADWAY,60605
119194,15,659.0,BUONA BEEF,2009 W 43RD ST,60607
97670,48,963.0,DOMINICKS,2478 W 43RD ST,60607
170261,47,217.0,MARIANO'S,4639 S HOUSTON AVE,60605
37421,44,567.0,HONEYBEERS,2477 S ARCHER AVE,60620
299483,27,260.0,SAMS CLUB,1690 N WESTERN AVE,60606
996327,44,118.0,LOU MALNATIS,3707 N CLARK ST,60628
866546,10,652.0,COSTCO,2618 N BROADWAY,60631
691763,25,893.0,WALGREENS,2881 N CLARK ST,60640
557428,32,,REGGIE'S BAR & GRILL,9918 S STATE ST,60639
911823,10,664.0,CELINA DELI,8346 S WABASH AVE,60603
43233,20,336.0,SHELL STATION,9558 N MICHIGAN AVE,60624
243131,19,612.0,CVS PHARMACY,9859 S ARCHER AVE,60626
868077,27,982.0,PIZZA HUT,4546 S STATE ST,60622
152054,36,441.0,ADVANCE AUTO,5112 W NORTH AVE,60620
347017,32,253.0,STARBUCKS,8322 W 43RD ST,60604
182809,33,337.0,ADVANCE AUTO,814 N CLARK ST,60632
488164,21,510.0,CVS PHARMACY,5157 W 43RD ST,60628
902260,5,246.0,TRADER JOES,3550 W IRVING PARK RD,60618
133879,43,929.0,MCDONALD'S,2036 W IRVING PARK RD,60628
479624,13,816.0,CELINA DELI,9196 N SOUTHPORT AVE,60635
392157,6,167.0,MARIANO'S,727 W 43RD ST,60631
705683,8,684.0,SHELL STATION,6013 N CLARK ST,60637
911489,36,755.0,ALDI,9254 N BROADWAY,60610
796454,48,667.0,GIORDANOS,2409 W IRVING PARK RD,60624
644134,25,456.0,TONY'S FINER FOODS,8173 S STATE ST,60631
374182,10,267.0,WHOLE FOODS,8459 N WESTERN AVE,60611
597548,38,156.0,LOU MALNATIS,1777 W 43RD ST,60627
43163,4,784.0,DOMINICKS,700 S WABASH AVE,60615
497269,19,322.0,PORTILLOS,6963 S STATE ST,60618
538674,2,441.0,MARIANO'S,8354 S WABASH AVE,60601
225517,49,822.0,TRADER JOES,7037 N CLARK ST,60617
388282,30,581.0,PORTILLOS,9158 S HALSTED ST,60607
659102,12,613.0,WALGREENS,8007 W CHICAGO AVE,60624
395361,7,743.0,BUONA BEEF,204 N CICERO AVE,60638
884847,17,390.0,GIORDANOS,5708 S COTTAGE GROVE AVE,60635
681847,27,828.0,DUNKIN DONUTS,3932 N MICHIGAN AVE,60615
703858,25,477.0,AUTOZONE,231 W DEVON AVE,60618
857106,44,314.0,COSTCO,8677 W IRVING PARK RD,60628
897827,15,358.0,AUTOZONE,4269 W CHICAGO AVE,60638
911407,28,110.0,BP GAS STATION,1755 S PULASKI RD,60629
63600,45,384.0,MARIANO'S,9251 S COTTAGE GROVE AVE,60638
878146,36,864.0,SEVEN ELEVEN,6467 S ARCHER AVE,60631
341445,28,291.0,STARBUCKS,4318 W NORTH AVE,60634
494911,49,664.0,COSTCO,6841 W 63RD ST,60622
953067,1,128.0,MCDONALD'S,3958 S WABASH AVE,60639
843110,49,543.0,TARGET,7393 S PULASKI RD,60605
977654,7,849.0,JEWEL OSCO,7389 W DEVON AVE,60637
44776,7,278.0,PORTILLOS,9481 N MICHIGAN AVE,60633
420759,30,403.0,TARGET,6440 N SOUTHPORT AVE,60610
897499,37,436.0,JEWEL OSCO,2985 S WABASH AVE,60636
932473,49,731.0,ALDI,9420 N CICERO AVE,60616
274880,27,166.0,SEVEN ELEVEN,3441 W MADISON ST,60637
481861,10,868.0,GIORDANOS,2822 N CLARK ST,60619
514218,15,633.0,TONY'S FINER FOODS,4865 N SOUTHPORT AVE,60628
692149,6,181.0,BUONA BEEF,1859 W IRVING PARK RD,60629
722703,30,706.0,TRADER JOES,164 W MADISON ST,60635
739184,12,877.0,SUBWAY,4538 W 63RD ST,60604
533988,35,911.0,AUTOZONE,7813 W MADISON ST,60634
440556,46,140.0,TRADER JOES,3285 N MICHIGAN AVE,60617
139770,25,836.0,LOU MALNATIS,7423 W NORTH AVE,60613
489414,46,633.0,CELINA DELI,6074 N SOUTHPORT AVE,60636
928454,20,508.0,AUTOZONE,571 S PULASKI RD,60602
48332,22,103.0,WALMART,2729 N MICHIGAN AVE,60637
433600,5,505.0,WALMART,1466 W NORTH AVE,60626
725193,37,587.0,SPEEDWAY,8839 S COTTAGE GROVE AVE,60604
570187,30,992.0,TARGET,9587 S PULASKI RD,60635
355776,7,722.0,CELINA DELI,1409 N CLARK ST,60613
984264,13,983.0,TONY'S FINER FOODS,2664 N SOUTHPORT AVE,60620
431022,42,816.0,SUBWAY,1244 W CHICAGO AVE,60610
109786,6,440.0,CELINA DELI,391 N WESTERN AVE,60610
850812,24,185.0,CELINA DELI,7959 W 63RD ST,60609
798859,31,526.0,HONEYBEERS,1859 S ARCHER AVE,60630
66566,16,826.0,WALMART,9632 W 63RD ST,60626
838656,20,925.0,SUBWAY,554 S COTTAGE GROVE AVE,60634
116602,42,134.0,TONY'S FINER FOODS,6014 S HALSTED ST,60625
666195,19,199.0,PIZZA HUT,5461 S HOUSTON AVE,60626
528023,47,645.0,TRADER JOES,4328 W 43RD ST,60632
715475,26,726.0,HOME DEPOT,2409 W NORTH AVE,60640
633959,44,849.0,ALDI,7746 N CICERO AVE,60620
229545,23,338.0,HOME DEPOT,6505 N MICHIGAN AVE,60635
571039,1,526.0,AUTOZONE,9547 W CHICAGO AVE,60633
972393,42,655.0,WALGREENS,9396 W CHICAGO AVE,60633
802236,17,657.0,AUTOZONE,9384 W 43RD ST,60629
589246,10,221.0,WALMART,2698 W MADISON ST,60616
893355,30,341.0,JEWEL OSCO,9140 S HOUSTON AVE,60617
34252,27,730.0,HOME DEPOT,5959 W IRVING PARK RD,60616
345748,42,653.0,CVS PHARMACY,4828 S HALSTED ST,60620
188655,14,442.0,TARGET,4666 S STATE ST,60611
843074,7,609.0,BP GAS STATION,9975 W 63RD ST,60603
845415,9,113.0,TRADER JOES,8144 W NORTH AVE,60610
289017,39,363.0,TARGET,2301 W MADISON ST,60635
836760,5,576.0,BUONA BEEF,3333 W MADISON ST,60616
4475,13,556.0,HONEYBEERS,5904 N MICHIGAN AVE,60637
468518,3,623.0,TRADER JOES,4161 S HOUSTON AVE,60609
143778,8,551.0,MCDONALD'S,9752 W CHICAGO AVE,60608
543032,35,923.0,CVS PHARMACY,8406 S WABASH AVE,60621
250754,14,422.0,ALDI,3061 N CICERO AVE,60625
607665,42,320.0,ALDI,996 S COTTAGE GROVE AVE,60617
159216,27,549.0,ADVANCE AUTO,3490 W DEVON AVE,60602
612998,43,155.0,SEVEN ELEVEN,362 W DEVON AVE,60605
416674,33,346.0,REGGIE'S BAR & GRILL,8632 N BROADWAY,60620
475094,26,846.0,LOWES,5251 S ARCHER AVE,60629
804911,18,243.0,MARIANO'S,2260 N SOUTHPORT AVE,60620
337189,5,347.0,SHELL STATION,2775 W DEVON AVE,60631
972665,22,731.0,NEYBOUR'S TAVERN,4227 S HOUSTON AVE,60623
299452,41,856.0,SEVEN ELEVEN,5274 W NORTH AVE,60612
923962,4,296.0,DUNKIN DONUTS,2545 W NORTH AVE,60601
917075,35,698.0,LOWES,5884 S COTTAGE GROVE AVE,60607
573313,38,376.0,BUONA BEEF,2675 W NORTH AVE,60625
983076,6,743.0,AUTOZONE,8714 S WABASH AVE,60635
18311,43,559.0,WHOLE FOODS,5827 N BROADWAY,60626
747315,42,222.0,TRADER JOES,5419 N CICERO AVE,60624
222653,9,415.0,SEVEN ELEVEN,281 N BROADWAY,60612
415458,22,667.0,SUBWAY,345 N CLARK ST,60621
819268,14,307.0,STARBUCKS,334 N CLARK ST,60623
158609,39,234.0,JEWEL OSCO,7286 N WESTERN AVE,60614
820601,5,225.0,KRAFT FOODS,3854 S ARCHER AVE,60636
179329,27,439.0,WHOLE FOODS,4143 N SOUTHPORT AVE,60603
580089,35,806.0,ALDI,6255 S WABASH AVE,60608
836380,23,991.0,PORTILLOS,4488 N BROADWAY,60636
935975,31,654.0,SEVEN ELEVEN,8740 W NORTH AVE,60639
989867,7,131.0,ALDI,3655 S PULASKI RD,60602
291013,24,309.0,NEYBOUR'S TAVERN,5909 S COTTAGE GROVE AVE,60610
45435,33,224.0,SEVEN ELEVEN,5342 W DEVON AVE,60615
943403,10,441.0,CVS PHARMACY,5116 W NORTH AVE,60638
635649,34,949.0,STARBUCKS,9428 S HALSTED ST,60627
141108,46,252.0,WALMART,7037 S STATE ST,60607
127462,27,269.0,AUTOZONE,7384 W 43RD ST,60639
492414,33,329.0,BUONA BEEF,1336 S PULASKI RD,60614
635005,21,558.0,PIZZA HUT,2543 W MADISON ST,60608
170808,48,878.0,MARIANO'S,7020 N CLARK ST,60615
757942,18,814.0,TRADER JOES,5340 W 43RD ST,60612
827990,23,830.0,WALMART,9116 S STATE ST,60640
375287,47,151.0,PIZZA HUT,3943 W CHICAGO AVE,60606
856872,27,520.0,TRADER JOES,3068 W 63RD ST,60630
801813,22,629.0,DUNKIN DONUTS,4251 N SOUTHPORT AVE,60635
70820,38,367.0,GIORDANOS,6216 N BROADWAY,60617
35973,18,138.0,LOWES,8815 N BROADWAY,60637
460866,2,615.0,HOME DEPOT,8506 N WESTERN AVE,60615
144150,6,132.0,SPEEDWAY,3854 S STATE ST,60623
560656,22,769.0,PIZZA HUT,1651 S HOUSTON AVE,60621
149361,23,673.0,TRADER JOES,4365 W 63RD ST,60615
792187,44,784.0,SPEEDWAY,449 S HALSTED ST,60620
661704,30,356.0,REGGIE'S BAR & GRILL,332 W 63RD ST,60632
125062,19,748.0,SHELL STATION,7228 W DEVON AVE,60622
702175,7,166.0,PIZZA HUT,5053 W IRVING PARK RD,60620
259790,21,578.0,PIZZA HUT,4941 S HALSTED ST,60625
659683,21,983.0,MCDONALD'S,4499 W NORTH AVE,60601
537416,10,137.0,TRADER JOES,2087 S STATE ST,60635
34396,13,370.0,KRAFT FOODS,1548 W NORTH AVE,60638
771266,18,447.0,CELINA DELI,6391 S HALSTED ST,60603
175864,50,116.0,LOWES,9897 S STATE ST,60639
621055,9,740.0,HONEYBEERS,8991 W DEVON AVE,60622
619820,42,407.0,AUTOZONE,2234 S WABASH AVE,60632
870321,6,393.0,GIORDANOS,9690 N CLARK ST,60633
408449,10,159.0,WALMART,7158 W 63RD ST,60629
901422,11,340.0,JEWEL OSCO,4719 S WABASH AVE,60631
402796,28,355.0,HONEYBEERS,8352 W IRVING PARK RD,60617
319362,1,126.0,CVS PHARMACY,1869 N MICHIGAN AVE,60618
334970,1,337.0,HOME DEPOT,9138 N BROADWAY,60633
78678,2,408.0,MCDONALD'S,4993 N BROADWAY,60617
489482,46,267.0,TRADER JOES,5661 W NORTH AVE,60605
815116,25,835.0,PORTILLOS,2217 W CHICAGO AVE,60608
356400,31,518.0,WALMART,2575 S ARCHER AVE,60606
253838,27,656.0,DOMINICKS,9493 S STATE ST,60612
334206,18,738.0,DOMINICKS,5193 S STATE ST,60608
781942,36,123.0,BUONA BEEF,4097 W CHICAGO AVE,60605
310680,13,679.0,WALMART,7829 S COTTAGE GROVE AVE,60627
245748,2,554.0,TRADER JOES,8452 S HALSTED ST,60605
645302,47,195.0,WALGREENS,521 S WABASH AVE,60602
756074,44,631.0,SPEEDWAY,2595 N CLARK ST,60639
885432,12,886.0,COSTCO,4803 W MADISON ST,60618
782229,22,778.0,SEVEN ELEVEN,7064 N WESTERN AVE,60612
906059,1,603.0,DUNKIN DONUTS,3028 S ARCHER AVE,60616
282368,16,537.0,KRAFT FOODS,960 W 63RD ST,60623
289771,25,239.0,TRADER JOES,6444 N CLARK ST,60627
655699,2,218.0,PIZZA HUT,1677 W NORTH AVE,60604
262662,31,991.0,AUTOZONE,937 N BROADWAY,60601
350436,25,786.0,KRAFT FOODS,4392 N WESTERN AVE,60623
510695,44,836.0,PORTILLOS,2831 S PULASKI RD,60622
792341,20,441.0,DUNKIN DONUTS,6993 S STATE ST,60627
166010,2,616.0,STARBUCKS,3705 S WABASH AVE,60604
761748,29,697.0,POTBELLY,763 N CICERO AVE,60622
190237,12,228.0,HOME DEPOT,3933 S WABASH AVE,60606
962870,42,954.0,KRAFT FOODS,4697 S PULASKI RD,60638
918061,9,885.0,KRAFT FOODS,6650 W 63RD ST,60617
948588,20,489.0,PIZZA HUT,7634 S PULASKI RD,60605
250638,9,734.0,SHELL STATION,7749 W DEVON AVE,60634
249266,10,922.0,LOWES,2708 N CLARK ST,60622
835433,44,363.0,POTBELLY,189 W CHICAGO AVE,60624
749707,50,891.0,WHOLE FOODS,3019 N BROADWAY,60626
243004,20,423.0,TARGET,2774 W NORTH AVE,60627
975242,7,962.0,DUNKIN DONUTS,598 W 43RD ST,60621
251890,12,651.0,MCDONALD'S,7710 S PULASKI RD,60619
748386,37,869.0,BP GAS STATION,5786 S WABASH AVE,60617
490889,17,929.0,JEWEL OSCO,1926 S HALSTED ST,60618
511852,19,420.0,SPEEDWAY,3383 N SOUTHPORT AVE,60604
472400,9,883.0,JEWEL OSCO,6643 S ARCHER AVE,60622
104266,23,202.0,PORTILLOS,4694 W DEVON AVE,60626
918229,37,304.0,WHOLE FOODS,8712 S HALSTED ST,60608
932826,33,187.0,PORTILLOS,8650 N SOUTHPORT AVE,60631
643738,8,892.0,GIORDANOS,8652 S WABASH AVE,60627
163653,37,424.0,AUTOZONE,9013 N MICHIGAN AVE,60639
494387,38,565.0,HOME DEPOT,5453 N SOUTHPORT AVE,60623
691216,18,481.0,LOWES,8611 N BROADWAY,60610
831285,28,674.0,SEVEN ELEVEN,4757 S WABASH AVE,60630
155598,20,833.0,DUNKIN DONUTS,8940 S PULASKI RD,60634
584386,40,949.0,MCDONALD'S,1544 W 63RD ST,60618
798507,7,554.0,TONY'S FINER FOODS,8473 W MADISON ST,60602
227118,23,658.0,COSTCO,4450 N BROADWAY,60601
995595,38,441.0,LOU MALNATIS,3341 N CICERO AVE,60623
497901,32,822.0,BUONA BEEF,4591 N MICHIGAN AVE,60637
31173,23,620.0,STARBUCKS,983 N BROADWAY,60633
594057,31,304.0,BP GAS STATION,9366 N CICERO AVE,60621
410429,40,857.0,NEYBOUR'S TAVERN,6962 W IRVING PARK RD,60618
336287,16,236.0,DOMINICKS,2983 S ARCHER AVE,60633
8727,36,168.0,STARBUCKS,5235 S HOUSTON AVE,60638
296538,44,520.0,PORTILLOS,5740 W DEVON AVE,60638
47068,8,555.0,CELINA DELI,3298 W CHICAGO AVE,60640
950145,33,550.0,ADVANCE AUTO,6512 W DEVON AVE,60605
828063,3,245.0,PIZZA HUT,3733 N CICERO AVE,60618
417261,16,859.0,POTBELLY,9203 N BROADWAY,60620
856750,23,720.0,WALGREENS,7834 W 63RD ST,60635
975250,15,404.0,PORTILLOS,8417 S HALSTED ST,60636
283450,49,687.0,COSTCO,6044 W MADISON ST,60605
544984,36,659.0,MCDONALD'S,563 N CICERO AVE,60628
23908,31,269.0,SHELL STATION,489 S HOUSTON AVE,60611
103612,36,550.0,SAMS CLUB,8062 W 43RD ST,60619
165607,9,956.0,REGGIE'S BAR & GRILL,3875 W 63RD ST,60627
801691,35,388.0,WHOLE FOODS,3061 W DEVON AVE,60613
992756,20,435.0,HONEYBEERS,6499 S WABASH AVE,60607
348120,17,673.0,DUNKIN DONUTS,9201 W NORTH AVE,60602
482685,35,791.0,CVS PHARMACY,4077 W 63RD ST,60625
654955,7,139.0,MCDONALD'S,963 N SOUTHPORT AVE,60632
302343,28,795.0,TARGET,8658 N CLARK ST,60618
618622,46,824.0,SUBWAY,8678 S WABASH AVE,60623
63142,11,659.0,WALGREENS,8452 S HALSTED ST,60601
192463,18,578.0,AUTOZONE,694 W 63RD ST,60629
825841,31,130.0,LOU MALNATIS,3859 S COTTAGE GROVE AVE,60608
562316,7,365.0,NEYBOUR'S TAVERN,6028 S HOUSTON AVE,60605
557459,45,216.0,REGGIE'S BAR & GRILL,9374 W 63RD ST,60623
676025,22,247.0,BUONA BEEF,1625 W NORTH AVE,60610
508405,22,405.0,COSTCO,1029 W NORTH AVE,60625
666964,5,849.0,JEWEL OSCO,1938 S WABASH AVE,60623
594973,30,244.0,PIZZA HUT,7527 S COTTAGE GROVE AVE,60616
475021,32,234.0,LOU MALNATIS,2499 S ARCHER AVE,60621
39348,33,720.0,DUNKIN DONUTS,3666 S WABASH AVE,60627
964630,23,651.0,WHOLE FOODS,8534 S ARCHER AVE,60631
687926,20,649.0,SAMS CLUB,7361 S WABASH AVE,60627
818654,22,206.0,TARGET,235 S ARCHER AVE,60628
332649,42,586.0,MCDONALD'S,4356 W 63RD ST,60603
44212,27,512.0,JEWEL OSCO,7940 N MICHIGAN AVE,60606
654092,5,539.0,COSTCO,8297 S HOUSTON AVE,60615
861397,32,728.0,WALMART,9328 W IRVING PARK RD,60613
356512,42,269.0,TARGET,7896 W 43RD ST,60621
850065,7,837.0,TRADER JOES,6096 W MADISON ST,60639
358126,15,149.0,BP GAS STATION,6236 S PULASKI RD,60628
697413,42,926.0,HONEYBEERS,3816 S COTTAGE GROVE AVE,60602
381386,11,986.0,WALGREENS,3837 S PULASKI RD,60608
354120,8,206.0,SPEEDWAY,4478 N WESTERN AVE,60630
242246,17,524.0,TONY'S FINER FOODS,6186 W NORTH AVE,60618
41157,10,396.0,SEVEN ELEVEN,8364 S HOUSTON AVE,60624
54030,17,630.0,HONEYBEERS,4131 W IRVING PARK RD,60639
473365,34,634.0,STARBUCKS,9507 W 63RD ST,60604
537159,36,114.0,SPEEDWAY,4319 W 43RD ST,60609
335906,13,799.0,CVS PHARMACY,7097 N WESTERN AVE,60609
699011,35,518.0,REGGIE'S BAR & GRILL,8446 W MADISON ST,60613
868597,22,476.0,STARBUCKS,3512 S COTTAGE GROVE AVE,60630
444332,18,988.0,STARBUCKS,3525 W CHICAGO AVE,60602
16257,1,485.0,HONEYBEERS,4007 S HALSTED ST,60614
93822,39,715.0,LOU MALNATIS,1393 S PULASKI RD,60601
134578,3,201.0,TONY'S FINER FOODS,7687 W 63RD ST,60607
953156,6,679.0,BP GAS STATION,4960 N BROADWAY,60601
846376,20,465.0,CVS PHARMACY,6693 W MADISON ST,60603
870380,33,720.0,MARIANO'S,4017 W DEVON AVE,60627
506951,13,468.0,JEWEL OSCO,6962 W 63RD ST,60602
761169,45,209.0,HOME DEPOT,8948 S ARCHER AVE,60616
349235,18,397.0,SEVEN ELEVEN,408 W 63RD ST,60607
256623,26,160.0,TARGET,1998 W NORTH AVE,60609
726158,23,345.0,WHOLE FOODS,5168 N WESTERN AVE,60601
143944,23,746.0,PIZZA HUT,2768 W CHICAGO AVE,60632
902693,27,720.0,DOMINICKS,4264 N CICERO AVE,60615
403762,9,626.0,WHOLE FOODS,3013 S PULASKI RD,60634
102258,27,888.0,BUONA BEEF,2683 N BROADWAY,60623
956101,8,439.0,CVS PHARMACY,260 W DEVON AVE,60628
880387,25,691.0,CVS PHARMACY,2422 W CHICAGO AVE,60604
703817,25,267.0,PORTILLOS,6005 S COTTAGE GROVE AVE,60640
441657,21,687.0,ADVANCE AUTO,6538 W NORTH AVE,60621
721176,42,398.0,WHOLE FOODS,8513 W IRVING PARK RD,60640
158103,26,131.0,SUBWAY,2456 N CICERO AVE,60640
847445,23,844.0,WHOLE FOODS,5593 W CHICAGO AVE,60605
448758,7,532.0,BP GAS STATION,1927 W MADISON ST,60601
198782,11,296.0,AUTOZONE,8387 N MICHIGAN AVE,60627
959500,24,841.0,NEYBOUR'S TAVERN,4404 S HOUSTON AVE,60609
720423,22,985.0,MCDONALD'S,5281 W 43RD ST,60629
180167,33,627.0,TONY'S FINER FOODS,4152 S STATE ST,60624
611306,14,112.0,MARIANO'S,5651 S COTTAGE GROVE AVE,60617
356776,10,702.0,TRADER JOES,2448 S HALSTED ST,60610
881761,42,636.0,LOU MALNATIS,5056 S WABASH AVE,60612
984501,33,737.0,SHELL STATION,5103 N SOUTHPORT AVE,60607
220449,37,679.0,MARIANO'S,8641 N MICHIGAN AVE,60615
663578,3,454.0,KRAFT FOODS,3336 S STATE ST,60609
489088,10,641.0,CVS PHARMACY,122 N WESTERN AVE,60619
951413,38,712.0,SAMS CLUB,2067 W NORTH AVE,60608
538605,25,605.0,POTBELLY,6103 N BROADWAY,60633
288507,13,345.0,SHELL STATION,8333 S STATE ST,60605
341753,20,525.0,STARBUCKS,9540 W DEVON AVE,60626
278640,28,874.0,STARBUCKS,4549 S ARCHER AVE,60611
40678,10,806.0,HOME DEPOT,9786 N MICHIGAN AVE,60611
276170,28,252.0,WALMART,7189 W 63RD ST,60628
514815,45,196.0,MARIANO'S,5930 S ARCHER AVE,60616
924727,11,688.0,HONEYBEERS,4329 W 63RD ST,60626
205470,33,875.0,REGGIE'S BAR & GRILL,322 S STATE ST,60614
849701,46,238.0,MARIANO'S,3390 S HALSTED ST,60621
426239,13,820.0,WHOLE FOODS,233 S STATE ST,60637
293139,22,869.0,COSTCO,2867 W NORTH AVE,60616
278034,35,123.0,HOME DEPOT,9810 N CLARK ST,60604
579445,23,813.0,POTBELLY,6460 N BROADWAY,60631
363871,44,400.0,DOMINICKS,1974 S STATE ST,60620
424249,1,810.0,SAMS CLUB,1505 S COTTAGE GROVE AVE,60637
702659,31,385.0,JEWEL OSCO,3620 S STATE ST,60601
468388,31,478.0,SPEEDWAY,3428 S PULASKI RD,60604
821165,42,934.0,SAMS CLUB,7521 N WESTERN AVE,60609
476758,17,536.0,BP GAS STATION,2420 N MICHIGAN AVE,60610
154848,25,738.0,AUTOZONE,7701 W MADISON ST,60610
236277,19,564.0,HOME DEPOT,3356 N SOUTHPORT AVE,60628
296795,2,470.0,WALMART,1293 N SOUTHPORT AVE,60626
743002,5,788.0,WALGREENS,7354 S STATE ST,60607
3686,36,270.0,WHOLE FOODS,8534 S STATE ST,60617
388672,6,395.0,SEVEN ELEVEN,3313 N MICHIGAN AVE,60631
417403,32,656.0,JEWEL OSCO,6407 W 63RD ST,60607
504966,47,764.0,SUBWAY,3124 N MICHIGAN AVE,60613
905983,37,890.0,WALMART,7001 N CLARK ST,60624
517121,32,976.0,STARBUCKS,3888 S HALSTED ST,60626
276506,12,298.0,LOWES,615 S COTTAGE GROVE AVE,60630
352192,38,627.0,TRADER JOES,636 N CICERO AVE,60602
856838,2,161.0,SAMS CLUB,9210 N SOUTHPORT AVE,60603
824362,1,657.0,JEWEL OSCO,5761 N CLARK ST,60619
551000,50,180.0,PIZZA HUT,2000 S STATE ST,60637
337958,43,707.0,DUNKIN DONUTS,4788 W IRVING PARK RD,60639
361137,46,450.0,SPEEDWAY,5955 W 43RD ST,60606
388156,10,855.0,MARIANO'S,2471 N CLARK ST,60602
99401,40,312.0,HONEYBEERS,2008 S STATE ST,60619
592168,8,492.0,WALGREENS,7562 W 43RD ST,60629
92753,43,215.0,TONY'S FINER FOODS,406 N MICHIGAN AVE,60628
596754,48,553.0,DOMINICKS,7574 S HALSTED ST,60637
189382,38,379.0,BUONA BEEF,9990 W IRVING PARK RD,60632
665293,4,556.0,TONY'S FINER FOODS,3203 N CLARK ST,60614
359781,12,209.0,CVS PHARMACY,2786 S COTTAGE GROVE AVE,60604
477883,50,229.0,PIZZA HUT,8682 W 43RD ST,60621
688986,6,681.0,SHELL STATION,2915 W 63RD ST,60605
5043,14,267.0,GIORDANOS,4283 W MADISON ST,60623
415143,50,511.0,MARIANO'S,4285 N WESTERN AVE,60628
733559,17,935.0,BUONA BEEF,2762 S HOUSTON AVE,60625
818178,6,481.0,STARBUCKS,9186 N CLARK ST,60622
179647,40,115.0,SAMS CLUB,4613 W DEVON AVE,60601
454318,31,984.0,CELINA DELI,7581 N CICERO AVE,60620
328126,8,550.0,PIZZA HUT,4225 W 43RD ST,60625
480463,42,222.0,GIORDANOS,9577 N BROADWAY,60608
821314,43,957.0,NEYBOUR'S TAVERN,5711 S PULASKI RD,60617
706774,3,656.0,LOWES,3328 N WESTERN AVE,60637
965692,29,438.0,TONY'S FINER FOODS,9184 S COTTAGE GROVE AVE,60612
654767,8,217.0,BP GAS STATION,9739 W 63RD ST,60615
532377,19,360.0,POTBELLY,7463 N MICHIGAN AVE,60635
826418,46,109.0,BP GAS STATION,8411 W CHICAGO AVE,60640
648401,16,540.0,SEVEN ELEVEN,506 S HALSTED ST,60630
705685,28,517.0,CELINA DELI,8961 S STATE ST,60601
254379,5,362.0,SAMS CLUB,1295 W CHICAGO AVE,60612
434755,1,582.0,CELINA DELI,6537 S PULASKI RD,60634
260993,6,352.0,SPEEDWAY,6033 W 43RD ST,60631
566388,9,820.0,ALDI,469 W 63RD ST,60605
478888,46,168.0,ALDI,4937 N MICHIGAN AVE,60630
855929,44,625.0,HONEYBEERS,9128 S HALSTED ST,60611
352271,2,992.0,REGGIE'S BAR & GRILL,6735 N BROADWAY,60624
738949,27,735.0,HOME DEPOT,9673 N MICHIGAN AVE,60636
277324,2,219.0,LOU MALNATIS,4024 S WABASH AVE,60610
103179,12,804.0,SPEEDWAY,8912 W 63RD ST,60638
792370,16,943.0,SEVEN ELEVEN,9551 N BROADWAY,60612
860321,30,826.0,GIORDANOS,2175 S COTTAGE GROVE AVE,60630
729600,21,794.0,DUNKIN DONUTS,1155 W NORTH AVE,60613
60231,21,920.0,CVS PHARMACY,6825 S PULASKI RD,60626
963225,18,300.0,COSTCO,5877 N CLARK ST,60614
516928,26,652.0,BUONA BEEF,302 S STATE ST,60634
891431,50,325.0,ALDI,8062 S PULASKI RD,60638
8995,36,820.0,COSTCO,463 S ARCHER AVE,60630
657385,20,715.0,AUTOZONE,5761 N CLARK ST,60617
137633,19,812.0,PORTILLOS,4335 W CHICAGO AVE,60623
352910,21,499.0,HONEYBEERS,8257 N CLARK ST,60625
909641,46,994.0,WALMART,2906 W CHICAGO AVE,60608
724845,6,292.0,DOMINICKS,2080 W 63RD ST,60636
730322,23,373.0,SPEEDWAY,459 W MADISON ST,60626
928871,50,945.0,AUTOZONE,5674 W 63RD ST,60640
258525,41,128.0,TONY'S FINER FOODS,3132 W 63RD ST,60636
701997,6,103.0,BUONA BEEF,8536 W MADISON ST,60605
105106,27,791.0,ADVANCE AUTO,772 W IRVING PARK RD,60633
45546,30,260.0,SPEEDWAY,8808 W CHICAGO AVE,60623
377047,39,221.0,STARBUCKS,9822 W 43RD ST,60634
706579,33,429.0,DUNKIN DONUTS,3613 W IRVING PARK RD,60619
159007,15,649.0,GIORDANOS,457 S HALSTED ST,60624
235040,39,457.0,TRADER JOES,5767 W MADISON ST,60617
396674,49,964.0,ALDI,7763 S HALSTED ST,60624
6515,23,252.0,HONEYBEERS,4002 N SOUTHPORT AVE,60605
443313,41,131.0,NEYBOUR'S TAVERN,8683 N BROADWAY,60620
312230,6,262.0,MCDONALD'S,7351 W IRVING PARK RD,60631
419095,13,969.0,SPEEDWAY,6805 W IRVING PARK RD,60635
491102,8,540.0,CVS PHARMACY,4403 W 63RD ST,60632
858086,37,913.0,SUBWAY,5682 S COTTAGE GROVE AVE,60603
465305,2,271.0,TARGET,3019 S ARCHER AVE,60634
544593,45,471.0,SUBWAY,1719 W MADISON ST,60620
856329,37,788.0,CVS PHARMACY,5051 W 63RD ST,60614
39272,48,278.0,TRADER JOES,4804 S COTTAGE GROVE AVE,60632
520340,4,998.0,POTBELLY,2112 N WESTERN AVE,60636
966195,49,908.0,SPEEDWAY,896 N CICERO AVE,60628
377762,23,278.0,DOMINICKS,6394 N CICERO AVE,60605
203035,34,302.0,WHOLE FOODS,5588 S STATE ST,60608
608835,28,934.0,DUNKIN DONUTS,1162 S ARCHER AVE,60637
259549,49,386.0,MCDONALD'S,5564 W DEVON AVE,60631
922126,29,371.0,TARGET,6116 S PULASKI RD,60638
786056,2,377.0,PORTILLOS,3314 N BROADWAY,60624
563025,49,127.0,SAMS CLUB,2020 N CICERO AVE,60627
776501,17,644.0,BP GAS STATION,5461 W 63RD ST,60611
146175,19,945.0,DOMINICKS,7342 N CLARK ST,60601
72429,28,270.0,LOWES,6712 N CLARK ST,60621
313043,22,126.0,SEVEN ELEVEN,9973 N MICHIGAN AVE,60629
169830,10,207.0,GIORDANOS,7474 W NORTH AVE,60636
811518,37,512.0,PORTILLOS,6631 W IRVING PARK RD,60623
703987,2,224.0,SEVEN ELEVEN,5044 W DEVON AVE,60618
635230,13,845.0,POTBELLY,2741 W IRVING PARK RD,60602
646473,43,790.0,SEVEN ELEVEN,9867 W CHICAGO AVE,60609
335923,3,110.0,TONY'S FINER FOODS,1997 S COTTAGE GROVE AVE,60614
238358,41,142.0,GIORDANOS,3640 S HOUSTON AVE,60625
990016,48,855.0,TONY'S FINER FOODS,5143 N WESTERN AVE,60601
345715,17,795.0,STARBUCKS,2209 S COTTAGE GROVE AVE,60629
994957,28,869.0,WALMART,697 S WABASH AVE,60623
942461,13,239.0,TRADER JOES,1530 W CHICAGO AVE,60640
679625,14,174.0,SHELL STATION,2275 W 63RD ST,60619
337116,1,710.0,HONEYBEERS,6461 N MICHIGAN AVE,60616
111911,8,666.0,WHOLE FOODS,1167 W IRVING PARK RD,60639
917967,38,805.0,BP GAS STATION,3426 S ARCHER AVE,60605
436135,41,463.0,REGGIE'S BAR & GRILL,6252 S HOUSTON AVE,60622
94630,1,791.0,JEWEL OSCO,6921 S HOUSTON AVE,60608
654311,24,687.0,SPEEDWAY,4443 W CHICAGO AVE,60608
108627,1,405.0,DOMINICKS,9166 W DEVON AVE,60617
518588,5,914.0,ADVANCE AUTO,7438 N SOUTHPORT AVE,60627
214016,23,361.0,TONY'S FINER FOODS,9991 S COTTAGE GROVE AVE,60634
483337,44,650.0,DOMINICKS,3477 W IRVING PARK RD,60637
754068,36,115.0,LOU MALNATIS,6617 W NORTH AVE,60617
826715,15,681.0,CVS PHARMACY,6969 N WESTERN AVE,60609
675334,33,840.0,CVS PHARMACY,8392 S WABASH AVE,60605
218344,13,532.0,CVS PHARMACY,5290 S HALSTED ST,60610
737099,3,775.0,HONEYBEERS,1006 W 43RD ST,60620
91699,47,583.0,ALDI,3869 N BROADWAY,60614
540644,16,800.0,SHELL STATION,7781 N SOUTHPORT AVE,60621
489626,25,240.0,HOME DEPOT,3587 N SOUTHPORT AVE,60612
259322,39,244.0,GIORDANOS,7350 S STATE ST,60602
501946,27,808.0,DOMINICKS,700 W 63RD ST,60630
953349,27,453.0,TRADER JOES,4126 S STATE ST,60614
955114,44,202.0,ADVANCE AUTO,8606 S COTTAGE GROVE AVE,60632
503131,48,834.0,PORTILLOS,5234 W NORTH AVE,60632
211416,42,663.0,SUBWAY,7573 N CLARK ST,60618
762405,32,679.0,BP GAS STATION,2680 W IRVING PARK RD,60619
714746,33,749.0,WALMART,7752 S ARCHER AVE,60602
865394,18,309.0,KRAFT FOODS,154 N CICERO AVE,60613
241988,24,922.0,WALMART,987 N WESTERN AVE,60636
372920,41,413.0,MARIANO'S,3070 S ARCHER AVE,60631
840419,48,301.0,BUONA BEEF,6291 S PULASKI RD,60622
269303,9,946.0,SAMS CLUB,3083 W NORTH AVE,60607
175813,28,282.0,DUNKIN DONUTS,1921 W 63RD ST,60627
133966,37,714.0,PORTILLOS,2497 W NORTH AVE,60626
884943,28,156.0,JEWEL OSCO,7256 W NORTH AVE,60617
426872,13,780.0,GIORDANOS,4134 N CICERO AVE,60621
267800,30,558.0,BUONA BEEF,9547 W DEVON AVE,60639
398822,34,959.0,TARGET,1985 W MADISON ST,60629
498015,33,520.0,COSTCO,8179 N WESTERN AVE,60640
410030,34,180.0,HONEYBEERS,2028 N CICERO AVE,60640
778067,35,587.0,WALGREENS,7277 S STATE ST,60622
501474,25,291.0,CELINA DELI,5166 W NORTH AVE,60611
905407,27,365.0,SUBWAY,240 W CHICAGO AVE,60612
430120,25,660.0,SPEEDWAY,5777 N CLARK ST,60619
184930,9,166.0,SHELL STATION,7499 N CICERO AVE,60631
436955,46,265.0,PIZZA HUT,9117 S WABASH AVE,60637
821649,13,164.0,CVS PHARMACY,2029 S HOUSTON AVE,60607
802706,29,669.0,LOU MALNATIS,5265 N SOUTHPORT AVE,60626
377094,42,731.0,KRAFT FOODS,4716 W NORTH AVE,60627
637699,22,363.0,HONEYBEERS,9901 N SOUTHPORT AVE,60633
206609,15,559.0,HONEYBEERS,146 S COTTAGE GROVE AVE,60604
582404,14,731.0,GIORDANOS,5064 W NORTH AVE,60616
686560,37,581.0,WALMART,2743 S ARCHER AVE,60627
866128,3,169.0,REGGIE'S BAR & GRILL,7908 S PULASKI RD,60628
228393,32,620.0,JEWEL OSCO,7698 S COTTAGE GROVE AVE,60623
76258,33,539.0,ADVANCE AUTO,3905 N MICHIGAN AVE,60614
98167,29,416.0,MARIANO'S,6205 W DEVON AVE,60608
876150,4,337.0,JEWEL OSCO,8216 W 43RD ST,60602
511281,20,564.0,ADVANCE AUTO,8110 S HALSTED ST,60613
197536,31,474.0,ALDI,3846 S PULASKI RD,60607
572095,18,534.0,MCDONALD'S,7343 W IRVING PARK RD,60604
917426,32,117.0,BP GAS STATION,7797 S HOUSTON AVE,60633
291605,44,175.0,HONEYBEERS,9379 N WESTERN AVE,60620
363689,27,863.0,HONEYBEERS,1727 N WESTERN AVE,60603
974179,41,305.0,WHOLE FOODS,1488 N WESTERN AVE,60603
529010,38,,ADVANCE AUTO,5632 S HOUSTON AVE,60614
214689,18,292.0,TARGET,4523 N BROADWAY,60603
489049,12,504.0,PORTILLOS,5793 W 63RD ST,60621
781461,18,757.0,STARBUCKS,7147 S HOUSTON AVE,60638
365413,11,374.0,HOME DEPOT,1947 S HOUSTON AVE,60629
239317,22,920.0,AUTOZONE,5223 N CLARK ST,60614
851907,10,799.0,WALMART,7106 N WESTERN AVE,60617
97471,42,741.0,CVS PHARMACY,7581 S HOUSTON AVE,60626
97576,19,827.0,DUNKIN DONUTS,1236 S HOUSTON AVE,60614
603873,9,710.0,NEYBOUR'S TAVERN,5550 W DEVON AVE,60613
329593,19,255.0,GIORDANOS,8174 W NORTH AVE,60619
646162,14,578.0,AUTOZONE,7050 N SOUTHPORT AVE,60636
49826,22,361.0,DUNKIN DONUTS,4794 S WABASH AVE,60611
411054,40,994.0,ADVANCE AUTO,3417 S HALSTED ST,60633
898000,38,366.0,WALMART,3830 W NORTH AVE,60601
538560,41,592.0,ADVANCE AUTO,2860 W CHICAGO AVE,60629
661383,44,964.0,HOME DEPOT,5579 S STATE ST,60603
795,32,484.0,REGGIE'S BAR & GRILL,1392 S HOUSTON AVE,60613
18570,44,965.0,PIZZA HUT,6210 W DEVON AVE,60614
255607,33,926.0,LOWES,6926 S HALSTED ST,60609
238428,22,285.0,PORTILLOS,5227 S STATE ST,60627
672245,14,108.0,CVS PHARMACY,4402 W 63RD ST,60622
845838,30,605.0,BP GAS STATION,3554 W MADISON ST,60612
893831,18,703.0,SEVEN ELEVEN,3491 N CLARK ST,60624
338329,29,986.0,MCDONALD'S,5210 W NORTH AVE,60629
554920,19,527.0,DUNKIN DONUTS,8401 W NORTH AVE,60604
808609,26,940.0,STARBUCKS,9269 N BROADWAY,60606
72386,10,574.0,MCDONALD'S,1562 W DEVON AVE,60608
630890,2,938.0,DUNKIN DONUTS,9298 W NORTH AVE,60629
875952,30,151.0,HONEYBEERS,1798 S PULASKI RD,60619
699627,9,355.0,HOME DEPOT,894 N CICERO AVE,60623
840403,5,837.0,SEVEN ELEVEN,8253 S HOUSTON AVE,60627
339606,13,712.0,WALMART,3659 W 43RD ST,60632
934300,42,238.0,MARIANO'S,7488 N SOUTHPORT AVE,60626
785909,27,459.0,COSTCO,617 N BROADWAY,60617
100967,44,867.0,HONEYBEERS,7199 N BROADWAY,60633
419936,14,319.0,KRAFT FOODS,5153 N CLARK ST,60601
922154,7,337.0,GIORDANOS,7558 N BROADWAY,60629
954716,11,740.0,SEVEN ELEVEN,6906 N MICHIGAN AVE,60629
323297,37,904.0,LOU MALNATIS,4705 W NORTH AVE,60640
309223,46,785.0,CELINA DELI,6437 N WESTERN AVE,60631
705555,44,393.0,NEYBOUR'S TAVERN,6692 S WABASH AVE,60613
478986,28,776.0,HONEYBEERS,7391 S STATE ST,60605
888753,20,212.0,HOME DEPOT,1462 S ARCHER AVE,60605
149887,14,823.0,SEVEN ELEVEN,8947 N BROADWAY,60620
295732,15,975.0,SHELL STATION,3265 N SOUTHPORT AVE,60604
566630,6,430.0,SPEEDWAY,5722 W 63RD ST,60621
848909,32,223.0,GIORDANOS,9288 S HALSTED ST,60622
685441,41,770.0,POTBELLY,7355 N MICHIGAN AVE,60623
644732,37,726.0,SPEEDWAY,2916 S STATE ST,60608
931434,28,696.0,HONEYBEERS,3238 N SOUTHPORT AVE,60608
554498,9,502.0,DOMINICKS,5995 W IRVING PARK RD,60604
377034,6,395.0,TRADER JOES,5113 W 63RD ST,60603
131370,47,100.0,NEYBOUR'S TAVERN,6865 N MICHIGAN AVE,60606
159694,27,991.0,CVS PHARMACY,2798 N CICERO AVE,60630
949912,12,430.0,PORTILLOS,1597 S HALSTED ST,60627
945086,19,988.0,HOME DEPOT,4241 W MADISON ST,60601
542875,39,853.0,SAMS CLUB,2181 N CLARK ST,60629
851585,7,471.0,WHOLE FOODS,6344 W 63RD ST,60616
722509,17,940.0,WHOLE FOODS,200 S STATE ST,60633
256185,48,889.0,TRADER JOES,2959 W NORTH AVE,60618
457289,14,469.0,TRADER JOES,8551 W IRVING PARK RD,60634
237447,37,398.0,MARIANO'S,5990 S HOUSTON AVE,60634
931985,12,526.0,COSTCO,7184 N CLARK ST,60604
823903,7,526.0,SPEEDWAY,9597 W 43RD ST,60629
90279,38,824.0,ALDI,6142 S WABASH AVE,60621
8000,4,571.0,NEYBOUR'S TAVERN,4576 S WABASH AVE,60634
905770,13,151.0,SAMS CLUB,1511 N SOUTHPORT AVE,60601
406724,3,371.0,STARBUCKS,5824 N BROADWAY,60606
245223,24,643.0,STARBUCKS,3152 N WESTERN AVE,60627
975260,19,688.0,TONY'S FINER FOODS,7413 W 63RD ST,60615
816591,30,179.0,TRADER JOES,8945 W NORTH AVE,60612
460025,46,515.0,COSTCO,172 W IRVING PARK RD,60622
69790,2,741.0,CELINA DELI,7089 W 43RD ST,60625
171205,37,480.0,ALDI,2091 N BROADWAY,60632
609195,37,166.0,AUTOZONE,8751 S COTTAGE GROVE AVE,60601
51952,35,920.0,ADVANCE AUTO,6698 N WESTERN AVE,60605
139630,41,771.0,WALGREENS,4749 W 43RD ST,60637
142103,32,333.0,BP GAS STATION,3969 W IRVING PARK RD,60606
383393,20,770.0,MCDONALD'S,9694 N WESTERN AVE,60605
118596,21,197.0,HONEYBEERS,8418 N MICHIGAN AVE,60608
373770,41,721.0,CVS PHARMACY,9315 N WESTERN AVE,60610
331487,18,370.0,TRADER JOES,7274 S WABASH AVE,60617
99557,47,872.0,JEWEL OSCO,9452 N CICERO AVE,60640
512953,27,968.0,HONEYBEERS,7989 S COTTAGE GROVE AVE,60613
802779,14,968.0,NEYBOUR'S TAVERN,3362 N MICHIGAN AVE,60602
260944,47,524.0,ALDI,9018 S COTTAGE GROVE AVE,60619
799814,41,247.0,SEVEN ELEVEN,5123 W 63RD ST,60628
53249,48,673.0,WALGREENS,5125 S COTTAGE GROVE AVE,60616
988864,2,238.0,ADVANCE AUTO,7449 S HALSTED ST,60637
517661,45,343.0,CELINA DELI,7440 N CLARK ST,60619
826938,35,822.0,STARBUCKS,9729 N SOUTHPORT AVE,60623
101306,46,231.0,MCDONALD'S,3992 S HOUSTON AVE,60632
61057,36,290.0,KRAFT FOODS,875 N SOUTHPORT AVE,60612
951111,36,600.0,LOWES,6427 S HALSTED ST,60638
263027,12,527.0,REGGIE'S BAR & GRILL,421 N CICERO AVE,60612
294179,22,951.0,BP GAS STATION,8513 W 43RD ST,60631
855704,2,299.0,WALMART,9229 S COTTAGE GROVE AVE,60626
945408,32,621.0,PORTILLOS,8546 W MADISON ST,60629
281763,15,157.0,SPEEDWAY,1345 N SOUTHPORT AVE,60606
149480,16,232.0,LOU MALNATIS,3402 S COTTAGE GROVE AVE,60640
791527,34,862.0,POTBELLY,3222 W 63RD ST,60636
458896,39,162.0,STARBUCKS,9039 S HOUSTON AVE,60629
351518,31,885.0,TARGET,7834 W 63RD ST,60603
728282,12,161.0,NEYBOUR'S TAVERN,6540 S PULASKI RD,60627
212598,5,617.0,ALDI,9446 S ARCHER AVE,60609
587714,37,824.0,REGGIE'S BAR & GRILL,9567 S COTTAGE GROVE AVE,60617
198166,31,723.0,ADVANCE AUTO,671 S STATE ST,60609
521114,33,216.0,BUONA BEEF,2649 W NORTH AVE,60612
518369,50,978.0,COSTCO,9087 S WABASH AVE,60626
319621,5,698.0,COSTCO,2451 W CHICAGO AVE,60605
584797,14,811.0,SHELL STATION,6775 S STATE ST,60627
480499,17,973.0,SEVEN ELEVEN,4107 W CHICAGO AVE,60611
741348,39,227.0,SHELL STATION,1852 S HALSTED ST,60637
930970,30,700.0,WALMART,6425 N BROADWAY,60602
956764,44,801.0,CVS PHARMACY,2118 S HOUSTON AVE,60608
106122,16,523.0,KRAFT FOODS,441 N WESTERN AVE,60608
418364,44,816.0,JEWEL OSCO,5694 W MADISON ST,60601
988748,15,775.0,STARBUCKS,6814 W MADISON ST,60637
756601,10,269.0,SPEEDWAY,4871 N BROADWAY,60624
983357,28,739.0,COSTCO,5410 S PULASKI RD,60628
347817,17,686.0,SUBWAY,3974 N MICHIGAN AVE,60637
449156,38,580.0,BUONA BEEF,3116 S HALSTED ST,60610
107930,45,507.0,BUONA BEEF,6427 N SOUTHPORT AVE,60611
741254,43,566.0,STARBUCKS,295 W IRVING PARK RD,60609
826753,17,997.0,TARGET,4751 N CLARK ST,60630
331231,24,643.0,MARIANO'S,9609 N SOUTHPORT AVE,60614
150207,11,784.0,WALMART,2383 S ARCHER AVE,60613
719021,22,396.0,SAMS CLUB,7595 S PULASKI RD,60607
637531,38,888.0,BUONA BEEF,6944 S PULASKI RD,60634
273611,6,752.0,REGGIE'S BAR & GRILL,2711 S PULASKI RD,60626
22348,19,979.0,SUBWAY,8807 S WABASH AVE,60601
291593,15,621.0,GIORDANOS,6571 W MADISON ST,60622
525944,42,358.0,MCDONALD'S,2682 N CICERO AVE,60602
781288,39,189.0,CVS PHARMACY,4518 S ARCHER AVE,60609
807051,12,675.0,PORTILLOS,8647 S HOUSTON AVE,60617
205994,49,328.0,TONY'S FINER FOODS,7203 S PULASKI RD,60619
993599,47,408.0,DOMINICKS,5116 W 43RD ST,60603
481427,28,272.0,BP GAS STATION,5619 S COTTAGE GROVE AVE,60622
684819,50,446.0,LOU MALNATIS,2931 N MICHIGAN AVE,60605
136192,7,376.0,SUBWAY,7981 N CICERO AVE,60622
557230,10,894.0,TRADER JOES,3251 N CICERO AVE,60629
588267,7,951.0,DOMINICKS,7895 N CICERO AVE,60628
292771,48,933.0,CELINA DELI,9511 W IRVING PARK RD,60612
430075,26,614.0,LOWES,2751 N CICERO AVE,60619
391816,49,813.0,JEWEL OSCO,4563 S HALSTED ST,60602
168682,28,273.0,ADVANCE AUTO,249 N WESTERN AVE,60630
108270,26,361.0,STARBUCKS,4725 S STATE ST,60621
620966,33,791.0,SAMS CLUB,6665 W 63RD ST,60630
833853,29,553.0,STARBUCKS,889 W CHICAGO AVE,60631
786559,3,165.0,HONEYBEERS,5109 W 43RD ST,60633
771932,5,751.0,BP GAS STATION,9969 S STATE ST,60638
492683,37,833.0,KRAFT FOODS,221 S COTTAGE GROVE AVE,60602
571049,12,726.0,TONY'S FINER FOODS,6498 N MICHIGAN AVE,60615
674067,40,460.0,TRADER JOES,2040 S ARCHER AVE,60620
219986,1,770.0,LOU MALNATIS,1045 N CLARK ST,60631
69691,41,440.0,BP GAS STATION,7124 W DEVON AVE,60607
18052,46,270.0,LOU MALNATIS,2509 N CICERO AVE,60603
939702,13,408.0,HOME DEPOT,6931 N MICHIGAN AVE,60628
984521,13,216.0,SPEEDWAY,9454 W IRVING PARK RD,60604
538530,27,689.0,REGGIE'S BAR & GRILL,1252 N SOUTHPORT AVE,60622
934243,49,849.0,HOME DEPOT,9550 S STATE ST,60640
349924,7,190.0,JEWEL OSCO,9898 S PULASKI RD,60602
490562,17,680.0,NEYBOUR'S TAVERN,9193 W 43RD ST,60634
53005,39,599.0,WALGREENS,1031 W DEVON AVE,60635
156213,32,255.0,BP GAS STATION,3233 S PULASKI RD,60618
742901,16,409.0,PIZZA HUT,5376 W 43RD ST,60618
651330,25,427.0,KRAFT FOODS,3977 W 43RD ST,60613
122563,29,700.0,TONY'S FINER FOODS,2175 S HALSTED ST,60605
867853,42,677.0,GIORDANOS,9133 W DEVON AVE,60623
233117,16,155.0,COSTCO,3841 N CLARK ST,60607
546833,48,139.0,SPEEDWAY,3443 S HOUSTON AVE,60628
817738,40,369.0,HONEYBEERS,339 W IRVING PARK RD,60622
223687,8,656.0,JEWEL OSCO,8519 S COTTAGE GROVE AVE,60612
294853,21,532.0,DOMINICKS,1527 W DEVON AVE,60601
947855,10,354.0,SPEEDWAY,9888 N CLARK ST,60614
851635,9,455.0,SEVEN ELEVEN,569 S STATE ST,60638
770728,48,142.0,SEVEN ELEVEN,6151 W 43RD ST,60634
647070,32,184.0,SUBWAY,2278 W 63RD ST,60636
306713,9,419.0,WALMART,8547 W 43RD ST,60635
622099,16,641.0,CELINA DELI,2862 N SOUTHPORT AVE,60602
306944,40,962.0,CVS PHARMACY,7575 W IRVING PARK RD,60638
263619,22,280.0,LOU MALNATIS,9311 S ARCHER AVE,60635
941914,2,833.0,COSTCO,3831 S HALSTED ST,60638
993603,11,448.0,DOMINICKS,1482 W NORTH AVE,60626
371059,32,497.0,HONEYBEERS,4136 W DEVON AVE,60610
100693,45,272.0,NEYBOUR'S TAVERN,8381 N CLARK ST,60601
440218,4,407.0,PIZZA HUT,4208 N MICHIGAN AVE,60611
989051,33,389.0,TARGET,5458 W NORTH AVE,60620
400641,35,823.0,JEWEL OSCO,2602 N WESTERN AVE,60618
923501,3,137.0,KRAFT FOODS,1335 S STATE ST,60632
814777,40,807.0,SPEEDWAY,5682 W 63RD ST,60633
930100,42,573.0,TARGET,6424 W NORTH AVE,60626
460619,32,371.0,MCDONALD'S,3349 W 43RD ST,60615
727121,11,914.0,BP GAS STATION,3689 N CLARK ST,60614
806959,4,753.0,LOWES,2858 N CICERO AVE,60607
245773,24,973.0,JEWEL OSCO,7213 W CHICAGO AVE,60618
821895,47,767.0,WALGREENS,7354 S HALSTED ST,60633
207667,39,903.0,POTBELLY,5082 W 63RD ST,60630
867312,50,882.0,LOWES,8891 W 43RD ST,60631
891672,42,237.0,JEWEL OSCO,4810 S WABASH AVE,60606
293601,36,214.0,HONEYBEERS,7011 S ARCHER AVE,60606
410886,49,794.0,AUTOZONE,1858 S HALSTED ST,60631
991886,46,108.0,REGGIE'S BAR & GRILL,8406 W IRVING PARK RD,60601
575589,3,190.0,TARGET,7290 N WESTERN AVE,60633
22548,42,838.0,WALMART,2920 N BROADWAY,60621
125948,49,147.0,NEYBOUR'S TAVERN,2819 S WABASH AVE,60626
459238,20,475.0,DOMINICKS,8420 S STATE ST,60604
524791,34,875.0,SHELL STATION,9426 S ARCHER AVE,60629
219712,38,285.0,JEWEL OSCO,2623 W DEVON AVE,60612
690401,23,834.0,STARBUCKS,217 W MADISON ST,60617
527213,22,430.0,SEVEN ELEVEN,8708 N CLARK ST,60619
319349,11,239.0,HOME DEPOT,7749 W 43RD ST,60627
645999,46,713.0,TRADER JOES,8793 N CLARK ST,60615
378605,47,635.0,SHELL STATION,9535 W CHICAGO AVE,60616
289969,6,475.0,SPEEDWAY,3471 N WESTERN AVE,60607
515024,2,304.0,TONY'S FINER FOODS,8445 N CLARK ST,60607
441011,47,652.0,NEYBOUR'S TAVERN,4916 W NORTH AVE,60627
983290,30,640.0,LOU MALNATIS,3576 N WESTERN AVE,60611
66676,21,568.0,DOMINICKS,539 N CICERO AVE,60639
764870,47,262.0,MARIANO'S,7532 S WABASH AVE,60638
244777,37,138.0,TRADER JOES,7878 N MICHIGAN AVE,60623
800113,50,503.0,JEWEL OSCO,482 S HALSTED ST,60607
886805,45,327.0,HONEYBEERS,8989 S ARCHER AVE,60610
553856,4,814.0,BP GAS STATION,857 N CLARK ST,60633
540075,35,108.0,JEWEL OSCO,5540 S ARCHER AVE,60612
739419,23,900.0,CVS PHARMACY,6274 N CLARK ST,60627
953701,45,895.0,WHOLE FOODS,762 N CLARK ST,60637
475933,15,529.0,CELINA DELI,1198 S HOUSTON AVE,60635
101925,2,308.0,TARGET,8477 W CHICAGO AVE,60623
264358,47,346.0,AUTOZONE,8370 S PULASKI RD,60613
420800,10,457.0,BUONA BEEF,7532 W DEVON AVE,60604
889289,44,552.0,WHOLE FOODS,2077 N CLARK ST,60630
207724,2,190.0,POTBELLY,3227 S HOUSTON AVE,60639
108606,45,588.0,WALMART,9943 S ARCHER AVE,60617
876067,47,391.0,BP GAS STATION,537 N BROADWAY,60621
815398,29,162.0,BP GAS STATION,4895 W CHICAGO AVE,60636
800072,4,479.0,SPEEDWAY,3318 N BROADWAY,60633
384367,36,708.0,CVS PHARMACY,1609 W DEVON AVE,60637
488931,35,221.0,AUTOZONE,2335 N BROADWAY,60602
118304,29,302.0,WHOLE FOODS,1489 N CICERO AVE,60632
721192,40,399.0,SHELL STATION,7326 N BROADWAY,60640
705888,3,352.0,LOWES,9444 N BROADWAY,60620
377893,49,622.0,CVS PHARMACY,5997 N BROADWAY,60638
807033,19,168.0,REGGIE'S BAR & GRILL,4607 S PULASKI RD,60601
472915,8,547.0,BP GAS STATION,9233 N CICERO AVE,60618
874635,28,201.0,MCDONALD'S,8873 W CHICAGO AVE,60620
155802,11,599.0,STARBUCKS,3167 S WABASH AVE,60640
364327,14,614.0,KRAFT FOODS,5464 W CHICAGO AVE,60622
477699,10,391.0,WHOLE FOODS,9838 S HOUSTON AVE,60639
792389,13,637.0,MARIANO'S,1974 S ARCHER AVE,60621
625740,46,282.0,BP GAS STATION,3877 W 43RD ST,60626
734124,23,650.0,SAMS CLUB,9225 N CICERO AVE,60610
909870,39,173.0,SUBWAY,2856 N CICERO AVE,60604
385693,16,709.0,HONEYBEERS,1674 S HALSTED ST,60609
314851,28,807.0,POTBELLY,2473 W CHICAGO AVE,60601
21629,34,121.0,TARGET,5089 S PULASKI RD,60618
39226,50,564.0,TARGET,9561 N SOUTHPORT AVE,60630
38989,39,982.0,GIORDANOS,6943 W IRVING PARK RD,60614
707490,33,860.0,COSTCO,2912 W IRVING PARK RD,60634
336778,13,504.0,POTBELLY,3692 S WABASH AVE,60633
665155,35,833.0,NEYBOUR'S TAVERN,3744 N SOUTHPORT AVE,60638
531245,14,395.0,KRAFT FOODS,3601 N BROADWAY,60638
346590,44,177.0,ADVANCE AUTO,3749 W 43RD ST,60620
519518,29,108.0,PORTILLOS,9759 N MICHIGAN AVE,60618
849707,49,285.0,PORTILLOS,4911 N MICHIGAN AVE,60610
436510,39,911.0,SHELL STATION,3297 N BROADWAY,60625
180018,45,998.0,ADVANCE AUTO,1600 W 43RD ST,60615
625852,10,127.0,JEWEL OSCO,9424 N WESTERN AVE,60605
42902,47,577.0,DOMINICKS,2235 N CLARK ST,60615
764956,41,131.0,ALDI,9125 S PULASKI RD,60611
855264,17,197.0,DOMINICKS,3344 N MICHIGAN AVE,60637
434287,7,393.0,ALDI,2250 W 43RD ST,60620
351138,37,377.0,WALMART,6699 N CLARK ST,60620
363797,15,174.0,SUBWAY,6963 N CICERO AVE,60633
89487,29,827.0,BP GAS STATION,2078 W NORTH AVE,60618
701124,28,729.0,ADVANCE AUTO,386 W CHICAGO AVE,60626
932732,11,367.0,AUTOZONE,2636 S HOUSTON AVE,60624
903606,15,967.0,PIZZA HUT,1471 N CLARK ST,60623
628159,17,279.0,REGGIE'S BAR & GRILL,7566 S PULASKI RD,60618
320521,17,584.0,DUNKIN DONUTS,7414 S COTTAGE GROVE AVE,60619
252376,40,477.0,PORTILLOS,6556 W NORTH AVE,60637
569367,29,924.0,CELINA DELI,9830 N CICERO AVE,60635
121407,21,754.0,WHOLE FOODS,5106 S STATE ST,60618
763365,44,384.0,DOMINICKS,4479 S HOUSTON AVE,60620
899235,29,417.0,PORTILLOS,5218 S ARCHER AVE,60619
195339,7,502.0,TARGET,3686 W DEVON AVE,60625
733178,34,412.0,REGGIE'S BAR & GRILL,4939 N BROADWAY,60613
312562,42,623.0,TONY'S FINER FOODS,796 S PULASKI RD,60633
684956,22,997.0,CELINA DELI,6842 N WESTERN AVE,60601
697786,32,645.0,STARBUCKS,5539 N CLARK ST,60619
936443,41,519.0,DUNKIN DONUTS,9817 S WABASH AVE,60609
323061,42,459.0,COSTCO,4734 N MICHIGAN AVE,60632
183979,33,612.0,JEWEL OSCO,1720 N CLARK ST,60635
269847,45,974.0,DUNKIN DONUTS,7456 N CLARK ST,60606
900249,38,986.0,DUNKIN DONUTS,7836 W CHICAGO AVE,60631
645574,22,250.0,ADVANCE AUTO,3836 N WESTERN AVE,60614
412866,50,683.0,SHELL STATION,2288 N SOUTHPORT AVE,60629
815576,33,184.0,WHOLE FOODS,5903 S PULASKI RD,60629
244721,50,697.0,DUNKIN DONUTS,3851 W DEVON AVE,60619
264881,29,480.0,DOMINICKS,8883 W MADISON ST,60605
57780,31,889.0,GIORDANOS,9793 N SOUTHPORT AVE,60603
814300,46,544.0,TRADER JOES,7059 N CLARK ST,60622
895282,1,578.0,MARIANO'S,5488 S PULASKI RD,60630
316708,40,307.0,CELINA DELI,4644 N MICHIGAN AVE,60612
601486,31,401.0,HONEYBEERS,692 S WABASH AVE,60629
204543,50,666.0,STARBUCKS,8348 N BROADWAY,60624
891990,33,750.0,TRADER JOES,2396 W NORTH AVE,60625
361598,27,149.0,TONY'S FINER FOODS,3625 S PULASKI RD,60625
430148,42,678.0,HOME DEPOT,4148 W MADISON ST,60634
584633,43,395.0,HONEYBEERS,3959 W 43RD ST,60635
898278,42,531.0,SHELL STATION,5802 W 63RD ST,60609
430027,43,995.0,DUNKIN DONUTS,447 W MADISON ST,60619
442592,40,717.0,AUTOZONE,6310 S COTTAGE GROVE AVE,60619
258074,15,829.0,PORTILLOS,4125 N CLARK ST,60627
863319,5,322.0,TARGET,6490 W MADISON ST,60637
241660,41,686.0,LOWES,1171 N MICHIGAN AVE,60634
517903,34,651.0,DOMINICKS,8191 S PULASKI RD,60627
838171,3,311.0,LOWES,5091 S WABASH AVE,60605
115109,7,991.0,REGGIE'S BAR & GRILL,6291 S WABASH AVE,60610
301809,46,312.0,WALGREENS,8502 N BROADWAY,60629
959895,9,141.0,TARGET,554 W DEVON AVE,60620
970520,8,836.0,MCDONALD'S,629 W DEVON AVE,60626
406329,14,516.0,TARGET,3612 W MADISON ST,60635
923009,38,993.0,TARGET,1752 W NORTH AVE,60606
829057,46,720.0,NEYBOUR'S TAVERN,9923 N SOUTHPORT AVE,60622
917551,11,274.0,MCDONALD'S,9409 W 63RD ST,60607
481701,50,801.0,SPEEDWAY,5650 W 63RD ST,60625
19830,24,295.0,SPEEDWAY,7760 S COTTAGE GROVE AVE,60621
416185,10,238.0,REGGIE'S BAR & GRILL,6352 N SOUTHPORT AVE,60620
308315,31,607.0,LOU MALNATIS,403 S WABASH AVE,60614
663212,17,311.0,WALMART,6565 S HALSTED ST,60618
581327,5,520.0,BP GAS STATION,1268 N SOUTHPORT AVE,60632
503479,32,959.0,REGGIE'S BAR & GRILL,3155 W DEVON AVE,60617
442116,38,975.0,PORTILLOS,9804 W 63RD ST,60614
683767,30,869.0,ALDI,3331 S HALSTED ST,60604
402293,48,662.0,DOMINICKS,4023 N BROADWAY,60607
533137,40,134.0,SUBWAY,180 N MICHIGAN AVE,60637
544348,14,963.0,AUTOZONE,5415 N CICERO AVE,60637
694711,26,486.0,REGGIE'S BAR & GRILL,9147 S HOUSTON AVE,60640
931195,1,533.0,PIZZA HUT,618 S COTTAGE GROVE AVE,60617
670396,26,841.0,CVS PHARMACY,4176 S HALSTED ST,60639
99738,11,938.0,DUNKIN DONUTS,9322 S HOUSTON AVE,60611
1258,37,838.0,KRAFT FOODS,3462 W 63RD ST,60631
568452,44,182.0,SEVEN ELEVEN,4788 W DEVON AVE,60610
441174,24,518.0,REGGIE'S BAR & GRILL,3306 N CICERO AVE,60620
751902,9,368.0,JEWEL OSCO,4691 W IRVING PARK RD,60602
181156,12,442.0,WALMART,5834 W 43RD ST,60613
297038,22,245.0,SPEEDWAY,1068 N CLARK ST,60611
294323,21,444.0,PIZZA HUT,4181 N WESTERN AVE,60638
10416,1,346.0,MARIANO'S,5761 W 43RD ST,60623
950850,32,149.0,TARGET,8184 S WABASH AVE,60615
263291,5,787.0,ADVANCE AUTO,7405 W 63RD ST,60607
805190,27,288.0,MARIANO'S,866 N CICERO AVE,60604
70646,33,413.0,WHOLE FOODS,2485 W MADISON ST,60608
772699,49,574.0,REGGIE'S BAR & GRILL,6360 S HOUSTON AVE,60631
536839,42,893.0,SEVEN ELEVEN,8861 N MICHIGAN AVE,60626
495669,1,444.0,STARBUCKS,3574 S STATE ST,60627
92835,29,728.0,SEVEN ELEVEN,3376 W CHICAGO AVE,60621
30623,11,480.0,TRADER JOES,9793 S COTTAGE GROVE AVE,60603
274752,10,550.0,STARBUCKS,2926 S ARCHER AVE,60618
800194,39,390.0,GIORDANOS,6277 N CICERO AVE,60620
621516,43,300.0,COSTCO,3774 S ARCHER AVE,60609
737158,31,720.0,TRADER JOES,7444 W 63RD ST,60623
578113,29,603.0,HOME DEPOT,6034 N WESTERN AVE,60618
356118,50,405.0,SEVEN ELEVEN,4994 W NORTH AVE,60617
310129,43,614.0,PIZZA HUT,839 S PULASKI RD,60639
191925,27,627.0,SHELL STATION,2055 S HOUSTON AVE,60611
146959,3,410.0,WALGREENS,3276 W DEVON AVE,60625
792236,46,767.0,ALDI,7194 W NORTH AVE,60618
576360,9,883.0,ADVANCE AUTO,9617 N BROADWAY,60616
731506,10,774.0,CELINA DELI,9988 N WESTERN AVE,60604
560021,3,664.0,AUTOZONE,2236 W 63RD ST,60626
20025,20,710.0,KRAFT FOODS,4639 S STATE ST,60631
528988,34,102.0,DOMINICKS,1914 S HOUSTON AVE,60618
320269,8,725.0,NEYBOUR'S TAVERN,4533 N CLARK ST,60603
953011,24,185.0,TARGET,5139 S STATE ST,60632
770120,43,747.0,BP GAS STATION,7675 S COTTAGE GROVE AVE,60610
493409,41,409.0,HOME DEPOT,4465 S ARCHER AVE,60602
73045,31,760.0,TRADER JOES,6480 W MADISON ST,60639
871215,7,145.0,LOU MALNATIS,4836 W NORTH AVE,60605
67272,1,677.0,WALGREENS,6621 N BROADWAY,60638
460031,17,947.0,BP GAS STATION,3763 N SOUTHPORT AVE,60623
564018,6,389.0,KRAFT FOODS,1599 W NORTH AVE,60611
718864,45,489.0,WHOLE FOODS,7166 W CHICAGO AVE,60614
859876,15,752.0,SAMS CLUB,1830 S HALSTED ST,60610
817273,27,348.0,BUONA BEEF,4088 N CICERO AVE,60602
650688,23,124.0,LOWES,8144 N MICHIGAN AVE,60637
334640,46,690.0,PORTILLOS,4674 S HALSTED ST,60612
793756,28,828.0,BUONA BEEF,6013 W 43RD ST,60613
665732,34,156.0,KRAFT FOODS,5602 N CLARK ST,60621
258863,13,217.0,SHELL STATION,589 W 63RD ST,60617
211718,48,894.0,BUONA BEEF,524 W 63RD ST,60610
334546,23,477.0,AUTOZONE,9100 W DEVON AVE,60617
166360,26,732.0,LOU MALNATIS,3635 W CHICAGO AVE,60613
813289,38,431.0,AUTOZONE,8124 S COTTAGE GROVE AVE,60638
213493,22,370.0,SHELL STATION,3438 S PULASKI RD,60639
947778,13,670.0,HOME DEPOT,3763 S STATE ST,60626
591616,19,215.0,CELINA DELI,9868 S HOUSTON AVE,60604
853255,44,382.0,PORTILLOS,6376 N CICERO AVE,60632
457048,50,962.0,ADVANCE AUTO,7990 N CLARK ST,60632
83206,46,298.0,DUNKIN DONUTS,1344 W 63RD ST,60602
943426,30,659.0,GIORDANOS,9072 S COTTAGE GROVE AVE,60627
456597,2,575.0,LOU MALNATIS,6904 W 43RD ST,60615
283781,46,613.0,TONY'S FINER FOODS,2110 W MADISON ST,60628
870267,43,914.0,DUNKIN DONUTS,5949 W 63RD ST,60634
829933,12,406.0,GIORDANOS,9142 W DEVON AVE,60622
173566,7,659.0,JEWEL OSCO,6665 S HOUSTON AVE,60603
807710,34,866.0,REGGIE'S BAR & GRILL,851 W MADISON ST,60637
81483,47,601.0,TARGET,1450 N BROADWAY,60602
393777,22,129.0,BP GAS STATION,1090 N CLARK ST,60628
571798,50,789.0,CVS PHARMACY,3842 S STATE ST,60604
554723,3,997.0,WHOLE FOODS,8304 W 43RD ST,60621
957667,41,372.0,KRAFT FOODS,5894 N WESTERN AVE,60610
180877,4,542.0,DUNKIN DONUTS,8542 N BROADWAY,60603
589176,3,589.0,NEYBOUR'S TAVERN,4523 N BROADWAY,60625
445399,11,696.0,ALDI,3422 W DEVON AVE,60605
279227,4,180.0,PIZZA HUT,3778 W IRVING PARK RD,60621
698888,42,840.0,CELINA DELI,9869 S WABASH AVE,60625
321239,5,858.0,SPEEDWAY,7245 S HOUSTON AVE,60633
151687,23,505.0,DOMINICKS,6188 N CLARK ST,60618
277807,36,537.0,DOMINICKS,4650 S HOUSTON AVE,60601
835784,11,228.0,TONY'S FINER FOODS,3447 N WESTERN AVE,60622
421056,49,362.0,ADVANCE AUTO,6447 S ARCHER AVE,60631
971507,16,867.0,CELINA DELI,2556 W CHICAGO AVE,60605
617935,36,676.0,LOWES,4565 W MADISON ST,60612
352233,41,876.0,JEWEL OSCO,1993 N CLARK ST,60607
433471,43,128.0,MARIANO'S,101 S PULASKI RD,60621
43151,20,560.0,WALMART,7899 S COTTAGE GROVE AVE,60601
432174,32,694.0,COSTCO,5864 N MICHIGAN AVE,60614
101343,10,472.0,BP GAS STATION,7577 S STATE ST,60615
483466,20,912.0,ADVANCE AUTO,5489 S COTTAGE GROVE AVE,60629
426005,7,210.0,SEVEN ELEVEN,2953 S HOUSTON AVE,60622
669369,6,751.0,TRADER JOES,1662 N BROADWAY,60627
493172,45,461.0,CELINA DELI,6720 S STATE ST,60628
115189,8,415.0,STARBUCKS,597 N WESTERN AVE,60603
725968,44,560.0,LOU MALNATIS,6566 N CLARK ST,60612
423560,11,594.0,PIZZA HUT,3190 S PULASKI RD,60617
884624,45,368.0,SPEEDWAY,3474 W NORTH AVE,60623
65281,49,696.0,WALMART,2680 S HOUSTON AVE,60616
847779,18,186.0,STARBUCKS,3352 S HALSTED ST,60624
758148,46,934.0,MCDONALD'S,2870 W 43RD ST,60613
953881,28,657.0,REGGIE'S BAR & GRILL,3045 S ARCHER AVE,60614
815401,31,421.0,WALMART,6923 S ARCHER AVE,60633
902933,39,483.0,SEVEN ELEVEN,7118 S ARCHER AVE,60626
855744,48,185.0,PIZZA HUT,7229 N WESTERN AVE,60638
741645,5,892.0,POTBELLY,217 N CICERO AVE,60626
660774,13,698.0,SAMS CLUB,1064 W MADISON ST,60638
969068,17,850.0,POTBELLY,569 W 63RD ST,60619
624980,3,189.0,DOMINICKS,3302 W 63RD ST,60612
700777,38,525.0,CELINA DELI,1988 N SOUTHPORT AVE,60624
961597,34,439.0,STARBUCKS,5534 W NORTH AVE,60620
27499,24,996.0,REGGIE'S BAR & GRILL,9659 N SOUTHPORT AVE,60610
108829,8,432.0,DUNKIN DONUTS,2166 S HOUSTON AVE,60624
640391,24,740.0,ALDI,2337 S STATE ST,60627
873755,44,581.0,HOME DEPOT,7523 W NORTH AVE,60604
550847,23,179.0,SAMS CLUB,4876 S ARCHER AVE,60632
260983,35,905.0,COSTCO,8727 S HOUSTON AVE,60623
864384,37,814.0,HONEYBEERS,9607 W 63RD ST,60620
547964,20,890.0,BP GAS STATION,8958 N SOUTHPORT AVE,60629
490342,15,335.0,SUBWAY,9047 W NORTH AVE,60628
203690,10,694.0,ALDI,5239 S WABASH AVE,60611
83358,38,890.0,TARGET,907 W MADISON ST,60609
663151,31,491.0,PORTILLOS,9196 W DEVON AVE,60636
427354,13,240.0,CVS PHARMACY,4197 N BROADWAY,60637
25211,37,356.0,NEYBOUR'S TAVERN,9290 N CLARK ST,60636
678305,18,275.0,PORTILLOS,9482 S WABASH AVE,60639
138024,50,182.0,WHOLE FOODS,9641 S HOUSTON AVE,60612
293697,35,710.0,SPEEDWAY,9422 S PULASKI RD,60612
94705,24,824.0,NEYBOUR'S TAVERN,5017 S HOUSTON AVE,60627
972122,15,565.0,DOMINICKS,7352 S COTTAGE GROVE AVE,60617
199150,2,499.0,KRAFT FOODS,2829 S COTTAGE GROVE AVE,60632
678067,26,797.0,ALDI,5122 N WESTERN AVE,60638
112856,9,358.0,JEWEL OSCO,3588 W 43RD ST,60627
369188,11,466.0,NEYBOUR'S TAVERN,8837 S PULASKI RD,60607
649144,27,899.0,BUONA BEEF,9567 S HALSTED ST,60629
320111,50,591.0,AUTOZONE,6735 W MADISON ST,60634
462044,6,414.0,DOMINICKS,5725 W DEVON AVE,60622
198381,4,251.0,WALGREENS,6768 S HALSTED ST,60627
148123,44,130.0,ALDI,8529 S HOUSTON AVE,60630
689174,33,388.0,BP GAS STATION,9798 N BROADWAY,60636
398088,36,660.0,KRAFT FOODS,8820 N SOUTHPORT AVE,60604
210991,38,657.0,HONEYBEERS,746 N MICHIGAN AVE,60602
212456,48,573.0,AUTOZONE,9605 N CLARK ST,60608
479082,20,940.0,ALDI,5323 W CHICAGO AVE,60605
354706,27,904.0,KRAFT FOODS,6432 S ARCHER AVE,60625
276632,14,594.0,WALGREENS,3719 N WESTERN AVE,60622
430418,42,528.0,PORTILLOS,1839 W 63RD ST,60628
200265,18,897.0,DUNKIN DONUTS,9554 S HALSTED ST,60614
2602,14,440.0,ADVANCE AUTO,4678 W DEVON AVE,60622
829856,29,858.0,ALDI,7287 W 43RD ST,60622
128161,7,821.0,WHOLE FOODS,3888 N CLARK ST,60619
744934,9,144.0,JEWEL OSCO,2295 N CICERO AVE,60634
929992,8,844.0,CELINA DELI,1789 S PULASKI RD,60628
313169,12,462.0,SEVEN ELEVEN,7928 S HOUSTON AVE,60604
689364,42,100.0,KRAFT FOODS,4127 W IRVING PARK RD,60618
991378,11,688.0,DUNKIN DONUTS,6051 N WESTERN AVE,60606
989723,30,341.0,LOU MALNATIS,8583 W IRVING PARK RD,60619
489348,6,108.0,TONY'S FINER FOODS,6722 S PULASKI RD,60609
615148,29,244.0,GIORDANOS,6869 S ARCHER AVE,60617
706053,40,203.0,ADVANCE AUTO,1341 S PULASKI RD,60620
745207,43,489.0,AUTOZONE,6815 S HOUSTON AVE,60634
80082,12,219.0,PIZZA HUT,3916 N CICERO AVE,60620
384141,22,557.0,CVS PHARMACY,6865 N BROADWAY,60626
726244,40,333.0,HONEYBEERS,3804 W CHICAGO AVE,60602
154109,18,667.0,CELINA DELI,3703 S WABASH AVE,60610
812096,39,863.0,REGGIE'S BAR & GRILL,724 W MADISON ST,60603
476331,19,215.0,TARGET,3143 W NORTH AVE,60606
378904,47,919.0,TARGET,2834 W 63RD ST,60617
561442,50,963.0,DOMINICKS,1556 N WESTERN AVE,60615
665735,17,344.0,NEYBOUR'S TAVERN,3881 W CHICAGO AVE,60620
589359,26,620.0,WHOLE FOODS,3158 N SOUTHPORT AVE,60639
576840,20,750.0,MCDONALD'S,2347 N SOUTHPORT AVE,60633
799929,7,229.0,WHOLE FOODS,5687 S HOUSTON AVE,60626
621305,8,771.0,POTBELLY,2780 W 63RD ST,60631
627002,3,767.0,REGGIE'S BAR & GRILL,4218 S ARCHER AVE,60610
619245,27,969.0,HOME DEPOT,8842 N WESTERN AVE,60602
316647,15,568.0,KRAFT FOODS,9249 S COTTAGE GROVE AVE,60634
549730,25,750.0,ADVANCE AUTO,3627 S WABASH AVE,60626
330679,34,946.0,CELINA DELI,2778 W 43RD ST,60640
274210,20,788.0,PIZZA HUT,5591 S COTTAGE GROVE AVE,60638
780916,28,647.0,TONY'S FINER FOODS,2637 N SOUTHPORT AVE,60605
770077,44,120.0,HONEYBEERS,2104 S STATE ST,60613
68898,38,585.0,CELINA DELI,8882 W NORTH AVE,60619
502667,39,371.0,SUBWAY,2794 W NORTH AVE,60636
484370,6,820.0,LOWES,3301 N BROADWAY,60639
284670,7,634.0,WHOLE FOODS,6751 N WESTERN AVE,60634
427737,20,764.0,PORTILLOS,2131 W 63RD ST,60601
851898,5,422.0,JEWEL OSCO,7793 S COTTAGE GROVE AVE,60626
431698,47,467.0,HONEYBEERS,1702 N CLARK ST,60619
511447,3,646.0,TONY'S FINER FOODS,7042 S PULASKI RD,60621
714372,13,971.0,CVS PHARMACY,9350 N CLARK ST,60632
548318,14,751.0,NEYBOUR'S TAVERN,8706 W MADISON ST,60604
660594,4,427.0,WALGREENS,2319 N CLARK ST,60629
54873,26,455.0,WALMART,1879 W 43RD ST,60621
66475,12,972.0,WALMART,6465 S HOUSTON AVE,60602
986279,11,652.0,MCDONALD'S,7613 W CHICAGO AVE,60612
941693,9,281.0,DUNKIN DONUTS,5538 W DEVON AVE,60615
23903,26,367.0,CVS PHARMACY,4366 S PULASKI RD,60619
932363,23,566.0,BP GAS STATION,4510 S ARCHER AVE,60629
934596,21,362.0,SEVEN ELEVEN,7091 N SOUTHPORT AVE,60625
751481,50,401.0,HONEYBEERS,1592 W DEVON AVE,60636
58244,47,659.0,PIZZA HUT,7649 N MICHIGAN AVE,60634
548013,30,272.0,LOWES,5678 S PULASKI RD,60614
755606,23,803.0,COSTCO,5625 W CHICAGO AVE,60606
246641,42,277.0,MCDONALD'S,6243 N WESTERN AVE,60638
35042,1,618.0,KRAFT FOODS,2503 W MADISON ST,60629
875630,27,655.0,LOU MALNATIS,8188 W MADISON ST,60603
411148,14,171.0,GIORDANOS,7875 W IRVING PARK RD,60608
865103,42,921.0,WALGREENS,9947 N CLARK ST,60606
412575,40,679.0,BP GAS STATION,9764 S COTTAGE GROVE AVE,60636
662182,35,203.0,HONEYBEERS,8866 W 43RD ST,60620
149723,45,280.0,POTBELLY,5751 S STATE ST,60634
779394,33,309.0,SEVEN ELEVEN,6096 N CLARK ST,60620
425001,13,295.0,PORTILLOS,3417 N BROADWAY,60639
513351,33,513.0,JEWEL OSCO,8712 S WABASH AVE,60632
225986,7,976.0,DUNKIN DONUTS,6526 W MADISON ST,60624
938288,38,176.0,SEVEN ELEVEN,3991 N CICERO AVE,60616
901148,40,913.0,STARBUCKS,7950 S HOUSTON AVE,60634
110788,22,116.0,WHOLE FOODS,1461 W NORTH AVE,60610
351656,42,923.0,SPEEDWAY,1988 W IRVING PARK RD,60640
111228,24,771.0,SPEEDWAY,587 S WABASH AVE,60623
590806,10,168.0,AUTOZONE,8539 W DEVON AVE,60640
511803,50,123.0,DOMINICKS,3445 W DEVON AVE,60634
442703,46,947.0,REGGIE'S BAR & GRILL,1871 S HALSTED ST,60628
241717,23,757.0,GIORDANOS,5383 W 43RD ST,60639
839147,35,876.0,ADVANCE AUTO,8299 S ARCHER AVE,60620
275759,10,646.0,TRADER JOES,829 S WABASH AVE,60640
347978,46,230.0,ADVANCE AUTO,4640 N BROADWAY,60612
612983,46,643.0,ADVANCE AUTO,8213 S ARCHER AVE,60634
254369,6,119.0,DOMINICKS,1705 S COTTAGE GROVE AVE,60607
957706,24,679.0,WALGREENS,5938 S COTTAGE GROVE AVE,60619
25138,29,679.0,STARBUCKS,3773 N CLARK ST,60607
305858,45,234.0,BUONA BEEF,3066 W IRVING PARK RD,60603
270676,47,838.0,CVS PHARMACY,6599 S STATE ST,60624
648471,40,908.0,TRADER JOES,6287 N MICHIGAN AVE,60627
481339,32,312.0,LOU MALNATIS,4650 W IRVING PARK RD,60626
46492,6,675.0,LOWES,3391 N CICERO AVE,60614
402252,22,786.0,SUBWAY,9959 N CLARK ST,60630
114573,17,796.0,SUBWAY,9334 N WESTERN AVE,60634
258917,1,455.0,LOWES,7637 W NORTH AVE,60636
711797,19,617.0,LOWES,1890 S PULASKI RD,60602
650494,35,547.0,MARIANO'S,1484 W IRVING PARK RD,60637
434398,26,650.0,SUBWAY,7071 W MADISON ST,60611
728717,32,669.0,CVS PHARMACY,813 S WABASH AVE,60636
472617,1,484.0,WHOLE FOODS,9664 S HOUSTON AVE,60622
415584,37,221.0,STARBUCKS,490 S HOUSTON AVE,60618
888716,11,492.0,ALDI,6295 W CHICAGO AVE,60609
723728,18,406.0,POTBELLY,788 N WESTERN AVE,60627
432825,5,622.0,REGGIE'S BAR & GRILL,9451 W NORTH AVE,60638
550449,16,436.0,POTBELLY,1205 W DEVON AVE,60611
989962,19,252.0,DOMINICKS,8033 W IRVING PARK RD,60635
735470,33,936.0,SHELL STATION,1287 N SOUTHPORT AVE,60617
95722,42,599.0,LOU MALNATIS,344 S ARCHER AVE,60631
922618,43,436.0,SAMS CLUB,7264 N MICHIGAN AVE,60614
328053,37,913.0,ADVANCE AUTO,9213 W 63RD ST,60627
752936,12,364.0,TRADER JOES,9314 N WESTERN AVE,60604
895938,16,185.0,JEWEL OSCO,4352 N CICERO AVE,60616
812982,19,111.0,LOWES,9170 N WESTERN AVE,60632
914431,10,978.0,NEYBOUR'S TAVERN,207 S WABASH AVE,60605
669430,29,895.0,SAMS CLUB,1324 S HOUSTON AVE,60609
519625,21,734.0,NEYBOUR'S TAVERN,6555 N MICHIGAN AVE,60605
988970,34,639.0,NEYBOUR'S TAVERN,8065 W MADISON ST,60603
492804,16,573.0,HOME DEPOT,7121 S HOUSTON AVE,60602
143697,6,767.0,KRAFT FOODS,7579 S COTTAGE GROVE AVE,60630
398223,15,194.0,WHOLE FOODS,5163 S COTTAGE GROVE AVE,60636
372795,33,749.0,DUNKIN DONUTS,8437 W 63RD ST,60627
696972,39,656.0,SPEEDWAY,5856 S COTTAGE GROVE AVE,60601
451056,16,782.0,CVS PHARMACY,6383 N CLARK ST,60602
129680,25,743.0,REGGIE'S BAR & GRILL,4190 N WESTERN AVE,60616
2735,38,403.0,BUONA BEEF,3740 W IRVING PARK RD,60618
175584,15,290.0,LOWES,1103 S HALSTED ST,60630
118266,9,107.0,STARBUCKS,3591 N BROADWAY,60610
526650,49,136.0,TRADER JOES,523 N CICERO AVE,60630
804975,13,431.0,DUNKIN DONUTS,9098 N CICERO AVE,60622
368708,16,192.0,REGGIE'S BAR & GRILL,2720 S ARCHER AVE,60609
241291,19,742.0,TARGET,9704 S WABASH AVE,60618
726699,9,913.0,ADVANCE AUTO,7966 N BROADWAY,60605
300990,43,774.0,WALGREENS,5377 W NORTH AVE,60614
210638,41,306.0,TARGET,103 S PULASKI RD,60625
91957,29,191.0,WALMART,5339 N BROADWAY,60626
443675,8,297.0,ALDI,7198 N BROADWAY,60636
784892,23,876.0,SAMS CLUB,2001 S COTTAGE GROVE AVE,60612
989677,20,649.0,KRAFT FOODS,7954 W IRVING PARK RD,60637
655656,29,206.0,POTBELLY,3508 N BROADWAY,60614
591146,46,680.0,HONEYBEERS,7318 W MADISON ST,60620
832197,7,319.0,BP GAS STATION,6249 W IRVING PARK RD,60615
125931,26,564.0,SEVEN ELEVEN,9666 N CICERO AVE,60625
124666,41,343.0,PIZZA HUT,2623 W 63RD ST,60629
492573,49,555.0,BP GAS STATION,2450 S HOUSTON AVE,60623
249061,18,134.0,WALMART,7739 W IRVING PARK RD,60633
185067,4,517.0,LOU MALNATIS,485 S COTTAGE GROVE AVE,60635
530233,30,411.0,WHOLE FOODS,2841 N MICHIGAN AVE,60626
830730,46,308.0,PIZZA HUT,3168 S HOUSTON AVE,60609
76327,3,454.0,DOMINICKS,5503 W CHICAGO AVE,60637
474053,35,157.0,NEYBOUR'S TAVERN,7462 W DEVON AVE,60630
843149,27,944.0,ADVANCE AUTO,8315 W IRVING PARK RD,60639
132703,43,341.0,HONEYBEERS,9018 W IRVING PARK RD,60621
895786,48,503.0,SAMS CLUB,9405 W IRVING PARK RD,60624
631547,39,628.0,JEWEL OSCO,7229 N CICERO AVE,60620
797251,26,677.0,MCDONALD'S,3469 N MICHIGAN AVE,60629
152962,32,657.0,MARIANO'S,2146 S STATE ST,60635
550990,33,155.0,GIORDANOS,352 S STATE ST,60622
24522,49,721.0,HOME DEPOT,4866 N MICHIGAN AVE,60638
914491,39,620.0,AUTOZONE,9190 S HOUSTON AVE,60634
674884,45,570.0,SAMS CLUB,4390 S PULASKI RD,60638
922463,20,770.0,PORTILLOS,5318 N BROADWAY,60618
69182,5,509.0,PORTILLOS,2594 S COTTAGE GROVE AVE,60615
808991,46,169.0,HOME DEPOT,1585 S HOUSTON AVE,60639
242052,49,368.0,PIZZA HUT,5409 N BROADWAY,60618
639523,25,934.0,TARGET,7661 W IRVING PARK RD,60601
991757,24,895.0,MCDONALD'S,9136 S HOUSTON AVE,60632
423736,14,151.0,TARGET,2410 S ARCHER AVE,60625
858511,41,881.0,GIORDANOS,6201 N BROADWAY,60603
810195,25,632.0,SPEEDWAY,7972 S HALSTED ST,60639
502370,5,311.0,KRAFT FOODS,9395 S COTTAGE GROVE AVE,60622
859026,3,387.0,WHOLE FOODS,5455 W CHICAGO AVE,60623
802909,30,771.0,SPEEDWAY,6325 S PULASKI RD,60623
805889,15,253.0,NEYBOUR'S TAVERN,3882 W MADISON ST,60604
933249,20,804.0,SAMS CLUB,4659 N MICHIGAN AVE,60615
919560,1,772.0,ALDI,3708 S ARCHER AVE,60629
602733,23,562.0,PORTILLOS,9672 W NORTH AVE,60601
995030,6,614.0,SHELL STATION,7432 N CICERO AVE,60631
29882,18,884.0,DOMINICKS,1276 W DEVON AVE,60616
925138,37,362.0,HOME DEPOT,9630 S HOUSTON AVE,60605
250510,23,253.0,COSTCO,1205 N CICERO AVE,60634
878778,48,303.0,SUBWAY,4336 W 63RD ST,60623
737467,34,632.0,WALMART,7621 N WESTERN AVE,60636
559588,39,281.0,SAMS CLUB,4203 S HOUSTON AVE,60639
563909,3,423.0,PORTILLOS,2590 W IRVING PARK RD,60621
652567,10,145.0,PORTILLOS,8915 W IRVING PARK RD,60613
429742,18,806.0,HONEYBEERS,4525 N BROADWAY,60623
962944,23,715.0,SUBWAY,2994 S HOUSTON AVE,60631
925956,17,499.0,WALGREENS,3449 W 63RD ST,60624
996690,3,680.0,LOWES,9802 W CHICAGO AVE,60617
659550,8,232.0,CVS PHARMACY,1729 W IRVING PARK RD,60607
865212,44,239.0,BP GAS STATION,3328 N CICERO AVE,60639
435259,26,916.0,KRAFT FOODS,1037 S PULASKI RD,60626
45075,7,379.0,CVS PHARMACY,2073 N WESTERN AVE,60612
44627,17,490.0,PORTILLOS,5673 W MADISON ST,60602
925671,28,127.0,WHOLE FOODS,8642 S WABASH AVE,60639
469717,16,820.0,DUNKIN DONUTS,7012 W 43RD ST,60638
144934,45,468.0,WHOLE FOODS,9432 S WABASH AVE,60617
865059,44,684.0,CELINA DELI,5667 S PULASKI RD,60621
362798,23,761.0,HOME DEPOT,7878 N MICHIGAN AVE,60619
929495,32,233.0,POTBELLY,9714 S STATE ST,60613
832690,6,536.0,DOMINICKS,1032 W CHICAGO AVE,60637
211645,2,300.0,MCDONALD'S,4192 W 63RD ST,60620
985644,23,588.0,PIZZA HUT,5050 S ARCHER AVE,60617
423987,27,514.0,COSTCO,7713 W MADISON ST,60633
921776,12,591.0,LOWES,4102 W 43RD ST,60626
821484,3,384.0,DOMINICKS,6210 N WESTERN AVE,60624
7473,12,823.0,SAMS CLUB,4594 W NORTH AVE,60617
654473,7,158.0,PIZZA HUT,9619 N MICHIGAN AVE,60603
208766,8,534.0,AUTOZONE,8900 W 43RD ST,60638
210219,34,289.0,SPEEDWAY,3630 S ARCHER AVE,60638
983601,10,241.0,WHOLE FOODS,2762 S ARCHER AVE,60620
181541,26,741.0,HONEYBEERS,6536 W 43RD ST,60607
206830,44,770.0,WALGREENS,3245 S ARCHER AVE,60609
577365,20,560.0,SPEEDWAY,3667 S PULASKI RD,60617
8664,47,145.0,SAMS CLUB,9201 W MADISON ST,60627
469217,40,232.0,CELINA DELI,8989 S COTTAGE GROVE AVE,60634
289270,8,717.0,MARIANO'S,6063 S STATE ST,60606
280932,37,425.0,SUBWAY,7574 W 43RD ST,60636
469289,4,864.0,PIZZA HUT,650 S HALSTED ST,60614
624068,36,164.0,SUBWAY,8954 W 43RD ST,60632
490428,44,504.0,POTBELLY,4502 S COTTAGE GROVE AVE,60628
647453,14,257.0,PORTILLOS,4947 N CICERO AVE,60635
774343,11,487.0,BUONA BEEF,7008 S ARCHER AVE,60629
437791,12,537.0,NEYBOUR'S TAVERN,5893 W CHICAGO AVE,60629
346372,9,655.0,SAMS CLUB,2697 S STATE ST,60602
8668,32,334.0,SAMS CLUB,9356 S PULASKI RD,60640
452688,35,918.0,COSTCO,1829 S COTTAGE GROVE AVE,60640
500079,29,222.0,SHELL STATION,3784 S ARCHER AVE,60609
950815,47,191.0,SUBWAY,2108 N WESTERN AVE,60610
39733,1,250.0,LOU MALNATIS,9665 W NORTH AVE,60622
664280,15,128.0,NEYBOUR'S TAVERN,5065 N CLARK ST,60634
984945,21,523.0,JEWEL OSCO,2078 N BROADWAY,60624
598623,2,736.0,SPEEDWAY,2359 N SOUTHPORT AVE,60627
668994,16,149.0,CVS PHARMACY,784 S HOUSTON AVE,60605
547873,10,998.0,ALDI,4033 N CLARK ST,60606
839705,23,378.0,AUTOZONE,5810 W 43RD ST,60640
29342,18,796.0,HOME DEPOT,9968 W 63RD ST,60636
694495,40,232.0,HOME DEPOT,4572 S COTTAGE GROVE AVE,60608
5070,47,205.0,GIORDANOS,2585 W MADISON ST,60625
307980,39,354.0,WALGREENS,9578 N SOUTHPORT AVE,60640
95252,46,534.0,POTBELLY,4346 N CICERO AVE,60626
508685,11,215.0,SPEEDWAY,9266 N WESTERN AVE,60639
688211,34,341.0,CVS PHARMACY,3833 S HOUSTON AVE,60611
233432,17,769.0,ADVANCE AUTO,1800 S STATE ST,60620
237982,6,959.0,POTBELLY,1138 W 63RD ST,60614
132598,24,384.0,PORTILLOS,4357 S COTTAGE GROVE AVE,60624
255769,23,224.0,BP GAS STATION,4826 W NORTH AVE,60610
831151,16,537.0,DUNKIN DONUTS,9909 S ARCHER AVE,60604
663412,48,700.0,SAMS CLUB,1043 W DEVON AVE,60617
218041,22,182.0,REGGIE'S BAR & GRILL,753 S HALSTED ST,60620
186428,40,461.0,ALDI,1294 S COTTAGE GROVE AVE,60638
574040,8,986.0,SPEEDWAY,9900 W CHICAGO AVE,60619
475326,21,450.0,STARBUCKS,7083 S COTTAGE GROVE AVE,60617
96150,14,949.0,BUONA BEEF,3861 N SOUTHPORT AVE,60602
59235,38,296.0,TRADER JOES,5443 W IRVING PARK RD,60629
986172,34,871.0,DUNKIN DONUTS,1766 N BROADWAY,60624
260248,11,749.0,TRADER JOES,5216 N BROADWAY,60627
842188,35,368.0,PORTILLOS,1890 S ARCHER AVE,60621
225542,11,224.0,TARGET,9373 W 43RD ST,60620
834648,19,102.0,WALMART,1284 N CLARK ST,60614
42376,44,109.0,ALDI,3182 S HOUSTON AVE,60610
817413,4,699.0,SEVEN ELEVEN,5961 S ARCHER AVE,60601
470056,27,355.0,GIORDANOS,6166 N WESTERN AVE,60639
605344,21,489.0,MCDONALD'S,1824 S WABASH AVE,60611
967795,35,174.0,ALDI,7502 W 43RD ST,60639
471059,15,296.0,LOU MALNATIS,6162 S HOUSTON AVE,60602
708642,7,252.0,JEWEL OSCO,2993 N MICHIGAN AVE,60635
169328,40,370.0,ADVANCE AUTO,8091 S HOUSTON AVE,60622
112797,32,258.0,LOU MALNATIS,163 N SOUTHPORT AVE,60618
356381,2,322.0,HONEYBEERS,9624 S ARCHER AVE,60636
800181,49,834.0,MCDONALD'S,7298 N BROADWAY,60629
170541,16,805.0,HONEYBEERS,9635 S HOUSTON AVE,60639
949945,43,475.0,ADVANCE AUTO,6076 S HOUSTON AVE,60613
717331,36,630.0,WALMART,8202 N CICERO AVE,60602
124355,38,108.0,WALMART,7818 S HALSTED ST,60631
141520,40,362.0,PORTILLOS,3764 N CLARK ST,60611
199435,27,345.0,AUTOZONE,3123 W 63RD ST,60603
57775,46,159.0,DUNKIN DONUTS,8658 W CHICAGO AVE,60626
634321,7,154.0,REGGIE'S BAR & GRILL,9538 W 43RD ST,60601
968426,8,664.0,HOME DEPOT,107 W 63RD ST,60611
433581,39,341.0,HONEYBEERS,9460 S STATE ST,60610
137816,49,561.0,JEWEL OSCO,7948 W 43RD ST,60609
953238,12,837.0,BUONA BEEF,360 N CICERO AVE,60617
533908,34,950.0,SUBWAY,1498 S HOUSTON AVE,60603
615809,3,590.0,TRADER JOES,199 N WESTERN AVE,60630
9107,39,806.0,NEYBOUR'S TAVERN,3112 W IRVING PARK RD,60639
192713,11,154.0,AUTOZONE,4318 W 43RD ST,60604
595577,21,337.0,SUBWAY,6609 W 63RD ST,60612
561484,43,607.0,HONEYBEERS,6483 N CLARK ST,60634
373067,12,304.0,ALDI,1538 W CHICAGO AVE,60614
877672,37,989.0,WALGREENS,1890 S PULASKI RD,60607
778873,15,103.0,DUNKIN DONUTS,4042 S HOUSTON AVE,60616
175477,22,141.0,DOMINICKS,5609 S STATE ST,60640
193611,45,695.0,ALDI,2070 W NORTH AVE,60604
475626,50,770.0,BUONA BEEF,1196 S PULASKI RD,60601
135970,27,177.0,SUBWAY,2948 S HOUSTON AVE,60631
100688,36,873.0,CVS PHARMACY,5239 N BROADWAY,60632
842685,11,857.0,SUBWAY,2021 S HALSTED ST,60635
313179,6,313.0,TONY'S FINER FOODS,5673 W 43RD ST,60611
97398,21,543.0,HONEYBEERS,8593 N CLARK ST,60602
39694,27,417.0,SAMS CLUB,2593 S ARCHER AVE,60633
32494,19,581.0,TARGET,9068 W IRVING PARK RD,60629
41892,6,127.0,SEVEN ELEVEN,6780 N CLARK ST,60613
9231,37,340.0,SUBWAY,7699 W 43RD ST,60636
463638,30,240.0,SAMS CLUB,9497 W 43RD ST,60603
993773,22,255.0,PIZZA HUT,5121 W 63RD ST,60613
218242,46,336.0,CVS PHARMACY,6176 S STATE ST,60626
337672,16,756.0,ALDI,2687 W IRVING PARK RD,60628
779746,48,653.0,AUTOZONE,982 N BROADWAY,60622
149502,23,352.0,REGGIE'S BAR & GRILL,7177 S PULASKI RD,60609
771500,29,477.0,MCDONALD'S,3509 W NORTH AVE,60627
346326,9,331.0,COSTCO,5358 N WESTERN AVE,60601
468346,28,162.0,TRADER JOES,5377 W IRVING PARK RD,60614
698885,3,271.0,DOMINICKS,5686 S STATE ST,60624
413534,13,936.0,DUNKIN DONUTS,4300 S HALSTED ST,60626
533887,22,720.0,SHELL STATION,3977 W DEVON AVE,60618
36000,6,377.0,LOU MALNATIS,7397 S STATE ST,60620
207070,5,907.0,KRAFT FOODS,272 S WABASH AVE,60618
168528,50,171.0,REGGIE'S BAR & GRILL,6403 S COTTAGE GROVE AVE,60602
771329,26,400.0,TRADER JOES,7005 S STATE ST,60628
536803,14,512.0,POTBELLY,7016 S PULASKI RD,60640
912185,7,349.0,REGGIE'S BAR & GRILL,2444 W 43RD ST,60626
751392,44,115.0,ALDI,1123 N MICHIGAN AVE,60631
496806,37,548.0,LOU MALNATIS,601 W 63RD ST,60637
346290,44,918.0,BUONA BEEF,8823 N CICERO AVE,60622
574054,47,288.0,TRADER JOES,3898 W IRVING PARK RD,60611
951294,30,774.0,AUTOZONE,9299 S HALSTED ST,60633
289963,34,661.0,WALGREENS,9283 S ARCHER AVE,60631
239806,28,673.0,COSTCO,9473 S HOUSTON AVE,60610
233095,4,956.0,TONY'S FINER FOODS,3445 N WESTERN AVE,60601
659613,1,823.0,SHELL STATION,1590 N SOUTHPORT AVE,60610
730800,30,311.0,MCDONALD'S,1372 W NORTH AVE,60621
628629,44,178.0,WALMART,290 S WABASH AVE,60640
143131,23,309.0,DUNKIN DONUTS,1486 W DEVON AVE,60617
723853,19,272.0,CELINA DELI,5211 N WESTERN AVE,60604
178117,25,793.0,LOWES,1294 S WABASH AVE,60603
313064,8,586.0,NEYBOUR'S TAVERN,5170 N SOUTHPORT AVE,60629
234845,42,191.0,JEWEL OSCO,8592 N MICHIGAN AVE,60621
700445,3,619.0,HOME DEPOT,3551 S HALSTED ST,60635
221866,42,994.0,AUTOZONE,567 S COTTAGE GROVE AVE,60605
932927,40,373.0,REGGIE'S BAR & GRILL,4404 N MICHIGAN AVE,60627
523644,16,590.0,AUTOZONE,4959 S WABASH AVE,60623
908205,8,150.0,ALDI,6647 W 43RD ST,60615
983448,46,703.0,SUBWAY,2904 S HOUSTON AVE,60620
349189,1,268.0,TRADER JOES,5851 N WESTERN AVE,60626
487657,45,979.0,COSTCO,4942 S COTTAGE GROVE AVE,60614
681601,49,709.0,TARGET,9048 S STATE ST,60630
985985,9,556.0,SAMS CLUB,7608 S ARCHER AVE,60610
199868,8,263.0,REGGIE'S BAR & GRILL,1455 N SOUTHPORT AVE,60627
165670,2,690.0,SEVEN ELEVEN,9981 S STATE ST,60603
533149,12,531.0,JEWEL OSCO,9012 S HOUSTON AVE,60612
118238,41,460.0,KRAFT FOODS,7424 N WESTERN AVE,60633
98486,22,298.0,REGGIE'S BAR & GRILL,7496 W NORTH AVE,60629
384416,13,814.0,WALMART,1717 N CLARK ST,60607
731332,14,912.0,LOU MALNATIS,6904 S WABASH AVE,60640
374415,28,512.0,NEYBOUR'S TAVERN,863 S ARCHER AVE,60638
352510,17,548.0,TRADER JOES,9528 W 63RD ST,60624
123038,12,235.0,STARBUCKS,792 S HOUSTON AVE,60606
925297,44,870.0,PORTILLOS,3144 S ARCHER AVE,60628
550419,45,170.0,DOMINICKS,3556 N MICHIGAN AVE,60637
166261,8,315.0,CELINA DELI,427 S HALSTED ST,60634
92696,4,375.0,SHELL STATION,3706 W MADISON ST,60608
35269,22,976.0,NEYBOUR'S TAVERN,5792 S WABASH AVE,60602
201128,28,813.0,CVS PHARMACY,5525 S WABASH AVE,60612
41452,31,297.0,TONY'S FINER FOODS,1284 N MICHIGAN AVE,60636
448188,35,726.0,NEYBOUR'S TAVERN,8530 S ARCHER AVE,60619
748637,24,527.0,MCDONALD'S,1398 W MADISON ST,60617
660227,42,120.0,STARBUCKS,1621 N CICERO AVE,60616
272809,43,291.0,LOWES,5879 N BROADWAY,60631
632853,48,348.0,STARBUCKS,2607 N MICHIGAN AVE,60639
188241,6,502.0,ADVANCE AUTO,5498 S WABASH AVE,60608
244433,13,287.0,HONEYBEERS,9737 W 43RD ST,60623
600744,9,459.0,SEVEN ELEVEN,3927 W MADISON ST,60640
969396,26,565.0,COSTCO,3359 S COTTAGE GROVE AVE,60628
138977,14,246.0,WHOLE FOODS,7896 S HOUSTON AVE,60627
815297,23,289.0,TRADER JOES,9339 N CICERO AVE,60622
698047,7,919.0,HONEYBEERS,1062 S HOUSTON AVE,60613
542605,15,132.0,PORTILLOS,5968 W 43RD ST,60632
803860,45,822.0,TARGET,6971 S WABASH AVE,60606
65431,8,929.0,SEVEN ELEVEN,8716 W CHICAGO AVE,60640
204764,26,217.0,GIORDANOS,6744 W MADISON ST,60638
918304,6,183.0,REGGIE'S BAR & GRILL,5733 S COTTAGE GROVE AVE,60636
320275,15,173.0,WALMART,690 N CLARK ST,60637
527336,3,719.0,REGGIE'S BAR & GRILL,6404 S ARCHER AVE,60635
226630,38,211.0,WHOLE FOODS,9327 S ARCHER AVE,60609
660585,6,969.0,ALDI,5832 W CHICAGO AVE,60615
150038,40,116.0,PIZZA HUT,6667 N SOUTHPORT AVE,60607
229089,2,488.0,STARBUCKS,264 W 63RD ST,60605
923295,27,917.0,TRADER JOES,2816 W NORTH AVE,60622
17064,28,330.0,REGGIE'S BAR & GRILL,2343 W DEVON AVE,60635
620124,16,584.0,SHELL STATION,9803 W 43RD ST,60604
742710,46,968.0,WALGREENS,5088 W DEVON AVE,60601
814985,25,840.0,GIORDANOS,6771 N MICHIGAN AVE,60601
267621,14,167.0,POTBELLY,1353 W 63RD ST,60622
603393,48,136.0,AUTOZONE,1048 N CLARK ST,60635
973833,6,610.0,SUBWAY,4331 W NORTH AVE,60615
483527,36,438.0,WHOLE FOODS,2351 N MICHIGAN AVE,60618
657916,49,766.0,PIZZA HUT,5672 S HOUSTON AVE,60630
43957,28,235.0,REGGIE'S BAR & GRILL,116 S HOUSTON AVE,60610
922062,3,680.0,HONEYBEERS,251 N BROADWAY,60638
730626,7,730.0,JEWEL OSCO,2357 N CICERO AVE,60622
725248,43,415.0,GIORDANOS,4208 W MADISON ST,60618
833369,2,880.0,HONEYBEERS,9141 S WABASH AVE,60628
428580,29,233.0,SAMS CLUB,8973 W DEVON AVE,60636
508154,34,702.0,WALGREENS,4178 W CHICAGO AVE,60601
887501,11,813.0,MCDONALD'S,2265 W DEVON AVE,60607
171042,48,715.0,TARGET,7086 S HALSTED ST,60629
748717,49,941.0,WALGREENS,2682 S COTTAGE GROVE AVE,60629
890598,17,876.0,WALMART,4018 N BROADWAY,60633
249539,25,270.0,SAMS CLUB,2614 N CLARK ST,60626
192495,42,143.0,REGGIE'S BAR & GRILL,4935 N CICERO AVE,60626
70740,4,964.0,REGGIE'S BAR & GRILL,6938 W 43RD ST,60627
964842,38,739.0,GIORDANOS,5140 N CICERO AVE,60608
800118,6,248.0,STARBUCKS,8209 N MICHIGAN AVE,60601
851783,32,395.0,DUNKIN DONUTS,5047 W 63RD ST,60633
457049,24,385.0,PORTILLOS,8110 W 63RD ST,60608
917340,8,440.0,PORTILLOS,878 W IRVING PARK RD,60622
607685,7,439.0,SUBWAY,8914 N CLARK ST,60636
130914,45,478.0,MCDONALD'S,7507 N CICERO AVE,60612
108249,29,981.0,REGGIE'S BAR & GRILL,6046 W 43RD ST,60606
271433,26,428.0,SEVEN ELEVEN,6871 N SOUTHPORT AVE,60630
565910,32,659.0,PIZZA HUT,5428 N WESTERN AVE,60634
514367,18,997.0,PORTILLOS,2198 S ARCHER AVE,60604
153180,28,267.0,DUNKIN DONUTS,7607 S ARCHER AVE,60617
481574,31,567.0,REGGIE'S BAR & GRILL,8864 W NORTH AVE,60601
699432,49,512.0,POTBELLY,5835 S WABASH AVE,60611
862626,46,872.0,WALGREENS,6908 S ARCHER AVE,60616
934426,41,716.0,COSTCO,2193 S PULASKI RD,60619
929717,34,745.0,CELINA DELI,4593 W NORTH AVE,60632
43195,48,327.0,GIORDANOS,3292 W MADISON ST,60620
695232,3,214.0,REGGIE'S BAR & GRILL,153 N WESTERN AVE,60633
302155,3,850.0,DUNKIN DONUTS,2908 W 43RD ST,60605
567712,3,814.0,GIORDANOS,4504 N CICERO AVE,60603
578246,29,144.0,WALMART,3216 N CICERO AVE,60622
282487,25,788.0,CELINA DELI,5174 S STATE ST,60639
129272,43,557.0,BUONA BEEF,6851 S HALSTED ST,60638
953746,28,984.0,HONEYBEERS,6169 S HALSTED ST,60623
708657,7,301.0,PORTILLOS,4057 N MICHIGAN AVE,60633
362592,29,329.0,POTBELLY,7632 N CICERO AVE,60632
583898,21,166.0,GIORDANOS,6537 N WESTERN AVE,60630
936949,6,672.0,CVS PHARMACY,8746 W MADISON ST,60622
837256,3,866.0,REGGIE'S BAR & GRILL,8857 S HOUSTON AVE,60633
80700,15,434.0,TRADER JOES,3801 S HALSTED ST,60637
385563,5,288.0,POTBELLY,8316 S ARCHER AVE,60601
566306,36,419.0,DOMINICKS,3283 N CLARK ST,60620
371508,12,689.0,GIORDANOS,1968 N CLARK ST,60623
875269,45,978.0,NEYBOUR'S TAVERN,3310 W MADISON ST,60632
202107,16,702.0,CELINA DELI,9341 W DEVON AVE,60623
661231,18,523.0,TARGET,2916 S HALSTED ST,60611
941116,40,984.0,JEWEL OSCO,6908 S ARCHER AVE,60634
240151,11,559.0,SUBWAY,5225 W CHICAGO AVE,60605
658275,16,491.0,MARIANO'S,7699 N WESTERN AVE,60608
674078,22,480.0,DUNKIN DONUTS,4422 W 43RD ST,60632
709681,18,914.0,POTBELLY,1583 S WABASH AVE,60629
988333,23,271.0,CVS PHARMACY,7868 W MADISON ST,60601
230604,37,866.0,SUBWAY,8299 W 43RD ST,60616
402807,16,529.0,LOU MALNATIS,1270 S ARCHER AVE,60635
322411,31,463.0,STARBUCKS,6040 N WESTERN AVE,60606
348851,7,912.0,TARGET,6001 W DEVON AVE,60638
849766,40,205.0,WALGREENS,2372 N MICHIGAN AVE,60611
160095,5,596.0,WALGREENS,6320 W MADISON ST,60626
466277,48,869.0,DUNKIN DONUTS,9267 N CLARK ST,60617
493754,21,788.0,MCDONALD'S,5871 S PULASKI RD,60610
970223,5,973.0,LOU MALNATIS,983 N CLARK ST,60622
101795,12,577.0,TONY'S FINER FOODS,6400 N MICHIGAN AVE,60607
5038,42,966.0,WHOLE FOODS,2592 W MADISON ST,60629
298988,18,699.0,WALMART,4047 W 43RD ST,60622
251292,35,241.0,JEWEL OSCO,779 N BROADWAY,60603
581548,24,752.0,SHELL STATION,724 W 43RD ST,60629
654073,50,170.0,MARIANO'S,4421 W NORTH AVE,60631
171294,48,355.0,BUONA BEEF,6177 S ARCHER AVE,60607
811899,49,530.0,LOU MALNATIS,3439 S WABASH AVE,60640
689952,37,842.0,POTBELLY,3915 N CICERO AVE,60602
528515,33,448.0,JEWEL OSCO,6933 N BROADWAY,60640
487873,1,532.0,TARGET,7559 W MADISON ST,60637
639376,35,222.0,ALDI,1684 S PULASKI RD,60605
699457,34,516.0,SHELL STATION,9769 S STATE ST,60623
591217,34,111.0,JEWEL OSCO,4643 N SOUTHPORT AVE,60631
253032,18,853.0,REGGIE'S BAR & GRILL,2233 W 43RD ST,60633
818428,49,532.0,DOMINICKS,142 N WESTERN AVE,60637
815328,8,237.0,JEWEL OSCO,3218 S ARCHER AVE,60603
356484,42,853.0,BUONA BEEF,9561 W NORTH AVE,60620
541782,17,122.0,HOME DEPOT,2003 N CLARK ST,60606
796973,5,974.0,WHOLE FOODS,7100 N MICHIGAN AVE,60616
473942,39,880.0,LOU MALNATIS,6455 S STATE ST,60601
669223,6,701.0,AUTOZONE,8350 W 63RD ST,60635
314170,10,833.0,SUBWAY,4831 S COTTAGE GROVE AVE,60626
242905,30,444.0,REGGIE'S BAR & GRILL,3788 W MADISON ST,60635
509776,1,549.0,MARIANO'S,2489 S COTTAGE GROVE AVE,60611
796342,47,869.0,TARGET,1650 W MADISON ST,60622
849338,11,520.0,CELINA DELI,1649 W 63RD ST,60626
953047,49,206.0,SAMS CLUB,5173 W CHICAGO AVE,60631
216555,33,278.0,MARIANO'S,7756 S ARCHER AVE,60616
929484,32,126.0,ADVANCE AUTO,9002 W 43RD ST,60634
516273,32,104.0,PORTILLOS,6064 W NORTH AVE,60608
752616,9,203.0,WALGREENS,9628 S PULASKI RD,60606
67447,14,719.0,BP GAS STATION,1005 W 43RD ST,60614
57488,39,814.0,REGGIE'S BAR & GRILL,7106 W DEVON AVE,60625
652514,25,256.0,BUONA BEEF,2209 N CLARK ST,60629
433529,44,207.0,MARIANO'S,8405 S PULASKI RD,60625
771165,28,745.0,WALMART,872 W DEVON AVE,60613
422854,27,165.0,LOU MALNATIS,1668 S STATE ST,60618
480826,36,485.0,STARBUCKS,9975 S STATE ST,60606
109858,10,982.0,HONEYBEERS,9508 S HOUSTON AVE,60601
549155,15,908.0,MCDONALD'S,5257 S ARCHER AVE,60610
950526,45,706.0,LOWES,3134 N CICERO AVE,60622
339898,27,136.0,KRAFT FOODS,9324 S HALSTED ST,60631
969711,32,497.0,WALMART,4756 N MICHIGAN AVE,60629
750556,1,855.0,KRAFT FOODS,6290 S STATE ST,60603
808506,24,548.0,SAMS CLUB,3050 S COTTAGE GROVE AVE,60615
234693,38,444.0,CVS PHARMACY,1671 W IRVING PARK RD,60605
197842,22,412.0,JEWEL OSCO,934 N MICHIGAN AVE,60608
249866,4,462.0,TONY'S FINER FOODS,9253 W IRVING PARK RD,60613
429437,13,994.0,WALMART,2177 W CHICAGO AVE,60609
835675,30,798.0,STARBUCKS,3522 W MADISON ST,60639
173350,27,602.0,WALMART,5511 N MICHIGAN AVE,60638
833923,28,887.0,MARIANO'S,9692 S WABASH AVE,60638
850643,41,828.0,DOMINICKS,868 S COTTAGE GROVE AVE,60628
66199,36,548.0,SUBWAY,7126 W NORTH AVE,60627
296533,32,784.0,SAMS CLUB,8258 S HALSTED ST,60637
68151,18,196.0,TONY'S FINER FOODS,8595 S HALSTED ST,60632
829527,35,866.0,AUTOZONE,5700 S PULASKI RD,60631
708065,50,412.0,DOMINICKS,3124 S COTTAGE GROVE AVE,60637
930519,46,176.0,DUNKIN DONUTS,8838 S COTTAGE GROVE AVE,60630
467633,36,135.0,SHELL STATION,7848 N CICERO AVE,60619
157777,45,466.0,AUTOZONE,2972 W IRVING PARK RD,60611
649248,25,556.0,STARBUCKS,7267 N BROADWAY,60632
292548,6,152.0,LOWES,8707 S HALSTED ST,60634
824199,4,821.0,KRAFT FOODS,8155 N CLARK ST,60619
793342,44,803.0,NEYBOUR'S TAVERN,3873 N CLARK ST,60611
20675,28,269.0,ALDI,7804 W 43RD ST,60624
39819,39,526.0,SAMS CLUB,1941 N CICERO AVE,60639
18366,4,782.0,MARIANO'S,6179 W 43RD ST,60625
363324,45,993.0,PORTILLOS,1742 W DEVON AVE,60629
3275,46,585.0,TARGET,3872 S HOUSTON AVE,60612
916484,18,878.0,CELINA DELI,6528 W MADISON ST,60640
344168,24,668.0,DUNKIN DONUTS,1640 S HOUSTON AVE,60640
696073,31,795.0,SHELL STATION,6116 S HOUSTON AVE,60638
354878,31,866.0,GIORDANOS,7825 W 43RD ST,60612
649140,31,402.0,LOWES,1505 N WESTERN AVE,60626
834816,45,863.0,SUBWAY,2787 W DEVON AVE,60630
649396,49,339.0,REGGIE'S BAR & GRILL,9649 W CHICAGO AVE,60629
351450,2,524.0,KRAFT FOODS,783 W 43RD ST,60604
832123,34,408.0,SAMS CLUB,7072 W IRVING PARK RD,60605
371502,5,482.0,MCDONALD'S,5120 S HALSTED ST,60631
537787,4,341.0,TARGET,8748 N WESTERN AVE,60611
108095,6,415.0,KRAFT FOODS,8852 S STATE ST,60612
65647,23,422.0,STARBUCKS,7348 W 63RD ST,60601
920354,42,467.0,STARBUCKS,1015 S WABASH AVE,60634
984263,13,917.0,REGGIE'S BAR & GRILL,3043 W IRVING PARK RD,60627
345908,6,704.0,ALDI,8675 N WESTERN AVE,60608
322031,10,163.0,TARGET,3689 S STATE ST,60633
387283,42,143.0,ALDI,2828 W 43RD ST,60601
957804,41,123.0,CVS PHARMACY,7255 N BROADWAY,60639
646857,21,289.0,SHELL STATION,128 W 63RD ST,60614
694806,27,846.0,WALGREENS,5060 W 43RD ST,60634
81762,14,514.0,CELINA DELI,4169 W NORTH AVE,60604
491401,43,536.0,SUBWAY,1007 N SOUTHPORT AVE,60623
14370,49,497.0,WALGREENS,557 N WESTERN AVE,60623
673819,41,698.0,MARIANO'S,6040 N CICERO AVE,60630
52063,41,707.0,MCDONALD'S,4584 W MADISON ST,60630
174894,36,522.0,NEYBOUR'S TAVERN,5483 S HOUSTON AVE,60638
966801,27,759.0,TONY'S FINER FOODS,2542 W NORTH AVE,60630
172544,35,156.0,POTBELLY,5587 N WESTERN AVE,60611
688315,42,732.0,PORTILLOS,7627 S PULASKI RD,60639
964365,17,961.0,POTBELLY,5612 S ARCHER AVE,60628
156985,29,626.0,SUBWAY,3677 S HALSTED ST,60636
720573,48,757.0,WALGREENS,5591 W NORTH AVE,60638
79033,30,282.0,DOMINICKS,6086 W 43RD ST,60603
970693,40,531.0,SEVEN ELEVEN,7113 W CHICAGO AVE,60616
582801,46,500.0,LOWES,3696 S PULASKI RD,60609
743090,35,477.0,POTBELLY,9260 S PULASKI RD,60623
690182,19,545.0,GIORDANOS,6686 S PULASKI RD,60622
668856,40,722.0,SHELL STATION,8314 W DEVON AVE,60629
903411,37,103.0,DUNKIN DONUTS,5997 W 43RD ST,60608
745515,32,649.0,WHOLE FOODS,1274 S HALSTED ST,60612
74891,38,557.0,TRADER JOES,969 S ARCHER AVE,60604
509728,3,351.0,PORTILLOS,2654 N MICHIGAN AVE,60606
433041,4,309.0,SUBWAY,6438 N CLARK ST,60629
15930,4,489.0,BP GAS STATION,8238 S WABASH AVE,60611
773848,13,642.0,COSTCO,7345 W NORTH AVE,60625
880956,8,653.0,ADVANCE AUTO,2991 N BROADWAY,60628
925061,31,305.0,AUTOZONE,7637 N MICHIGAN AVE,60609
403607,11,319.0,SHELL STATION,6694 W NORTH AVE,60605
280597,12,614.0,HOME DEPOT,4418 N MICHIGAN AVE,60623
162170,38,508.0,WALGREENS,1671 W MADISON ST,60617
293966,49,439.0,AUTOZONE,2071 W IRVING PARK RD,60611
120965,44,323.0,MCDONALD'S,4657 W DEVON AVE,60622
743031,16,404.0,DUNKIN DONUTS,4202 N MICHIGAN AVE,60620
186328,33,340.0,AUTOZONE,5139 W DEVON AVE,60614
157425,6,750.0,TRADER JOES,2956 N BROADWAY,60609
638923,16,470.0,MARIANO'S,7965 W DEVON AVE,60613
239949,46,871.0,PIZZA HUT,4668 S ARCHER AVE,60614
467917,39,924.0,AUTOZONE,8634 W MADISON ST,60615
784958,11,349.0,REGGIE'S BAR & GRILL,1851 N BROADWAY,60626
656930,24,708.0,ADVANCE AUTO,3617 N BROADWAY,60633
895585,38,340.0,SAMS CLUB,6550 N SOUTHPORT AVE,60627
684428,48,475.0,AUTOZONE,1338 N BROADWAY,60627
480717,23,955.0,CELINA DELI,5403 S ARCHER AVE,60606
249378,41,111.0,TRADER JOES,8777 W DEVON AVE,60628
867721,29,114.0,TRADER JOES,6119 S STATE ST,60636
277733,13,967.0,PIZZA HUT,7629 S COTTAGE GROVE AVE,60617
398586,14,136.0,BUONA BEEF,8038 N CLARK ST,60621
479853,19,951.0,MARIANO'S,3731 W 63RD ST,60607
466441,12,491.0,DOMINICKS,3889 N MICHIGAN AVE,60611
35770,48,616.0,HONEYBEERS,5393 S COTTAGE GROVE AVE,60620
194378,30,382.0,TRADER JOES,3006 W MADISON ST,60610
918940,25,408.0,LOU MALNATIS,4570 N CICERO AVE,60614
308105,28,115.0,LOU MALNATIS,1707 W IRVING PARK RD,60640
149348,32,843.0,BUONA BEEF,7914 S WABASH AVE,60609
688189,25,429.0,REGGIE'S BAR & GRILL,1332 W DEVON AVE,60604
264777,27,331.0,COSTCO,2079 W MADISON ST,60624
716372,36,349.0,CELINA DELI,6157 N CLARK ST,60625
993485,6,597.0,KRAFT FOODS,3393 N CLARK ST,60623
764647,46,901.0,ALDI,9797 W DEVON AVE,60607
197153,21,894.0,WALGREENS,2428 N MICHIGAN AVE,60614
201531,48,665.0,REGGIE'S BAR & GRILL,4059 N BROADWAY,60603
243059,39,585.0,LOU MALNATIS,1509 S HALSTED ST,60636
398502,41,631.0,MARIANO'S,4657 W DEVON AVE,60602
476398,49,824.0,ALDI,963 N MICHIGAN AVE,60616
270196,41,921.0,TONY'S FINER FOODS,8668 S WABASH AVE,60619
631004,43,853.0,WALMART,601 W IRVING PARK RD,60639
967865,33,294.0,COSTCO,7657 N MICHIGAN AVE,60625
752054,15,924.0,TARGET,6644 N CICERO AVE,60625
721064,18,353.0,WALMART,6676 W 63RD ST,60610
938105,47,320.0,SEVEN ELEVEN,6386 N WESTERN AVE,60604
563515,47,644.0,TRADER JOES,299 N BROADWAY,60637
564972,7,179.0,REGGIE'S BAR & GRILL,6837 S WABASH AVE,60607
543001,8,283.0,SPEEDWAY,901 N WESTERN AVE,60633
508389,40,747.0,GIORDANOS,2075 N SOUTHPORT AVE,60633
946320,39,209.0,KRAFT FOODS,3009 S COTTAGE GROVE AVE,60619
438391,14,738.0,COSTCO,7978 W DEVON AVE,60618
985138,24,387.0,WALGREENS,6120 W DEVON AVE,60635
154637,7,816.0,BUONA BEEF,8079 S ARCHER AVE,60613
63962,46,275.0,WALMART,4711 S ARCHER AVE,60638
807935,47,613.0,AUTOZONE,7625 S PULASKI RD,60604
249562,3,891.0,NEYBOUR'S TAVERN,3311 N BROADWAY,60610
294424,18,468.0,MCDONALD'S,1061 S PULASKI RD,60622
681990,25,430.0,STARBUCKS,4651 S STATE ST,60637
754030,38,947.0,NEYBOUR'S TAVERN,1887 N WESTERN AVE,60627
326948,26,441.0,AUTOZONE,9499 S STATE ST,60621
471698,49,200.0,NEYBOUR'S TAVERN,7893 S PULASKI RD,60633
16102,40,563.0,POTBELLY,2526 S PULASKI RD,60602
824665,31,921.0,MCDONALD'S,1852 N WESTERN AVE,60610
32478,16,596.0,SUBWAY,5949 W DEVON AVE,60614
211127,14,180.0,BUONA BEEF,712 W DEVON AVE,60609
832712,7,376.0,WALGREENS,6397 N SOUTHPORT AVE,60632
390306,29,681.0,LOWES,412 N CLARK ST,60638
505167,11,578.0,GIORDANOS,2223 N CICERO AVE,60605
981801,1,921.0,DOMINICKS,5603 S WABASH AVE,60634
836897,49,698.0,TRADER JOES,734 W MADISON ST,60637
45550,36,876.0,TONY'S FINER FOODS,1953 W NORTH AVE,60615
338223,18,112.0,TARGET,8121 S PULASKI RD,60629
574368,1,972.0,KRAFT FOODS,4108 W MADISON ST,60609
86615,6,448.0,ALDI,5602 W 63RD ST,60608
455507,44,424.0,STARBUCKS,7099 N SOUTHPORT AVE,60633
179630,35,703.0,HONEYBEERS,746 W DEVON AVE,60601
858469,41,808.0,KRAFT FOODS,3030 W 43RD ST,60613
286496,1,727.0,SPEEDWAY,2896 S HOUSTON AVE,60618
660673,39,111.0,GIORDANOS,2039 W CHICAGO AVE,60620
971800,35,234.0,PORTILLOS,9440 W NORTH AVE,60613
970858,6,243.0,PIZZA HUT,5642 W NORTH AVE,60614
501928,33,294.0,SEVEN ELEVEN,6501 S WABASH AVE,60621
125629,38,278.0,AUTOZONE,3399 N SOUTHPORT AVE,60602
188654,38,294.0,JEWEL OSCO,709 S HALSTED ST,60619
103832,29,654.0,SEVEN ELEVEN,5630 N SOUTHPORT AVE,60603
672537,16,439.0,BUONA BEEF,9984 S PULASKI RD,60613
310976,35,535.0,PORTILLOS,5849 W CHICAGO AVE,60627
125108,8,322.0,WALGREENS,5393 W 63RD ST,60614
851807,13,597.0,TRADER JOES,3587 S WABASH AVE,60634
192547,15,212.0,DOMINICKS,3987 N CICERO AVE,60629
782691,9,524.0,TRADER JOES,9383 W MADISON ST,60638
971970,14,525.0,HOME DEPOT,5504 W IRVING PARK RD,60625
270204,35,967.0,BP GAS STATION,7825 N WESTERN AVE,60621
452537,46,516.0,SHELL STATION,3067 W NORTH AVE,60639
386025,8,147.0,GIORDANOS,6722 N CICERO AVE,60632
223786,26,495.0,STARBUCKS,6185 S ARCHER AVE,60640
24575,7,630.0,TONY'S FINER FOODS,3314 W 43RD ST,60623
10474,3,366.0,DUNKIN DONUTS,573 S HOUSTON AVE,60608
6460,2,443.0,PORTILLOS,2458 S ARCHER AVE,60631
525998,28,732.0,MCDONALD'S,6774 S PULASKI RD,60633
278318,39,946.0,NEYBOUR'S TAVERN,6196 N BROADWAY,60621
44867,10,946.0,WALGREENS,6710 N CICERO AVE,60626
65123,34,405.0,SUBWAY,591 W IRVING PARK RD,60629
375531,3,315.0,REGGIE'S BAR & GRILL,7764 W IRVING PARK RD,60603
8697,37,852.0,STARBUCKS,5808 S STATE ST,60634
615802,16,600.0,SEVEN ELEVEN,7832 W IRVING PARK RD,60603
729426,6,370.0,NEYBOUR'S TAVERN,6045 N CICERO AVE,60606
914461,4,913.0,AUTOZONE,2283 N WESTERN AVE,60631
116699,12,385.0,SPEEDWAY,5566 N CLARK ST,60606
468889,29,402.0,CELINA DELI,9152 S HOUSTON AVE,60614
178459,16,488.0,COSTCO,9831 W DEVON AVE,60636
293843,37,641.0,BUONA BEEF,3747 W 63RD ST,60631
569538,46,355.0,ADVANCE AUTO,3755 W CHICAGO AVE,60633
362121,46,199.0,PIZZA HUT,1580 S HOUSTON AVE,60618
377706,11,641.0,BP GAS STATION,3926 W 63RD ST,60620
902375,22,174.0,SAMS CLUB,1906 W IRVING PARK RD,60633
665702,7,656.0,CELINA DELI,2550 N BROADWAY,60609
722974,4,508.0,WALGREENS,8236 N MICHIGAN AVE,60628
716464,27,980.0,MARIANO'S,8865 S PULASKI RD,60603
426507,23,775.0,HONEYBEERS,3940 S STATE ST,60637
136741,9,204.0,REGGIE'S BAR & GRILL,378 W CHICAGO AVE,60632
371627,17,413.0,KRAFT FOODS,7719 W 43RD ST,60636
388626,10,676.0,TONY'S FINER FOODS,6846 W IRVING PARK RD,60603
791545,23,997.0,CVS PHARMACY,1969 N WESTERN AVE,60601
26823,4,571.0,SEVEN ELEVEN,9672 N CICERO AVE,60639
793631,42,494.0,REGGIE'S BAR & GRILL,8000 S PULASKI RD,60610
8770,35,780.0,PIZZA HUT,6901 N WESTERN AVE,60623
643535,23,962.0,TARGET,1661 N MICHIGAN AVE,60636
745028,48,702.0,SUBWAY,5477 S ARCHER AVE,60620
598202,25,578.0,SHELL STATION,1129 W 63RD ST,60624
275498,48,664.0,PORTILLOS,4674 N WESTERN AVE,60614
698113,7,516.0,SAMS CLUB,9276 N MICHIGAN AVE,60640
215294,24,980.0,SUBWAY,7637 S COTTAGE GROVE AVE,60626
914736,3,939.0,DUNKIN DONUTS,570 W IRVING PARK RD,60640
695585,12,503.0,ALDI,3944 S HALSTED ST,60633
117644,10,506.0,TRADER JOES,8698 W 43RD ST,60636
658387,48,988.0,CELINA DELI,4382 S HOUSTON AVE,60608
187529,50,310.0,CVS PHARMACY,1161 S HALSTED ST,60639
689528,49,237.0,MARIANO'S,2297 S HALSTED ST,60623
46526,33,317.0,TONY'S FINER FOODS,5614 W NORTH AVE,60624
708485,28,548.0,SUBWAY,657 N BROADWAY,60624
422758,19,428.0,NEYBOUR'S TAVERN,7754 N CICERO AVE,60637
601769,12,185.0,WALMART,475 N MICHIGAN AVE,60629
876440,47,497.0,TONY'S FINER FOODS,8943 S HOUSTON AVE,60638
312993,8,966.0,BP GAS STATION,8622 W CHICAGO AVE,60628
3360,2,123.0,JEWEL OSCO,8583 W DEVON AVE,60639
495993,5,415.0,AUTOZONE,8005 N CLARK ST,60619
978840,24,996.0,CVS PHARMACY,3819 W 43RD ST,60621
711215,30,499.0,PIZZA HUT,8448 W NORTH AVE,60629
182272,6,236.0,PORTILLOS,3200 S PULASKI RD,60628
856243,20,645.0,LOU MALNATIS,8360 S PULASKI RD,60627
586006,42,284.0,DUNKIN DONUTS,1152 W NORTH AVE,60630
911874,6,903.0,COSTCO,2196 W CHICAGO AVE,60608
120292,40,725.0,BUONA BEEF,5080 W 63RD ST,60613
348466,5,139.0,DOMINICKS,7151 W CHICAGO AVE,60609
208036,36,362.0,TONY'S FINER FOODS,9759 W NORTH AVE,60614
266762,5,574.0,HONEYBEERS,2417 W NORTH AVE,60638
559389,27,621.0,BUONA BEEF,9640 S ARCHER AVE,60631
950165,11,737.0,HOME DEPOT,672 S ARCHER AVE,60622
517820,22,424.0,PIZZA HUT,781 S STATE ST,60631
287037,28,851.0,WALGREENS,6864 N SOUTHPORT AVE,60636
395644,28,191.0,WALMART,366 N SOUTHPORT AVE,60628
62325,26,677.0,TARGET,8199 W 63RD ST,60627
452449,9,238.0,AUTOZONE,7006 S PULASKI RD,60626
946147,16,715.0,ALDI,5141 S HALSTED ST,60639
457464,27,276.0,POTBELLY,3882 W IRVING PARK RD,60625
827247,28,926.0,PORTILLOS,489 N WESTERN AVE,60608
629941,3,571.0,SUBWAY,719 N CICERO AVE,60634
106631,22,611.0,CVS PHARMACY,4581 S STATE ST,60631
921193,34,614.0,PORTILLOS,4830 S ARCHER AVE,60612
234366,9,986.0,PORTILLOS,6142 N SOUTHPORT AVE,60624
500063,10,505.0,COSTCO,7266 N BROADWAY,60631
234678,20,740.0,TONY'S FINER FOODS,3669 S PULASKI RD,60623
719188,46,764.0,MCDONALD'S,1708 S STATE ST,60637
628043,10,932.0,AUTOZONE,9304 S PULASKI RD,60629
516738,50,241.0,POTBELLY,7450 W IRVING PARK RD,60622
423979,29,321.0,ALDI,7379 N MICHIGAN AVE,60629
433,13,934.0,SEVEN ELEVEN,5068 S STATE ST,60621
744564,12,933.0,LOWES,2510 N CLARK ST,60632
389279,12,393.0,WALGREENS,9819 W 43RD ST,60613
894655,32,565.0,WALGREENS,1249 N MICHIGAN AVE,60602
796530,2,923.0,BP GAS STATION,7881 S ARCHER AVE,60610
394295,14,912.0,WALMART,215 S WABASH AVE,60633
219609,35,117.0,WHOLE FOODS,7403 N CICERO AVE,60619
111538,45,114.0,MCDONALD'S,2950 N CICERO AVE,60640
316508,5,733.0,SPEEDWAY,760 W IRVING PARK RD,60601
16418,18,492.0,WHOLE FOODS,5394 W DEVON AVE,60639
2611,10,451.0,CVS PHARMACY,8012 N MICHIGAN AVE,60623
421795,49,636.0,WALMART,6707 N MICHIGAN AVE,60634
853925,19,390.0,BUONA BEEF,8471 W DEVON AVE,60640
784947,37,413.0,COSTCO,5190 W DEVON AVE,60611
821210,18,376.0,DOMINICKS,7227 W IRVING PARK RD,60635
730691,19,372.0,LOWES,872 N SOUTHPORT AVE,60601
102192,15,100.0,CVS PHARMACY,6688 N WESTERN AVE,60631
818522,21,132.0,LOU MALNATIS,2306 S PULASKI RD,60634
772908,31,507.0,STARBUCKS,6040 S WABASH AVE,60606
527625,34,705.0,COSTCO,3521 W NORTH AVE,60629
517223,26,993.0,SEVEN ELEVEN,8677 N CICERO AVE,60640
63592,18,737.0,SHELL STATION,1380 S COTTAGE GROVE AVE,60621
199242,5,800.0,SAMS CLUB,6948 W NORTH AVE,60615
814643,32,262.0,COSTCO,5469 W CHICAGO AVE,60611
873384,7,646.0,ALDI,648 S WABASH AVE,60609
95990,24,251.0,TRADER JOES,1812 S ARCHER AVE,60625
442923,12,613.0,TONY'S FINER FOODS,2100 N CICERO AVE,60627
29781,42,269.0,PORTILLOS,7252 S PULASKI RD,60638
988173,45,186.0,MARIANO'S,9775 S WABASH AVE,60635
648290,26,522.0,GIORDANOS,5536 W NORTH AVE,60630
91711,17,245.0,MCDONALD'S,790 W MADISON ST,60639
698116,16,220.0,TRADER JOES,3084 W 63RD ST,60631
613371,15,657.0,LOWES,9952 S STATE ST,60636
611912,43,878.0,HONEYBEERS,7147 N CLARK ST,60613
131421,35,338.0,PORTILLOS,532 S HOUSTON AVE,60621
830280,42,243.0,SEVEN ELEVEN,8651 S WABASH AVE,60626
204477,9,485.0,DUNKIN DONUTS,3253 W MADISON ST,60624
465622,50,414.0,PIZZA HUT,2130 W CHICAGO AVE,60632
956253,24,211.0,ALDI,8523 N CLARK ST,60626
806493,50,622.0,POTBELLY,5981 N CLARK ST,60601
597639,26,864.0,HONEYBEERS,7717 W MADISON ST,60630
595777,42,214.0,WHOLE FOODS,697 N MICHIGAN AVE,60616
209665,50,374.0,CELINA DELI,8044 N MICHIGAN AVE,60635
676519,8,282.0,TONY'S FINER FOODS,1293 S COTTAGE GROVE AVE,60618
224295,31,760.0,TONY'S FINER FOODS,8444 S COTTAGE GROVE AVE,60624
746375,38,347.0,REGGIE'S BAR & GRILL,2206 W CHICAGO AVE,60625
164681,9,329.0,HOME DEPOT,9008 W IRVING PARK RD,60640
640696,25,263.0,SEVEN ELEVEN,4882 S HALSTED ST,60624
312508,17,580.0,CVS PHARMACY,1940 S STATE ST,60640
996626,43,994.0,SEVEN ELEVEN,7244 N CLARK ST,60614
153459,10,523.0,HOME DEPOT,1003 S STATE ST,60603
773713,3,662.0,STARBUCKS,6893 W CHICAGO AVE,60628
746945,35,366.0,MCDONALD'S,8100 W NORTH AVE,60605
902780,8,540.0,SHELL STATION,697 N CICERO AVE,60603
822940,19,519.0,WALMART,4742 N WESTERN AVE,60605
250680,37,777.0,AUTOZONE,8802 W MADISON ST,60620
605945,14,415.0,TRADER JOES,5552 W IRVING PARK RD,60615
907842,20,126.0,HOME DEPOT,9703 W 43RD ST,60617
192333,4,407.0,TARGET,3009 W MADISON ST,60640
133563,36,917.0,SAMS CLUB,3370 N WESTERN AVE,60640
990190,28,523.0,AUTOZONE,722 S WABASH AVE,60622
750848,38,544.0,MARIANO'S,9626 N WESTERN AVE,60635
395515,8,729.0,WHOLE FOODS,1303 N BROADWAY,60626
478356,36,990.0,ADVANCE AUTO,5567 W NORTH AVE,60640
470555,44,478.0,SPEEDWAY,1832 W MADISON ST,60618
258068,2,981.0,CELINA DELI,2485 S HALSTED ST,60619
751523,15,531.0,GIORDANOS,2333 S COTTAGE GROVE AVE,60624
909005,7,836.0,SHELL STATION,6043 S HALSTED ST,60634
243712,39,372.0,CELINA DELI,2303 W IRVING PARK RD,60636
241337,20,439.0,DUNKIN DONUTS,6828 N WESTERN AVE,60614
606605,15,795.0,MARIANO'S,6746 W DEVON AVE,60627
984138,6,439.0,TARGET,7626 S WABASH AVE,60640
708368,25,527.0,SHELL STATION,1160 S WABASH AVE,60624
289010,36,194.0,HONEYBEERS,7597 S COTTAGE GROVE AVE,60638
557885,30,928.0,TONY'S FINER FOODS,6895 S HALSTED ST,60629
214165,1,269.0,TRADER JOES,9295 W 63RD ST,60622
257660,37,436.0,HOME DEPOT,3779 N CICERO AVE,60606
9808,23,756.0,SAMS CLUB,8773 N MICHIGAN AVE,60621
843112,7,239.0,SUBWAY,8978 W DEVON AVE,60628
489485,6,922.0,NEYBOUR'S TAVERN,2192 W MADISON ST,60617
562613,2,732.0,ADVANCE AUTO,9991 S WABASH AVE,60631
637833,10,887.0,TONY'S FINER FOODS,5274 N CICERO AVE,60629
792434,43,884.0,ADVANCE AUTO,8481 W DEVON AVE,60609
170744,2,291.0,DOMINICKS,2862 S HALSTED ST,60604
493360,9,236.0,ADVANCE AUTO,3885 W IRVING PARK RD,60601
960997,1,733.0,MARIANO'S,1745 W CHICAGO AVE,60628
633067,26,964.0,HOME DEPOT,1301 N CICERO AVE,60617
468330,39,693.0,SUBWAY,5625 N CLARK ST,60622
611599,50,723.0,LOWES,2435 S HALSTED ST,60617
18485,49,428.0,NEYBOUR'S TAVERN,2076 N MICHIGAN AVE,60630
975383,23,162.0,SAMS CLUB,1747 N CLARK ST,60629
907076,23,409.0,PORTILLOS,3454 S WABASH AVE,60605
10130,40,283.0,PIZZA HUT,922 S HOUSTON AVE,60620
986917,48,461.0,GIORDANOS,4391 N BROADWAY,60601
331253,37,832.0,LOU MALNATIS,4879 W NORTH AVE,60607
774881,1,755.0,COSTCO,4628 S WABASH AVE,60625
641626,2,547.0,MARIANO'S,3863 S WABASH AVE,60605
430070,16,753.0,CELINA DELI,8459 W DEVON AVE,60614
280658,22,254.0,ADVANCE AUTO,9119 W 63RD ST,60639
129080,19,802.0,COSTCO,9574 W MADISON ST,60609
355384,8,982.0,TRADER JOES,5947 S WABASH AVE,60631
172492,21,423.0,ALDI,4001 W DEVON AVE,60612
426057,38,493.0,BP GAS STATION,771 N BROADWAY,60632
73667,20,573.0,WALGREENS,5763 W MADISON ST,60604
104477,45,371.0,MARIANO'S,5907 N MICHIGAN AVE,60627
696961,21,995.0,AUTOZONE,6579 W IRVING PARK RD,60615
281310,2,355.0,ALDI,5425 S COTTAGE GROVE AVE,60620
5595,22,138.0,WALGREENS,5346 W NORTH AVE,60604
145602,6,569.0,AUTOZONE,5132 S PULASKI RD,60639
326153,9,563.0,KRAFT FOODS,8868 W CHICAGO AVE,60640
570096,45,960.0,HOME DEPOT,2818 W CHICAGO AVE,60605
741344,14,370.0,NEYBOUR'S TAVERN,8007 W IRVING PARK RD,60613
696272,18,696.0,CVS PHARMACY,7158 W DEVON AVE,60601
747246,30,120.0,HONEYBEERS,2457 S ARCHER AVE,60612
822795,25,246.0,REGGIE'S BAR & GRILL,2084 S COTTAGE GROVE AVE,60617
366967,21,386.0,ALDI,3022 W NORTH AVE,60609
771885,9,843.0,HOME DEPOT,169 W DEVON AVE,60639
497296,12,455.0,JEWEL OSCO,1755 S COTTAGE GROVE AVE,60625
161265,11,831.0,LOU MALNATIS,3531 W 63RD ST,60636
972243,45,307.0,GIORDANOS,1496 N SOUTHPORT AVE,60639
985290,3,172.0,WHOLE FOODS,9104 N BROADWAY,60628
646179,48,829.0,CELINA DELI,1369 N CLARK ST,60621
377913,31,950.0,SPEEDWAY,1690 N CICERO AVE,60618
42841,10,751.0,TARGET,799 W 63RD ST,60613
103836,43,770.0,CVS PHARMACY,2120 N WESTERN AVE,60630
988096,7,494.0,KRAFT FOODS,464 S WABASH AVE,60608
268268,45,775.0,LOWES,7142 N CICERO AVE,60619
867920,18,538.0,TONY'S FINER FOODS,8901 N CLARK ST,60631
856150,1,649.0,SUBWAY,597 S COTTAGE GROVE AVE,60624
149001,4,300.0,TONY'S FINER FOODS,4146 S STATE ST,60617
667865,13,428.0,LOU MALNATIS,5493 W 43RD ST,60626
471016,18,151.0,HONEYBEERS,6077 W DEVON AVE,60607
312250,6,380.0,NEYBOUR'S TAVERN,1498 S HALSTED ST,60621
690980,30,866.0,SEVEN ELEVEN,8787 S ARCHER AVE,60612
266970,38,245.0,MCDONALD'S,7364 W 43RD ST,60621
377459,8,165.0,STARBUCKS,8943 N MICHIGAN AVE,60640
976278,19,977.0,STARBUCKS,343 W IRVING PARK RD,60606
564352,39,794.0,STARBUCKS,3926 S STATE ST,60640
935794,48,790.0,ADVANCE AUTO,9809 W MADISON ST,60628
637098,28,712.0,LOU MALNATIS,1215 W DEVON AVE,60620
560145,47,756.0,BP GAS STATION,1638 W MADISON ST,60616
631912,4,668.0,TARGET,8657 W 43RD ST,60631
171719,37,171.0,CVS PHARMACY,4421 W CHICAGO AVE,60611
972700,13,328.0,DUNKIN DONUTS,850 W IRVING PARK RD,60611
867633,25,480.0,AUTOZONE,6572 S COTTAGE GROVE AVE,60623
184339,4,892.0,WALMART,6604 N CICERO AVE,60632
264455,43,766.0,KRAFT FOODS,3038 S COTTAGE GROVE AVE,60619
683165,41,418.0,PIZZA HUT,641 N CICERO AVE,60616
158411,42,279.0,HOME DEPOT,4803 N CICERO AVE,60612
81956,31,352.0,TONY'S FINER FOODS,7525 S HALSTED ST,60608
750903,24,853.0,TRADER JOES,9284 N CLARK ST,60638
145784,2,286.0,SPEEDWAY,5802 N SOUTHPORT AVE,60628
510714,19,921.0,PIZZA HUT,8755 S HOUSTON AVE,60634
403909,41,528.0,SHELL STATION,6400 W DEVON AVE,60609
695647,49,926.0,REGGIE'S BAR & GRILL,2535 S HOUSTON AVE,60627
519604,30,224.0,NEYBOUR'S TAVERN,7997 S WABASH AVE,60633
941148,48,164.0,WALMART,7530 N MICHIGAN AVE,60616
468425,20,372.0,NEYBOUR'S TAVERN,1854 S HOUSTON AVE,60624
730996,14,490.0,LOWES,2194 S STATE ST,60619
209154,24,971.0,TRADER JOES,4523 S WABASH AVE,60621
60219,17,782.0,CELINA DELI,4048 N CICERO AVE,60637
985461,12,474.0,LOU MALNATIS,2550 W MADISON ST,60632
246225,32,898.0,TONY'S FINER FOODS,2165 N CLARK ST,60616
290870,16,905.0,CVS PHARMACY,6244 N SOUTHPORT AVE,60612
654988,26,372.0,HONEYBEERS,4730 N SOUTHPORT AVE,60619
5169,6,217.0,POTBELLY,7758 W CHICAGO AVE,60601
297938,32,962.0,TONY'S FINER FOODS,1118 N MICHIGAN AVE,60621
650322,30,441.0,HOME DEPOT,9033 W MADISON ST,60621
61132,49,571.0,LOU MALNATIS,8085 N MICHIGAN AVE,60603
689321,6,940.0,SAMS CLUB,7442 W MADISON ST,60625
645670,28,127.0,MARIANO'S,4535 S PULASKI RD,60608
626214,1,919.0,SEVEN ELEVEN,3336 S ARCHER AVE,60621
863579,48,339.0,GIORDANOS,4446 W IRVING PARK RD,60630
668195,46,767.0,PIZZA HUT,480 W 63RD ST,60607
139434,7,947.0,BP GAS STATION,3567 W IRVING PARK RD,60624
549783,16,799.0,SPEEDWAY,6217 N CLARK ST,60607
484906,23,933.0,POTBELLY,2410 N BROADWAY,60630
184310,43,228.0,MCDONALD'S,7818 S WABASH AVE,60615
501077,35,700.0,CVS PHARMACY,6331 N CLARK ST,60639
198046,10,379.0,REGGIE'S BAR & GRILL,296 S ARCHER AVE,60622
309845,23,804.0,ALDI,6837 N WESTERN AVE,60623
275380,12,878.0,WALMART,5380 W CHICAGO AVE,60631
394402,20,785.0,HONEYBEERS,6276 N MICHIGAN AVE,60622
575348,2,595.0,SHELL STATION,6665 W IRVING PARK RD,60607
208824,44,778.0,WALMART,9710 W MADISON ST,60619
395742,5,528.0,JEWEL OSCO,7331 N SOUTHPORT AVE,60636
186133,45,228.0,CELINA DELI,8981 S WABASH AVE,60636
416489,49,362.0,KRAFT FOODS,1407 W MADISON ST,60630
681469,44,162.0,BUONA BEEF,7902 N CLARK ST,60626
558405,37,937.0,SAMS CLUB,2049 W MADISON ST,60627
747609,38,465.0,GIORDANOS,203 S STATE ST,60626
444333,38,986.0,WALMART,4976 W MADISON ST,60625
61785,8,190.0,TARGET,6081 W MADISON ST,60602
232897,40,236.0,WHOLE FOODS,4915 S HALSTED ST,60640
205183,13,757.0,GIORDANOS,3640 N SOUTHPORT AVE,60612
658952,2,213.0,POTBELLY,6811 W DEVON AVE,60607
309443,36,742.0,BUONA BEEF,7559 N CICERO AVE,60630
27718,37,247.0,KRAFT FOODS,4055 N CICERO AVE,60637
904465,36,766.0,BP GAS STATION,3123 N SOUTHPORT AVE,60601
545487,24,480.0,COSTCO,1447 N BROADWAY,60628
394638,3,920.0,HOME DEPOT,7144 W 63RD ST,60637
814788,31,884.0,PIZZA HUT,7434 N WESTERN AVE,60634
831425,15,863.0,SHELL STATION,4384 N SOUTHPORT AVE,60629
474108,38,403.0,SHELL STATION,9525 S HOUSTON AVE,60628
600403,32,449.0,DUNKIN DONUTS,4729 W CHICAGO AVE,60636
641491,37,910.0,AUTOZONE,8078 N BROADWAY,60606
641337,2,931.0,SEVEN ELEVEN,2812 S ARCHER AVE,60603
321231,33,503.0,REGGIE'S BAR & GRILL,9298 W CHICAGO AVE,60610
613393,27,745.0,NEYBOUR'S TAVERN,1816 W DEVON AVE,60606
49593,9,128.0,NEYBOUR'S TAVERN,6917 W MADISON ST,60615
617486,8,801.0,KRAFT FOODS,188 N MICHIGAN AVE,60601
501436,8,724.0,TARGET,1604 N CICERO AVE,60622
629960,36,616.0,JEWEL OSCO,155 W NORTH AVE,60640
865441,17,472.0,TRADER JOES,2948 S COTTAGE GROVE AVE,60611
907791,44,646.0,SEVEN ELEVEN,4180 W DEVON AVE,60609
220241,28,895.0,GIORDANOS,4908 W DEVON AVE,60639
795382,41,293.0,TARGET,3207 W 63RD ST,60629
874903,44,309.0,SAMS CLUB,4696 S STATE ST,60602
61168,3,274.0,SAMS CLUB,514 W NORTH AVE,60627
416233,14,204.0,ALDI,7625 S PULASKI RD,60626
732979,26,270.0,WALMART,1072 N CLARK ST,60628
341951,31,722.0,AUTOZONE,3801 W CHICAGO AVE,60615
43919,18,334.0,WALMART,8943 N CICERO AVE,60633
369879,17,722.0,TARGET,1710 S ARCHER AVE,60621
719757,1,521.0,AUTOZONE,8159 S HOUSTON AVE,60615
732638,46,183.0,ALDI,9966 S STATE ST,60611
854174,12,979.0,BUONA BEEF,6661 N WESTERN AVE,60620
602780,27,142.0,TRADER JOES,2544 S HOUSTON AVE,60610
561631,18,150.0,WALMART,5945 W CHICAGO AVE,60635
600603,45,126.0,COSTCO,9095 W CHICAGO AVE,60627
950794,39,661.0,ALDI,3588 N SOUTHPORT AVE,60640
427524,22,819.0,TONY'S FINER FOODS,5941 W 63RD ST,60615
32244,3,484.0,CVS PHARMACY,3939 W IRVING PARK RD,60615
356001,3,652.0,BUONA BEEF,2815 W 63RD ST,60626
738968,43,865.0,NEYBOUR'S TAVERN,8833 S COTTAGE GROVE AVE,60601
902004,2,256.0,DUNKIN DONUTS,2387 N SOUTHPORT AVE,60633
168161,9,623.0,MARIANO'S,480 W MADISON ST,60610
446935,36,598.0,SEVEN ELEVEN,6954 N WESTERN AVE,60635
28089,19,820.0,WALGREENS,8307 S HALSTED ST,60617
844002,20,141.0,ALDI,3910 N WESTERN AVE,60605
40910,2,413.0,TONY'S FINER FOODS,3053 W 43RD ST,60624
586283,16,754.0,ALDI,8755 W NORTH AVE,60633
24281,19,539.0,CELINA DELI,2842 N WESTERN AVE,60612
783685,24,253.0,PORTILLOS,7143 N SOUTHPORT AVE,60605
117638,14,313.0,ADVANCE AUTO,1868 W 43RD ST,60602
938216,46,257.0,COSTCO,6851 W NORTH AVE,60610
553670,32,672.0,TONY'S FINER FOODS,4140 W DEVON AVE,60623
625163,42,811.0,WHOLE FOODS,6466 S ARCHER AVE,60607
20235,43,414.0,POTBELLY,8176 W 63RD ST,60617
672147,12,356.0,PIZZA HUT,6660 S ARCHER AVE,60621
18102,9,978.0,SAMS CLUB,2360 N CLARK ST,60605
376980,11,845.0,BUONA BEEF,9675 S STATE ST,60609
289802,11,623.0,LOWES,2263 W NORTH AVE,60625
136600,39,324.0,REGGIE'S BAR & GRILL,8008 N CICERO AVE,60613
451809,41,620.0,TONY'S FINER FOODS,6831 S WABASH AVE,60607
768146,16,425.0,TRADER JOES,4091 S PULASKI RD,60627
263054,23,675.0,MCDONALD'S,1678 S WABASH AVE,60608
255812,11,656.0,SHELL STATION,2529 W 43RD ST,60622
986475,45,198.0,COSTCO,9084 W IRVING PARK RD,60613
619389,18,586.0,ADVANCE AUTO,9331 N CLARK ST,60615
143157,36,622.0,TARGET,2421 W MADISON ST,60633
336115,16,746.0,AUTOZONE,2849 S PULASKI RD,60637
39352,16,496.0,GIORDANOS,8444 S HOUSTON AVE,60639
923161,48,639.0,GIORDANOS,2341 S HOUSTON AVE,60623
955111,45,172.0,HOME DEPOT,780 N BROADWAY,60632
986913,11,924.0,SPEEDWAY,5683 N BROADWAY,60628
284835,37,728.0,SPEEDWAY,7450 S HOUSTON AVE,60640
765556,26,194.0,NEYBOUR'S TAVERN,2766 S WABASH AVE,60620
179651,36,133.0,BP GAS STATION,4566 N MICHIGAN AVE,60605
967624,42,290.0,PORTILLOS,5008 W NORTH AVE,60622
451930,16,589.0,KRAFT FOODS,4680 S COTTAGE GROVE AVE,60638
21305,28,947.0,PORTILLOS,977 S ARCHER AVE,60602
210299,38,687.0,WHOLE FOODS,9104 S WABASH AVE,60636
498857,22,315.0,TONY'S FINER FOODS,410 N MICHIGAN AVE,60607
425205,7,249.0,HOME DEPOT,7372 N BROADWAY,60619
15285,12,950.0,POTBELLY,6903 S WABASH AVE,60617
87190,25,778.0,CVS PHARMACY,5073 S HOUSTON AVE,60624
482979,37,478.0,WHOLE FOODS,5787 N MICHIGAN AVE,60612
946043,8,546.0,GIORDANOS,2891 W NORTH AVE,60635
357105,23,370.0,TRADER JOES,3995 S ARCHER AVE,60608
956283,13,733.0,PIZZA HUT,9735 N WESTERN AVE,60626
101748,18,688.0,PORTILLOS,4091 W MADISON ST,60639
239369,6,920.0,ADVANCE AUTO,1135 N CICERO AVE,60605
373200,24,661.0,SAMS CLUB,3960 W MADISON ST,60621
51145,18,428.0,PIZZA HUT,5404 N CICERO AVE,60614
620969,40,543.0,CELINA DELI,8075 N CLARK ST,60622
963276,24,845.0,COSTCO,1837 W 63RD ST,60640
73289,15,478.0,PIZZA HUT,4456 N CICERO AVE,60611
468382,18,122.0,HOME DEPOT,8673 N MICHIGAN AVE,60608
535647,18,181.0,BP GAS STATION,4920 S HOUSTON AVE,60626
285900,46,811.0,DUNKIN DONUTS,1628 S STATE ST,60627
279563,14,174.0,REGGIE'S BAR & GRILL,2432 N SOUTHPORT AVE,60620
40640,15,401.0,COSTCO,7502 S WABASH AVE,60622
853587,9,399.0,WALMART,584 N BROADWAY,60625
412834,17,263.0,SEVEN ELEVEN,330 S HALSTED ST,60618
638862,50,446.0,ALDI,9232 W 43RD ST,60613
874468,29,730.0,TRADER JOES,1703 W CHICAGO AVE,60640
945211,37,554.0,LOWES,9101 S HALSTED ST,60626
245174,12,790.0,SAMS CLUB,6671 N SOUTHPORT AVE,60637
683884,37,426.0,HOME DEPOT,206 N CICERO AVE,60607
626794,21,549.0,AUTOZONE,9407 N WESTERN AVE,60635
192784,15,665.0,DUNKIN DONUTS,1122 S PULASKI RD,60640
427639,37,229.0,WALGREENS,3000 N MICHIGAN AVE,60625
729868,21,222.0,COSTCO,9251 W CHICAGO AVE,60608
763012,18,726.0,MCDONALD'S,8391 S HALSTED ST,60620
878457,35,349.0,ALDI,6828 W 63RD ST,60635
924497,3,817.0,SEVEN ELEVEN,3505 S PULASKI RD,60603
424607,38,574.0,PORTILLOS,7338 N BROADWAY,60631
257953,36,235.0,SHELL STATION,6991 W IRVING PARK RD,60614
505869,3,784.0,CELINA DELI,2981 W CHICAGO AVE,60603
629658,3,401.0,LOU MALNATIS,3255 S STATE ST,60636
181547,27,876.0,SAMS CLUB,3456 N CLARK ST,60613
144595,42,932.0,NEYBOUR'S TAVERN,3179 N SOUTHPORT AVE,60614
631108,28,607.0,AUTOZONE,1672 S ARCHER AVE,60615
319112,28,463.0,DUNKIN DONUTS,2809 N MICHIGAN AVE,60617
855590,30,594.0,HOME DEPOT,4016 S STATE ST,60632
966490,26,675.0,WALMART,6305 S WABASH AVE,60604
141647,34,867.0,SEVEN ELEVEN,8673 S WABASH AVE,60612
526677,19,359.0,CELINA DELI,1393 W MADISON ST,60603
670997,36,282.0,PIZZA HUT,2889 N MICHIGAN AVE,60623
896358,19,168.0,DUNKIN DONUTS,9683 S STATE ST,60630
130369,25,569.0,MCDONALD'S,471 S HALSTED ST,60619
762116,3,931.0,TRADER JOES,1752 S HALSTED ST,60620
358739,23,715.0,MARIANO'S,6024 W CHICAGO AVE,60615
418548,1,404.0,ADVANCE AUTO,5760 N MICHIGAN AVE,60638
539203,18,260.0,KRAFT FOODS,7978 N CICERO AVE,60629
667144,6,725.0,CELINA DELI,5154 N MICHIGAN AVE,60633
915139,3,507.0,TARGET,1619 S HALSTED ST,60608
725627,6,816.0,STARBUCKS,2968 W MADISON ST,60609
470795,30,428.0,HOME DEPOT,8900 N CLARK ST,60623
445213,15,174.0,WHOLE FOODS,6482 W CHICAGO AVE,60616
931952,32,417.0,ADVANCE AUTO,1559 W DEVON AVE,60619
696517,29,473.0,TONY'S FINER FOODS,6044 W 63RD ST,60620
687048,8,906.0,STARBUCKS,6816 W 43RD ST,60623
880003,2,116.0,SUBWAY,1206 S PULASKI RD,60612
697433,42,861.0,BP GAS STATION,3225 W NORTH AVE,60611
564098,45,461.0,BP GAS STATION,7601 S ARCHER AVE,60627
636014,37,642.0,STARBUCKS,3203 W DEVON AVE,60605
945407,8,987.0,SPEEDWAY,3435 S ARCHER AVE,60631
699007,34,426.0,GIORDANOS,2605 S STATE ST,60605
174487,42,152.0,MARIANO'S,5019 S COTTAGE GROVE AVE,60617
902365,13,793.0,SUBWAY,5973 W 43RD ST,60628
90051,23,569.0,HONEYBEERS,4351 S WABASH AVE,60639
996055,28,827.0,HOME DEPOT,1258 S STATE ST,60603
988187,28,234.0,POTBELLY,5493 W MADISON ST,60624
679330,4,479.0,POTBELLY,4218 W IRVING PARK RD,60602
381709,45,579.0,BUONA BEEF,7211 N CLARK ST,60631
359247,37,142.0,BUONA BEEF,1498 S HALSTED ST,60601
462323,7,753.0,CVS PHARMACY,951 S COTTAGE GROVE AVE,60615
60848,22,864.0,MCDONALD'S,5332 W 43RD ST,60608
858982,10,634.0,ADVANCE AUTO,8921 S ARCHER AVE,60624
956095,30,568.0,PORTILLOS,2609 N CICERO AVE,60632
662094,2,930.0,BP GAS STATION,566 N SOUTHPORT AVE,60640
244051,34,968.0,SPEEDWAY,7036 N MICHIGAN AVE,60632
406514,11,230.0,POTBELLY,1252 S ARCHER AVE,60618
614408,7,786.0,SHELL STATION,8864 N CLARK ST,60611
24676,9,134.0,MCDONALD'S,4729 N MICHIGAN AVE,60637
200194,25,184.0,KRAFT FOODS,1755 S COTTAGE GROVE AVE,60619
813004,4,535.0,AUTOZONE,6769 S PULASKI RD,60640
236734,29,865.0,TARGET,3518 W MADISON ST,60623
938559,39,428.0,AUTOZONE,6379 S HOUSTON AVE,60604
755633,47,622.0,ADVANCE AUTO,1624 S COTTAGE GROVE AVE,60634
278209,11,223.0,DUNKIN DONUTS,6047 W NORTH AVE,60625
773762,11,686.0,CELINA DELI,9723 N SOUTHPORT AVE,60638
811341,41,160.0,PIZZA HUT,7938 W 63RD ST,60622
723238,5,738.0,ADVANCE AUTO,9582 W DEVON AVE,60640
235412,21,846.0,BUONA BEEF,8850 N SOUTHPORT AVE,60610
221319,29,596.0,POTBELLY,304 S COTTAGE GROVE AVE,60640
363817,49,336.0,KRAFT FOODS,5888 W MADISON ST,60631
579295,4,578.0,WHOLE FOODS,5170 N SOUTHPORT AVE,60640
31085,4,335.0,SHELL STATION,7309 S ARCHER AVE,60604
399744,4,561.0,GIORDANOS,4916 W 43RD ST,60624
665527,21,524.0,MARIANO'S,326 N MICHIGAN AVE,60601
662954,12,555.0,ADVANCE AUTO,7332 S HALSTED ST,60604
692099,32,443.0,WALMART,4141 N MICHIGAN AVE,60628
441641,10,565.0,MCDONALD'S,931 W NORTH AVE,60621
125818,26,913.0,HONEYBEERS,7561 W MADISON ST,60627
688607,2,506.0,SPEEDWAY,4214 S PULASKI RD,60629
450824,9,490.0,LOWES,2326 N MICHIGAN AVE,60620
339588,47,201.0,PIZZA HUT,424 W IRVING PARK RD,60614
882737,46,322.0,CELINA DELI,3533 S STATE ST,60618
112450,47,291.0,BUONA BEEF,1772 N SOUTHPORT AVE,60604
393420,26,596.0,JEWEL OSCO,2203 W MADISON ST,60631
504968,14,151.0,MCDONALD'S,2303 W 43RD ST,60627
904846,29,816.0,MCDONALD'S,9085 S STATE ST,60618
672028,32,869.0,HOME DEPOT,3525 N SOUTHPORT AVE,60615
139648,31,886.0,TRADER JOES,4004 W DEVON AVE,60616
7783,10,593.0,MCDONALD'S,5614 S PULASKI RD,60640
558760,6,261.0,NEYBOUR'S TAVERN,6179 W DEVON AVE,60619
685870,41,485.0,TARGET,9334 N CICERO AVE,60639
827448,8,269.0,MCDONALD'S,2952 N SOUTHPORT AVE,60632
286351,10,430.0,ADVANCE AUTO,2467 S ARCHER AVE,60624
694122,12,954.0,REGGIE'S BAR & GRILL,9210 W NORTH AVE,60625
147567,9,260.0,BUONA BEEF,8451 N WESTERN AVE,60602
386690,28,414.0,HONEYBEERS,6938 S WABASH AVE,60618
419537,7,448.0,TRADER JOES,1138 N CICERO AVE,60619
56061,43,827.0,AUTOZONE,917 S WABASH AVE,60635
537564,17,736.0,KRAFT FOODS,1143 W 63RD ST,60608
801602,31,501.0,WHOLE FOODS,5778 N BROADWAY,60613
86952,31,140.0,POTBELLY,7161 N BROADWAY,60640
551630,15,592.0,NEYBOUR'S TAVERN,6423 S COTTAGE GROVE AVE,60604
859331,17,211.0,MCDONALD'S,138 W DEVON AVE,60607
314601,34,137.0,KRAFT FOODS,6475 N SOUTHPORT AVE,60621
611635,27,218.0,HONEYBEERS,5636 N CICERO AVE,60612
572639,22,594.0,PIZZA HUT,2269 N MICHIGAN AVE,60626
700196,43,584.0,NEYBOUR'S TAVERN,1636 S COTTAGE GROVE AVE,60614
684128,36,551.0,SPEEDWAY,616 S HOUSTON AVE,60636
106923,20,850.0,COSTCO,7518 S STATE ST,60632
872547,15,626.0,DUNKIN DONUTS,4233 N WESTERN AVE,60620
124518,16,117.0,CVS PHARMACY,4099 W DEVON AVE,60613
108026,9,412.0,LOU MALNATIS,6712 S HALSTED ST,60616
284328,20,420.0,CELINA DELI,6481 W CHICAGO AVE,60619
224351,46,433.0,STARBUCKS,8040 N WESTERN AVE,60620
270224,3,161.0,BP GAS STATION,7983 W DEVON AVE,60607
74383,8,914.0,BUONA BEEF,5118 S STATE ST,60629
23786,9,146.0,LOWES,4882 N MICHIGAN AVE,60617
256135,12,918.0,AUTOZONE,7083 S WABASH AVE,60608
453366,6,399.0,GIORDANOS,5071 S WABASH AVE,60636
387454,13,463.0,SPEEDWAY,5026 W NORTH AVE,60607
84104,31,818.0,NEYBOUR'S TAVERN,9600 N MICHIGAN AVE,60608
426336,18,489.0,REGGIE'S BAR & GRILL,652 W 43RD ST,60614
64117,21,813.0,NEYBOUR'S TAVERN,5991 N WESTERN AVE,60611
139902,20,277.0,LOWES,2657 W 43RD ST,60628
490417,48,763.0,BP GAS STATION,3084 S ARCHER AVE,60622
78345,22,958.0,LOWES,677 W NORTH AVE,60603
255577,21,818.0,COSTCO,505 N MICHIGAN AVE,60624
459487,29,981.0,HOME DEPOT,1229 W NORTH AVE,60637
209511,21,377.0,ALDI,7363 N CICERO AVE,60619
175304,26,102.0,HOME DEPOT,8411 W CHICAGO AVE,60613
940100,5,264.0,TONY'S FINER FOODS,3246 W CHICAGO AVE,60627
990057,41,152.0,LOU MALNATIS,3898 W IRVING PARK RD,60619
870816,27,111.0,POTBELLY,869 S WABASH AVE,60601
258592,18,859.0,PORTILLOS,5841 S ARCHER AVE,60626
119319,26,589.0,SHELL STATION,8352 W 43RD ST,60610
427460,42,822.0,DUNKIN DONUTS,9319 W 43RD ST,60619
19619,21,448.0,COSTCO,4255 N CICERO AVE,60631
202988,39,226.0,HOME DEPOT,3469 S COTTAGE GROVE AVE,60618
176940,28,934.0,GIORDANOS,8307 S HOUSTON AVE,60620
916373,33,474.0,HONEYBEERS,529 W 63RD ST,60631
748747,25,810.0,WALMART,8078 N MICHIGAN AVE,60632
14759,8,778.0,CELINA DELI,9759 N MICHIGAN AVE,60615
65376,43,242.0,ALDI,1178 W NORTH AVE,60602
784353,21,971.0,STARBUCKS,2079 S COTTAGE GROVE AVE,60640
284353,47,144.0,ADVANCE AUTO,4013 W MADISON ST,60637
865477,19,691.0,DUNKIN DONUTS,258 N CLARK ST,60607
347428,19,602.0,ALDI,2662 W MADISON ST,60605
471825,38,597.0,WALGREENS,2810 S WABASH AVE,60603
377051,25,841.0,JEWEL OSCO,192 S ARCHER AVE,60628
993958,14,723.0,BP GAS STATION,2574 S WABASH AVE,60640
646540,5,409.0,POTBELLY,7835 N SOUTHPORT AVE,60635
98801,50,493.0,STARBUCKS,8513 W IRVING PARK RD,60636
930837,17,880.0,AUTOZONE,487 W NORTH AVE,60622
459775,39,129.0,SEVEN ELEVEN,1754 N MICHIGAN AVE,60605
782735,37,384.0,REGGIE'S BAR & GRILL,1724 S ARCHER AVE,60633
362524,29,114.0,LOU MALNATIS,9781 W 43RD ST,60608
300119,36,853.0,ALDI,6580 N WESTERN AVE,60623
739289,25,237.0,BUONA BEEF,4883 W 63RD ST,60614
881717,16,261.0,COSTCO,1143 W MADISON ST,60631
562204,3,233.0,REGGIE'S BAR & GRILL,9631 W NORTH AVE,60602
495795,5,479.0,LOU MALNATIS,3559 W CHICAGO AVE,60613
138984,3,244.0,ADVANCE AUTO,8367 S HOUSTON AVE,60611
609256,9,190.0,HONEYBEERS,9660 S HALSTED ST,60638
259890,26,956.0,SPEEDWAY,2480 S HALSTED ST,60616
118478,38,285.0,KRAFT FOODS,7576 S ARCHER AVE,60627
131610,23,808.0,PIZZA HUT,6047 W IRVING PARK RD,60635
296438,28,981.0,PIZZA HUT,5959 S HALSTED ST,60618
288100,3,720.0,SUBWAY,3035 N CICERO AVE,60619
559995,16,970.0,WALMART,1989 N CLARK ST,60638
926613,10,693.0,ALDI,9761 W MADISON ST,60615
552137,24,280.0,DOMINICKS,8402 N CICERO AVE,60608
465015,41,873.0,WHOLE FOODS,7644 S STATE ST,60605
697573,32,126.0,SPEEDWAY,3707 S HALSTED ST,60617
458872,43,443.0,COSTCO,9747 N CLARK ST,60634
155750,13,730.0,BUONA BEEF,9691 N BROADWAY,60603
288139,6,150.0,CVS PHARMACY,4071 W MADISON ST,60605
217274,13,678.0,LOWES,4173 W DEVON AVE,60604
763409,26,778.0,PIZZA HUT,5783 W DEVON AVE,60636
944510,27,660.0,WALGREENS,8637 S HOUSTON AVE,60609
649990,37,221.0,TONY'S FINER FOODS,3525 S HALSTED ST,60611
410071,32,796.0,COSTCO,3186 N BROADWAY,60636
172292,22,832.0,AUTOZONE,5069 N BROADWAY,60616
969915,45,794.0,ADVANCE AUTO,5428 S HOUSTON AVE,60623
505035,4,632.0,ALDI,3451 N MICHIGAN AVE,60601
596489,27,597.0,ALDI,2110 N SOUTHPORT AVE,60617
281254,28,573.0,ALDI,304 N MICHIGAN AVE,60626
333954,9,636.0,SEVEN ELEVEN,6688 W CHICAGO AVE,60628
777065,28,805.0,SUBWAY,9888 W MADISON ST,60605
382878,47,492.0,DOMINICKS,6630 S PULASKI RD,60628
78244,30,314.0,STARBUCKS,9397 S WABASH AVE,60605
274413,37,184.0,POTBELLY,6485 S STATE ST,60631
114958,28,208.0,SUBWAY,930 S ARCHER AVE,60619
407103,32,832.0,GIORDANOS,8474 S COTTAGE GROVE AVE,60612
459565,31,183.0,NEYBOUR'S TAVERN,7101 N BROADWAY,60612
627951,40,769.0,ALDI,5174 N CICERO AVE,60618
548731,34,599.0,TRADER JOES,1876 N SOUTHPORT AVE,60620
567124,23,601.0,JEWEL OSCO,3542 W 63RD ST,60606
355866,44,603.0,BP GAS STATION,6830 S STATE ST,60615
457039,32,464.0,TONY'S FINER FOODS,9896 W IRVING PARK RD,60608
819665,39,614.0,MCDONALD'S,9985 N CICERO AVE,60636
57987,15,519.0,WALMART,1513 N BROADWAY,60601
443569,12,938.0,SPEEDWAY,3756 W NORTH AVE,60615
710657,33,804.0,WHOLE FOODS,2702 S HOUSTON AVE,60607
544427,22,177.0,TONY'S FINER FOODS,938 W 63RD ST,60629
965615,17,161.0,KRAFT FOODS,5814 N BROADWAY,60639
219633,5,544.0,LOU MALNATIS,2618 S HALSTED ST,60614
267324,37,636.0,WALMART,9049 S HOUSTON AVE,60609
653967,31,309.0,SAMS CLUB,9526 W 63RD ST,60626
492110,19,472.0,CVS PHARMACY,4622 N MICHIGAN AVE,60631
503297,33,534.0,SHELL STATION,9938 N WESTERN AVE,60634
708250,26,946.0,STARBUCKS,284 N CLARK ST,60627
773939,32,519.0,AUTOZONE,244 W DEVON AVE,60604
111633,37,885.0,LOWES,6528 S HALSTED ST,60601
125042,17,915.0,PIZZA HUT,6040 W 63RD ST,60604
993881,24,486.0,SEVEN ELEVEN,4039 S COTTAGE GROVE AVE,60632
407909,48,220.0,LOU MALNATIS,6519 W CHICAGO AVE,60601
819630,18,140.0,WALMART,2643 S WABASH AVE,60615
672921,15,382.0,CVS PHARMACY,3044 N SOUTHPORT AVE,60603
222142,11,297.0,PIZZA HUT,4550 N WESTERN AVE,60606
90932,34,900.0,CVS PHARMACY,9808 N SOUTHPORT AVE,60617
63654,43,188.0,TRADER JOES,4472 W IRVING PARK RD,60635
18968,21,876.0,SAMS CLUB,7315 W MADISON ST,60614
52288,21,710.0,TRADER JOES,8870 S HOUSTON AVE,60633
733087,15,867.0,SPEEDWAY,8326 S HALSTED ST,60604
501128,42,952.0,SHELL STATION,4351 S ARCHER AVE,60629
908136,1,214.0,LOWES,6010 W 43RD ST,60629
650623,44,241.0,KRAFT FOODS,4752 S STATE ST,60622
329791,31,269.0,SAMS CLUB,590 N BROADWAY,60624
282290,47,297.0,LOU MALNATIS,5549 N CICERO AVE,60627
113627,49,433.0,PIZZA HUT,5827 S HOUSTON AVE,60636
62620,40,758.0,TRADER JOES,7791 N CICERO AVE,60626
166484,50,941.0,DUNKIN DONUTS,4422 S STATE ST,60634
712841,4,802.0,TONY'S FINER FOODS,2814 S HALSTED ST,60638
751803,12,745.0,STARBUCKS,8386 W 63RD ST,60635
705433,46,935.0,CELINA DELI,2574 W DEVON AVE,60608
835740,34,299.0,MCDONALD'S,7412 S STATE ST,60627
426860,46,634.0,WALMART,9580 W 63RD ST,60617
2233,21,505.0,SUBWAY,2207 W NORTH AVE,60627
752705,43,210.0,TONY'S FINER FOODS,7811 N SOUTHPORT AVE,60629
281259,50,615.0,ADVANCE AUTO,3998 N SOUTHPORT AVE,60601
636771,1,727.0,TARGET,6480 S HOUSTON AVE,60611
415739,12,257.0,JEWEL OSCO,8982 S WABASH AVE,60614
222527,40,672.0,TONY'S FINER FOODS,112 S HALSTED ST,60638
912669,28,857.0,PIZZA HUT,4533 W IRVING PARK RD,60620
636692,34,936.0,KRAFT FOODS,9227 W DEVON AVE,60629
942802,18,532.0,KRAFT FOODS,1037 S STATE ST,60602
810612,22,958.0,STARBUCKS,6057 N BROADWAY,60603
809899,20,914.0,DOMINICKS,9059 S COTTAGE GROVE AVE,60606
137872,12,926.0,SAMS CLUB,6842 N BROADWAY,60616
145043,43,790.0,KRAFT FOODS,5864 S WABASH AVE,60628
846881,18,584.0,TRADER JOES,2029 W 63RD ST,60636
45249,9,822.0,WALGREENS,588 W IRVING PARK RD,60614
931652,5,704.0,NEYBOUR'S TAVERN,3205 W DEVON AVE,60612
819383,36,100.0,HOME DEPOT,608 N CICERO AVE,60624
599865,21,842.0,WALMART,5870 N BROADWAY,60633
698385,49,934.0,MCDONALD'S,5834 S HALSTED ST,60603
662635,16,563.0,STARBUCKS,3892 S HOUSTON AVE,60617
199465,24,250.0,SPEEDWAY,2798 W DEVON AVE,60640
245673,6,298.0,KRAFT FOODS,9501 S ARCHER AVE,60628
51542,26,466.0,REGGIE'S BAR & GRILL,6018 S PULASKI RD,60604
336783,23,689.0,TARGET,6991 W DEVON AVE,60620
779378,30,942.0,BUONA BEEF,8484 W 63RD ST,60612
100377,14,490.0,DOMINICKS,4830 W DEVON AVE,60605
438053,41,388.0,BUONA BEEF,2689 W 63RD ST,60611
854182,44,380.0,SHELL STATION,5798 W CHICAGO AVE,60613
784817,19,573.0,STARBUCKS,1325 W MADISON ST,60617
90707,37,402.0,CELINA DELI,6041 S ARCHER AVE,60602
492270,9,202.0,TRADER JOES,5016 W IRVING PARK RD,60629
499087,25,955.0,ALDI,8512 N CICERO AVE,60625
448111,12,960.0,NEYBOUR'S TAVERN,2705 N WESTERN AVE,60628
9724,39,762.0,MCDONALD'S,3240 S HOUSTON AVE,60622
916623,34,605.0,CELINA DELI,7801 W IRVING PARK RD,60633
805592,30,949.0,TONY'S FINER FOODS,185 W DEVON AVE,60603
125507,25,909.0,POTBELLY,785 W DEVON AVE,60635
238558,33,855.0,POTBELLY,4192 S WABASH AVE,60623
553149,16,889.0,TONY'S FINER FOODS,2127 S HOUSTON AVE,60631
824368,24,140.0,KRAFT FOODS,9994 W DEVON AVE,60632
402152,39,626.0,WHOLE FOODS,6432 N WESTERN AVE,60629
85779,11,119.0,STARBUCKS,6255 S HALSTED ST,60626
693745,27,450.0,SPEEDWAY,4355 W 43RD ST,60602
29714,44,366.0,AUTOZONE,8523 W MADISON ST,60604
523612,31,262.0,KRAFT FOODS,4413 S HOUSTON AVE,60609
835052,29,904.0,ADVANCE AUTO,9925 N BROADWAY,60629
837733,20,192.0,AUTOZONE,2562 W CHICAGO AVE,60619
518838,24,106.0,POTBELLY,4405 S HOUSTON AVE,60609
106484,26,686.0,SHELL STATION,7850 W DEVON AVE,60603
745442,28,814.0,SAMS CLUB,6797 N BROADWAY,60624
153351,30,430.0,SAMS CLUB,2458 S COTTAGE GROVE AVE,60621
823177,49,704.0,COSTCO,6179 S WABASH AVE,60624
910955,34,453.0,MARIANO'S,3239 S HOUSTON AVE,60630
857742,6,585.0,COSTCO,5826 W IRVING PARK RD,60624
383671,19,717.0,WHOLE FOODS,3381 W IRVING PARK RD,60618
542743,28,632.0,MCDONALD'S,3926 W NORTH AVE,60625
213257,3,899.0,GIORDANOS,7662 S HOUSTON AVE,60639
658877,36,196.0,PORTILLOS,6913 W NORTH AVE,60610
867513,23,618.0,BUONA BEEF,391 N SOUTHPORT AVE,60635
158101,37,543.0,TARGET,4576 S HALSTED ST,60612
949342,3,777.0,TONY'S FINER FOODS,326 W 43RD ST,60628
135669,6,558.0,TRADER JOES,5607 W DEVON AVE,60640
238999,35,296.0,NEYBOUR'S TAVERN,3239 S STATE ST,60635
484432,25,730.0,SEVEN ELEVEN,6521 W CHICAGO AVE,60602
132154,35,229.0,CVS PHARMACY,6673 W IRVING PARK RD,60610
236553,31,787.0,WALMART,5148 S PULASKI RD,60613
745475,22,647.0,TRADER JOES,868 S STATE ST,60603
638498,1,573.0,STARBUCKS,7626 S STATE ST,60616
871445,15,329.0,DOMINICKS,6034 S ARCHER AVE,60617
169390,34,831.0,STARBUCKS,7308 W IRVING PARK RD,60622
605605,42,539.0,CELINA DELI,8956 W DEVON AVE,60640
856972,37,978.0,TRADER JOES,4168 W 63RD ST,60616
34198,38,828.0,SUBWAY,2292 W CHICAGO AVE,60629
480577,15,113.0,PORTILLOS,8777 N MICHIGAN AVE,60630
614302,29,982.0,CVS PHARMACY,2080 S HOUSTON AVE,60605
971005,14,179.0,HONEYBEERS,8845 W DEVON AVE,60638
398227,30,925.0,ADVANCE AUTO,3401 S ARCHER AVE,60618
426024,35,363.0,GIORDANOS,9016 W 63RD ST,60607
868887,49,526.0,PORTILLOS,2719 W IRVING PARK RD,60635
81105,27,888.0,CVS PHARMACY,7155 S HALSTED ST,60603
245632,38,313.0,JEWEL OSCO,7224 N WESTERN AVE,60635
433227,48,196.0,JEWEL OSCO,1473 N MICHIGAN AVE,60613
386689,32,858.0,NEYBOUR'S TAVERN,5790 S PULASKI RD,60635
778218,41,918.0,HONEYBEERS,9611 S COTTAGE GROVE AVE,60620
355545,35,412.0,STARBUCKS,404 N CICERO AVE,60615
525046,20,118.0,TARGET,5633 S PULASKI RD,60609
67567,1,565.0,BP GAS STATION,9890 N WESTERN AVE,60613
679453,12,927.0,TONY'S FINER FOODS,739 W DEVON AVE,60629
56389,36,895.0,BUONA BEEF,5597 W 63RD ST,60619
453336,11,812.0,ADVANCE AUTO,6797 S HALSTED ST,60606
678730,11,920.0,NEYBOUR'S TAVERN,4996 S STATE ST,60610
747545,37,126.0,HOME DEPOT,3131 S COTTAGE GROVE AVE,60611
156171,37,699.0,TARGET,2525 N CICERO AVE,60604
928349,27,535.0,MCDONALD'S,4711 N CICERO AVE,60615
319367,18,335.0,ADVANCE AUTO,4033 W IRVING PARK RD,60629
502418,30,560.0,HONEYBEERS,6516 N CICERO AVE,60628
499833,34,592.0,COSTCO,6679 W NORTH AVE,60625
957262,26,395.0,BUONA BEEF,6002 W DEVON AVE,60628
520427,43,714.0,DUNKIN DONUTS,5536 N CICERO AVE,60613
340330,15,321.0,PORTILLOS,3909 W 63RD ST,60632
477634,49,921.0,HONEYBEERS,1365 W CHICAGO AVE,60608
411768,48,443.0,WALMART,6072 W CHICAGO AVE,60627
86986,26,338.0,DOMINICKS,4323 N SOUTHPORT AVE,60624
719845,6,802.0,REGGIE'S BAR & GRILL,5270 S HALSTED ST,60629
259270,42,184.0,SPEEDWAY,6360 N SOUTHPORT AVE,60614
509151,38,324.0,WALGREENS,8523 W DEVON AVE,60638
620850,31,762.0,WALMART,2524 S ARCHER AVE,60632
956754,50,164.0,ADVANCE AUTO,1620 S HOUSTON AVE,60639
1895,7,648.0,JEWEL OSCO,421 N CICERO AVE,60636
299041,15,913.0,HOME DEPOT,907 W IRVING PARK RD,60639
324130,38,900.0,GIORDANOS,6191 W NORTH AVE,60633
302253,41,261.0,CVS PHARMACY,1229 N WESTERN AVE,60614
903945,48,215.0,SAMS CLUB,4010 W CHICAGO AVE,60634
77532,3,870.0,DOMINICKS,1741 S HALSTED ST,60625
642153,41,200.0,KRAFT FOODS,1508 W 43RD ST,60636
505016,44,867.0,LOWES,6569 S WABASH AVE,60624
897398,32,871.0,KRAFT FOODS,328 S ARCHER AVE,60638
731156,19,915.0,NEYBOUR'S TAVERN,8755 W NORTH AVE,60640
498055,47,196.0,ADVANCE AUTO,5790 N WESTERN AVE,60605
784870,29,603.0,HONEYBEERS,104 N CICERO AVE,60602
251458,36,535.0,JEWEL OSCO,5414 S WABASH AVE,60623
698753,17,718.0,AUTOZONE,6973 S ARCHER AVE,60620
246301,26,264.0,WALMART,6305 N WESTERN AVE,60625
618386,14,575.0,SEVEN ELEVEN,2572 W CHICAGO AVE,60636
81817,36,171.0,ALDI,2487 W 43RD ST,60602
630017,46,766.0,MARIANO'S,1167 S ARCHER AVE,60640
780393,28,979.0,DOMINICKS,366 S PULASKI RD,60632
301903,24,413.0,WHOLE FOODS,6364 W NORTH AVE,60605
297203,44,289.0,DOMINICKS,9365 S HALSTED ST,60631
22877,49,652.0,BUONA BEEF,8898 W DEVON AVE,60612
36976,23,468.0,LOWES,5900 S WABASH AVE,60635
362565,32,874.0,COSTCO,6907 N CLARK ST,60632
20785,29,344.0,BUONA BEEF,6010 N CICERO AVE,60604
221448,49,453.0,STARBUCKS,584 W DEVON AVE,60610
751891,12,332.0,DOMINICKS,6268 N CICERO AVE,60617
861594,13,630.0,DUNKIN DONUTS,1689 S WABASH AVE,60615
293395,49,618.0,LOU MALNATIS,7178 W NORTH AVE,60612
239691,1,124.0,DOMINICKS,1111 S COTTAGE GROVE AVE,60627
436132,34,291.0,SPEEDWAY,2306 N CICERO AVE,60602
93968,2,748.0,SHELL STATION,5441 N CICERO AVE,60639
952004,12,981.0,PORTILLOS,4415 S WABASH AVE,60624
761949,7,295.0,SUBWAY,4910 N MICHIGAN AVE,60619
47935,39,348.0,SUBWAY,8652 S HALSTED ST,60639
875018,11,170.0,SAMS CLUB,1356 N CICERO AVE,60621
702096,20,147.0,BP GAS STATION,2880 W NORTH AVE,60606
922979,32,452.0,KRAFT FOODS,3708 W IRVING PARK RD,60612
27815,30,899.0,LOU MALNATIS,1642 W IRVING PARK RD,60640
448094,26,352.0,SAMS CLUB,3678 W MADISON ST,60616
578382,12,761.0,TARGET,3931 S HALSTED ST,60628
381759,42,675.0,GIORDANOS,648 N WESTERN AVE,60621
814232,18,419.0,ALDI,4671 S STATE ST,60624
901678,27,581.0,BUONA BEEF,3446 S HOUSTON AVE,60609
551363,45,715.0,CELINA DELI,945 S STATE ST,60628
747899,30,996.0,LOWES,6980 S STATE ST,60639
602397,19,284.0,ALDI,7573 N MICHIGAN AVE,60608
40128,14,501.0,SAMS CLUB,3183 W 63RD ST,60612
879563,8,535.0,BUONA BEEF,9449 N BROADWAY,60640
675329,19,963.0,BUONA BEEF,1620 S HALSTED ST,60617
253131,31,375.0,TARGET,1583 W NORTH AVE,60610
852432,16,436.0,HOME DEPOT,2210 W NORTH AVE,60615
301396,41,218.0,SUBWAY,1759 W NORTH AVE,60639
293340,5,791.0,WALMART,5938 W NORTH AVE,60637
7160,41,347.0,KRAFT FOODS,5113 S COTTAGE GROVE AVE,60621
943895,25,201.0,SPEEDWAY,6284 W NORTH AVE,60628
331739,49,745.0,SEVEN ELEVEN,9344 S PULASKI RD,60640
567396,31,147.0,JEWEL OSCO,9480 W DEVON AVE,60614
165416,20,651.0,AUTOZONE,801 W CHICAGO AVE,60627
747775,7,691.0,SPEEDWAY,2448 S HALSTED ST,60603
364074,50,477.0,PIZZA HUT,4077 S HALSTED ST,60614
548710,5,706.0,AUTOZONE,5317 S WABASH AVE,60623
552008,6,327.0,HONEYBEERS,6105 N SOUTHPORT AVE,60612
397768,24,662.0,COSTCO,9589 S HALSTED ST,60631
52700,30,111.0,SEVEN ELEVEN,1978 W CHICAGO AVE,60617
232270,45,616.0,CVS PHARMACY,557 N CLARK ST,60636
542839,44,582.0,CELINA DELI,9828 S HOUSTON AVE,60637
148403,43,538.0,SEVEN ELEVEN,6454 N WESTERN AVE,60640
589867,33,198.0,WALGREENS,2161 W DEVON AVE,60621
969353,26,427.0,REGGIE'S BAR & GRILL,7451 S HOUSTON AVE,60610
808990,8,944.0,TRADER JOES,1044 N MICHIGAN AVE,60627
313992,42,652.0,REGGIE'S BAR & GRILL,5564 N CICERO AVE,60623
850455,1,814.0,MCDONALD'S,2587 N WESTERN AVE,60620
350738,49,735.0,KRAFT FOODS,8729 S COTTAGE GROVE AVE,60610
7696,16,951.0,DOMINICKS,4828 S COTTAGE GROVE AVE,60636
800892,39,574.0,BP GAS STATION,6729 S HOUSTON AVE,60619
505093,1,369.0,DUNKIN DONUTS,6986 N WESTERN AVE,60625
754705,1,643.0,SAMS CLUB,9303 W CHICAGO AVE,60637
742632,32,301.0,TARGET,467 N BROADWAY,60623
875072,20,468.0,SHELL STATION,1236 W MADISON ST,60634
716898,8,959.0,WALMART,6252 S PULASKI RD,60638
285378,50,635.0,DUNKIN DONUTS,3060 N BROADWAY,60635
946448,39,336.0,PIZZA HUT,3726 S WABASH AVE,60632
695692,43,802.0,BP GAS STATION,2891 N WESTERN AVE,60610
839138,41,813.0,BP GAS STATION,7626 W NORTH AVE,60617
928191,15,482.0,SUBWAY,8101 W NORTH AVE,60615
302980,16,326.0,TARGET,8304 S WABASH AVE,60609
897670,26,188.0,PIZZA HUT,6696 S STATE ST,60623
823488,27,889.0,GIORDANOS,1484 W 43RD ST,60626
933919,10,611.0,LOU MALNATIS,5390 S HOUSTON AVE,60603
573981,44,347.0,MCDONALD'S,4257 S ARCHER AVE,60631
605338,47,424.0,BP GAS STATION,3382 N CLARK ST,60609
879214,29,199.0,PIZZA HUT,4191 S COTTAGE GROVE AVE,60633
510831,30,154.0,SHELL STATION,8743 S ARCHER AVE,60619
236238,18,611.0,BP GAS STATION,3704 W IRVING PARK RD,60603
468410,30,272.0,COSTCO,3969 W IRVING PARK RD,60638
927851,25,535.0,JEWEL OSCO,3979 N MICHIGAN AVE,60620
282559,36,986.0,PORTILLOS,3390 S HALSTED ST,60629
903345,25,888.0,LOWES,1863 N CLARK ST,60634
448825,11,493.0,BUONA BEEF,2912 W DEVON AVE,60633
884880,13,494.0,JEWEL OSCO,3207 S COTTAGE GROVE AVE,60605
727572,5,,PIZZA HUT,4912 S HOUSTON AVE,60623
571751,17,422.0,MARIANO'S,3861 N MICHIGAN AVE,60612
743247,13,453.0,WALMART,6524 N SOUTHPORT AVE,60628
212796,36,970.0,SUBWAY,8024 W 43RD ST,60621
642144,20,463.0,BP GAS STATION,9260 W NORTH AVE,60617
813842,33,253.0,GIORDANOS,6344 W NORTH AVE,60630
390017,6,791.0,TARGET,1932 N MICHIGAN AVE,60622
894993,26,456.0,JEWEL OSCO,1619 W DEVON AVE,60634
221706,42,929.0,DOMINICKS,720 N SOUTHPORT AVE,60608
699157,3,914.0,WALGREENS,2504 N BROADWAY,60637
218676,34,213.0,HOME DEPOT,5180 W MADISON ST,60638
250320,13,370.0,HONEYBEERS,6163 W 43RD ST,60606
442811,48,720.0,STARBUCKS,9794 S COTTAGE GROVE AVE,60605
84266,38,172.0,BUONA BEEF,5678 S WABASH AVE,60635
911738,26,576.0,COSTCO,7645 N CICERO AVE,60639
563533,47,737.0,SHELL STATION,6875 W NORTH AVE,60622
205529,34,743.0,MCDONALD'S,315 N MICHIGAN AVE,60637
190416,14,518.0,HOME DEPOT,2062 S WABASH AVE,60606
190535,4,372.0,ADVANCE AUTO,2128 S PULASKI RD,60604
203457,36,617.0,TRADER JOES,1460 W CHICAGO AVE,60612
882125,3,985.0,REGGIE'S BAR & GRILL,8836 S PULASKI RD,60618
75042,17,171.0,SEVEN ELEVEN,4289 W IRVING PARK RD,60623
130643,9,267.0,LOWES,1054 W DEVON AVE,60601
695996,32,935.0,PORTILLOS,7119 W 43RD ST,60618
889856,7,573.0,COSTCO,6596 N WESTERN AVE,60605
56093,21,585.0,ADVANCE AUTO,1003 S STATE ST,60639
257370,10,405.0,HONEYBEERS,6653 W MADISON ST,60637
812797,44,656.0,CVS PHARMACY,8725 S ARCHER AVE,60638
91498,22,660.0,KRAFT FOODS,8537 S HALSTED ST,60605
339446,43,310.0,HOME DEPOT,9297 N BROADWAY,60614
410415,25,488.0,HONEYBEERS,6495 S STATE ST,60634
496552,36,297.0,ADVANCE AUTO,9049 N CICERO AVE,60604
91011,50,364.0,JEWEL OSCO,8045 N CICERO AVE,60629
233780,35,640.0,NEYBOUR'S TAVERN,4016 N CICERO AVE,60615
865790,31,955.0,LOU MALNATIS,894 N WESTERN AVE,60624
725304,17,178.0,LOU MALNATIS,7185 S STATE ST,60629
932334,48,788.0,COSTCO,6427 W 63RD ST,60617
965413,9,707.0,MARIANO'S,7592 W 43RD ST,60608
453563,29,961.0,MCDONALD'S,7936 S ARCHER AVE,60612
492625,40,139.0,PIZZA HUT,5267 N WESTERN AVE,60606
188832,17,649.0,HOME DEPOT,9161 S STATE ST,60639
569997,1,192.0,HONEYBEERS,2478 S WABASH AVE,60620
671769,26,168.0,STARBUCKS,5334 S COTTAGE GROVE AVE,60636
691348,22,918.0,DUNKIN DONUTS,7638 W CHICAGO AVE,60637
178507,27,687.0,POTBELLY,4848 S STATE ST,60628
820435,16,599.0,STARBUCKS,3349 W IRVING PARK RD,60610
16516,40,947.0,REGGIE'S BAR & GRILL,1602 W NORTH AVE,60629
77349,26,613.0,LOWES,7214 W 43RD ST,60626
34534,21,791.0,ALDI,3074 N WESTERN AVE,60637
948941,6,991.0,SHELL STATION,5341 S WABASH AVE,60636
332834,2,936.0,BUONA BEEF,4995 N CLARK ST,60610
580378,18,445.0,SAMS CLUB,7409 S ARCHER AVE,60634
633402,46,163.0,AUTOZONE,175 S ARCHER AVE,60619
507926,42,252.0,REGGIE'S BAR & GRILL,4618 S ARCHER AVE,60615
292636,45,877.0,SPEEDWAY,7674 N MICHIGAN AVE,60616
783007,12,319.0,DUNKIN DONUTS,8464 S HALSTED ST,60622
202014,1,155.0,HOME DEPOT,7878 S HOUSTON AVE,60640
687409,31,599.0,PIZZA HUT,8563 N WESTERN AVE,60635
118993,26,360.0,POTBELLY,1437 W NORTH AVE,60628
316305,24,561.0,TONY'S FINER FOODS,4345 W 43RD ST,60621
214035,12,417.0,WALMART,828 N CLARK ST,60638
59579,13,545.0,WALGREENS,2148 S PULASKI RD,60617
340591,39,112.0,NEYBOUR'S TAVERN,3452 S PULASKI RD,60603
185843,42,484.0,STARBUCKS,1104 N WESTERN AVE,60610
896264,24,665.0,LOU MALNATIS,6373 N CLARK ST,60612
595769,41,687.0,REGGIE'S BAR & GRILL,6690 W DEVON AVE,60633
299991,13,126.0,CELINA DELI,1589 W DEVON AVE,60612
813195,18,586.0,AUTOZONE,1733 N CICERO AVE,60629
238803,29,794.0,SAMS CLUB,4354 S STATE ST,60615
712844,35,582.0,BUONA BEEF,8305 N WESTERN AVE,60640
820878,27,858.0,NEYBOUR'S TAVERN,8678 S ARCHER AVE,60631
403675,43,630.0,TARGET,2288 W 63RD ST,60633
232082,48,636.0,SHELL STATION,6297 N BROADWAY,60622
848864,37,760.0,REGGIE'S BAR & GRILL,2990 W CHICAGO AVE,60624
624222,44,816.0,JEWEL OSCO,3652 W DEVON AVE,60621
694942,33,904.0,ALDI,2307 W 63RD ST,60609
714840,6,992.0,SPEEDWAY,2163 W NORTH AVE,60613
377674,38,914.0,PORTILLOS,676 W 43RD ST,60625
971825,16,614.0,SAMS CLUB,4304 N BROADWAY,60607
928774,9,178.0,LOWES,6720 W 43RD ST,60603
658745,34,711.0,SUBWAY,4319 S COTTAGE GROVE AVE,60602
382658,15,785.0,LOWES,6053 S HALSTED ST,60629
955124,34,390.0,WHOLE FOODS,9699 N MICHIGAN AVE,60608
710278,50,156.0,BUONA BEEF,7976 W DEVON AVE,60603
660917,9,370.0,CVS PHARMACY,6120 S PULASKI RD,60604
689666,21,153.0,MARIANO'S,5438 W IRVING PARK RD,60621
588294,2,909.0,POTBELLY,9834 N WESTERN AVE,60614
862533,27,153.0,SEVEN ELEVEN,8662 S STATE ST,60606
122093,11,898.0,JEWEL OSCO,8581 S HALSTED ST,60638
643698,24,619.0,MCDONALD'S,4036 W 43RD ST,60608
358964,37,907.0,BUONA BEEF,3604 N MICHIGAN AVE,60623
852356,3,723.0,LOWES,6458 N SOUTHPORT AVE,60633
752558,43,623.0,LOU MALNATIS,2053 N SOUTHPORT AVE,60623
908938,13,116.0,LOWES,1633 N BROADWAY,60627
284002,9,198.0,SPEEDWAY,8987 W DEVON AVE,60625
966163,23,723.0,JEWEL OSCO,1335 N CICERO AVE,60623
89982,41,304.0,DOMINICKS,1442 W 43RD ST,60607
530927,50,751.0,KRAFT FOODS,401 N CICERO AVE,60623
252741,29,430.0,CELINA DELI,9882 S WABASH AVE,60637
966219,48,797.0,TARGET,8509 W DEVON AVE,60606
920146,44,427.0,TRADER JOES,6968 N BROADWAY,60638
550903,42,531.0,WHOLE FOODS,8771 W DEVON AVE,60623
149709,37,234.0,BP GAS STATION,6813 W DEVON AVE,60626
799880,29,837.0,TRADER JOES,1699 S HALSTED ST,60636
71808,1,274.0,ADVANCE AUTO,9767 W 43RD ST,60637
114064,4,354.0,SHELL STATION,796 W 63RD ST,60620
522644,28,183.0,LOU MALNATIS,9014 S PULASKI RD,60620
318694,14,850.0,WHOLE FOODS,2484 W NORTH AVE,60610
283970,3,142.0,PIZZA HUT,5628 N MICHIGAN AVE,60630
553785,8,859.0,CVS PHARMACY,585 W CHICAGO AVE,60621
67816,48,771.0,DOMINICKS,2674 W MADISON ST,60616
749234,50,986.0,GIORDANOS,3783 W 63RD ST,60617
470418,18,427.0,TRADER JOES,7484 N CLARK ST,60625
481425,47,235.0,TARGET,5530 N CLARK ST,60612
443132,41,425.0,SUBWAY,8152 S STATE ST,60601
622509,9,792.0,JEWEL OSCO,5545 S HALSTED ST,60626
353727,3,852.0,PORTILLOS,107 N SOUTHPORT AVE,60609
628698,36,880.0,PIZZA HUT,7960 W MADISON ST,60635
992263,26,362.0,LOWES,6232 N MICHIGAN AVE,60606
954279,35,872.0,GIORDANOS,5804 W 43RD ST,60629
853305,28,175.0,SPEEDWAY,1210 W NORTH AVE,60626
432637,16,216.0,POTBELLY,5352 S ARCHER AVE,60640
362784,22,508.0,TONY'S FINER FOODS,8058 N MICHIGAN AVE,60615
265266,7,652.0,TRADER JOES,8126 W DEVON AVE,60612
892211,38,640.0,DUNKIN DONUTS,3005 S WABASH AVE,60622
418286,11,581.0,LOU MALNATIS,4840 W IRVING PARK RD,60610
883923,42,893.0,SAMS CLUB,917 N SOUTHPORT AVE,60631
108122,24,596.0,PORTILLOS,1195 N SOUTHPORT AVE,60622
816639,43,949.0,LOU MALNATIS,2380 N CICERO AVE,60610
570331,45,362.0,SHELL STATION,4641 W CHICAGO AVE,60609
821174,48,634.0,WALMART,6465 S PULASKI RD,60605
393150,33,684.0,COSTCO,1220 W 43RD ST,60614
448619,11,332.0,BP GAS STATION,9948 S STATE ST,60617
73596,32,536.0,WALMART,9212 W MADISON ST,60616
784169,1,330.0,GIORDANOS,2271 W NORTH AVE,60623
688758,3,967.0,REGGIE'S BAR & GRILL,3551 W DEVON AVE,60635
210371,5,561.0,CELINA DELI,9873 S HOUSTON AVE,60635
165154,1,630.0,DUNKIN DONUTS,2877 N BROADWAY,60607
113271,18,359.0,BUONA BEEF,6205 W DEVON AVE,60605
394713,11,115.0,AUTOZONE,2554 W MADISON ST,60622
556351,44,634.0,MARIANO'S,8523 W CHICAGO AVE,60618
176588,16,918.0,LOWES,1561 W CHICAGO AVE,60638
863034,10,435.0,SUBWAY,3229 S HALSTED ST,60610
961590,1,493.0,PORTILLOS,3846 N CLARK ST,60618
556666,21,294.0,REGGIE'S BAR & GRILL,1089 S STATE ST,60602
77677,12,934.0,DUNKIN DONUTS,6728 N BROADWAY,60603
571191,42,619.0,JEWEL OSCO,7565 N BROADWAY,60619
589622,13,131.0,SHELL STATION,9301 S ARCHER AVE,60633
198433,48,865.0,LOWES,6533 N CICERO AVE,60622
79660,21,207.0,HONEYBEERS,3354 N SOUTHPORT AVE,60603
470364,39,333.0,CVS PHARMACY,4554 W 63RD ST,60610
987452,46,371.0,SUBWAY,589 S WABASH AVE,60620
652055,36,516.0,POTBELLY,595 W 43RD ST,60621
596999,5,497.0,BP GAS STATION,5459 S PULASKI RD,60617
982549,19,594.0,SUBWAY,4979 W NORTH AVE,60605
922488,40,152.0,BUONA BEEF,141 S STATE ST,60634
138355,22,726.0,WALMART,1624 W 63RD ST,60627
335359,36,641.0,SHELL STATION,8045 N WESTERN AVE,60603
92463,28,948.0,SUBWAY,5068 S WABASH AVE,60609
166385,3,423.0,MCDONALD'S,4187 W CHICAGO AVE,60623
646450,40,974.0,ADVANCE AUTO,3269 S STATE ST,60634
701981,49,773.0,SAMS CLUB,9508 S PULASKI RD,60617
599973,21,414.0,STARBUCKS,5804 N WESTERN AVE,60637
804367,14,947.0,HONEYBEERS,4047 S HOUSTON AVE,60638
689204,50,444.0,WHOLE FOODS,7178 N SOUTHPORT AVE,60611
58985,4,593.0,SAMS CLUB,848 N BROADWAY,60638
368059,13,854.0,WALMART,3715 N MICHIGAN AVE,60602
331502,10,185.0,HOME DEPOT,2572 S ARCHER AVE,60639
789723,29,527.0,TRADER JOES,8707 S WABASH AVE,60628
940642,33,407.0,STARBUCKS,9587 N CLARK ST,60619
380111,15,121.0,PIZZA HUT,9828 S COTTAGE GROVE AVE,60606
329190,50,854.0,SHELL STATION,1825 S HOUSTON AVE,60630
792135,15,590.0,POTBELLY,9482 W DEVON AVE,60625
630888,13,913.0,TARGET,4639 N MICHIGAN AVE,60621
819959,7,640.0,MCDONALD'S,9830 S WABASH AVE,60630
443534,23,581.0,SUBWAY,1171 W CHICAGO AVE,60601
626705,9,143.0,COSTCO,5188 W IRVING PARK RD,60634
189060,1,249.0,CVS PHARMACY,4417 W DEVON AVE,60617
339672,15,346.0,DUNKIN DONUTS,9018 S PULASKI RD,60602
476906,2,374.0,REGGIE'S BAR & GRILL,7910 N WESTERN AVE,60639
41715,34,466.0,HOME DEPOT,3533 W MADISON ST,60609
377705,45,769.0,HONEYBEERS,3166 W MADISON ST,60626
3831,33,586.0,LOU MALNATIS,1336 S HOUSTON AVE,60640
328219,18,560.0,SPEEDWAY,5264 N CICERO AVE,60638
129546,39,477.0,SUBWAY,5867 W IRVING PARK RD,60617
389471,26,494.0,SPEEDWAY,8910 S PULASKI RD,60614
605195,10,752.0,WALGREENS,7014 W 63RD ST,60635
708037,9,841.0,AUTOZONE,412 N WESTERN AVE,60620
196934,27,355.0,REGGIE'S BAR & GRILL,5856 W 43RD ST,60606
673572,6,833.0,PORTILLOS,6600 S PULASKI RD,60626
558171,30,965.0,HOME DEPOT,4154 N BROADWAY,60637
670461,12,204.0,SHELL STATION,1682 N BROADWAY,60638
374575,3,741.0,LOU MALNATIS,9605 S COTTAGE GROVE AVE,60639
602099,6,315.0,BP GAS STATION,4273 S COTTAGE GROVE AVE,60611
517487,31,366.0,AUTOZONE,2892 S PULASKI RD,60612
312712,46,776.0,SHELL STATION,8449 N CLARK ST,60606
580644,33,315.0,HOME DEPOT,7731 N CLARK ST,60615
985892,46,538.0,BUONA BEEF,815 S PULASKI RD,60628
375931,25,812.0,COSTCO,6280 S STATE ST,60626
888505,46,405.0,BP GAS STATION,7268 W MADISON ST,60635
827330,43,813.0,SEVEN ELEVEN,3661 N WESTERN AVE,60605
639931,34,122.0,LOU MALNATIS,3065 S STATE ST,60623
2801,36,820.0,GIORDANOS,7243 W NORTH AVE,60621
153620,45,568.0,PIZZA HUT,2679 S ARCHER AVE,60607
866645,32,158.0,BP GAS STATION,6861 N WESTERN AVE,60613
929916,37,977.0,CELINA DELI,7153 S ARCHER AVE,60621
370417,16,125.0,ADVANCE AUTO,3884 S ARCHER AVE,60605
669029,30,140.0,PIZZA HUT,119 W IRVING PARK RD,60638
4340,42,534.0,STARBUCKS,8990 S HALSTED ST,60636
487326,36,733.0,LOWES,5563 S COTTAGE GROVE AVE,60616
431210,14,454.0,MARIANO'S,8432 N MICHIGAN AVE,60620
318060,46,169.0,DOMINICKS,9687 N BROADWAY,60617
251943,38,386.0,POTBELLY,6730 N WESTERN AVE,60635
216715,23,418.0,PIZZA HUT,8174 S STATE ST,60623
999399,20,407.0,WALGREENS,7287 S ARCHER AVE,60623
306135,13,134.0,MCDONALD'S,9116 S ARCHER AVE,60638
959770,8,610.0,AUTOZONE,872 S HALSTED ST,60626
577395,1,731.0,ALDI,1059 S PULASKI RD,60619
881503,30,578.0,PIZZA HUT,4534 N MICHIGAN AVE,60609
968982,42,720.0,BP GAS STATION,7785 S HALSTED ST,60639
918576,27,684.0,SEVEN ELEVEN,1526 N CICERO AVE,60632
239114,16,514.0,WALMART,7971 N CLARK ST,60616
882122,3,781.0,DUNKIN DONUTS,7412 N CLARK ST,60613
333637,1,461.0,JEWEL OSCO,2421 W 63RD ST,60621
578813,19,249.0,POTBELLY,6245 S HOUSTON AVE,60604
496423,5,258.0,ADVANCE AUTO,7339 W IRVING PARK RD,60616
555631,41,114.0,PORTILLOS,6385 S PULASKI RD,60609
38559,43,485.0,WALGREENS,5591 W 43RD ST,60636
180897,14,631.0,CELINA DELI,7793 W 43RD ST,60610
90076,18,959.0,TRADER JOES,5081 W 43RD ST,60638
787768,18,790.0,MCDONALD'S,4381 W IRVING PARK RD,60603
816741,42,194.0,HOME DEPOT,5807 S PULASKI RD,60622
450329,6,962.0,DOMINICKS,7489 S COTTAGE GROVE AVE,60620
409189,39,910.0,BP GAS STATION,7186 S ARCHER AVE,60619
231433,41,988.0,DOMINICKS,9396 W 43RD ST,60619
576967,38,203.0,WALGREENS,1497 N MICHIGAN AVE,60629
966277,48,970.0,SEVEN ELEVEN,6559 W IRVING PARK RD,60632
493419,21,380.0,SHELL STATION,1395 W CHICAGO AVE,60611
899203,5,632.0,GIORDANOS,3797 S ARCHER AVE,60606
74708,2,817.0,SPEEDWAY,5373 S WABASH AVE,60609
213614,46,437.0,CVS PHARMACY,7998 W CHICAGO AVE,60609
260908,46,824.0,AUTOZONE,4793 S ARCHER AVE,60639
714343,30,619.0,PORTILLOS,7800 N BROADWAY,60601
779326,37,882.0,BP GAS STATION,9177 N WESTERN AVE,60607
857466,36,760.0,JEWEL OSCO,4273 S HALSTED ST,60623
697230,10,619.0,AUTOZONE,558 N SOUTHPORT AVE,60606
855901,8,924.0,SAMS CLUB,5266 N MICHIGAN AVE,60638
482980,13,675.0,PIZZA HUT,4303 W NORTH AVE,60615
109430,5,121.0,SEVEN ELEVEN,8791 W 63RD ST,60630
339605,24,460.0,COSTCO,3160 S WABASH AVE,60613
56192,5,679.0,ADVANCE AUTO,4362 W CHICAGO AVE,60616
181161,42,250.0,BP GAS STATION,5771 S PULASKI RD,60638
317954,18,276.0,CELINA DELI,8584 W CHICAGO AVE,60611
363001,41,233.0,ADVANCE AUTO,287 S WABASH AVE,60607
374834,31,793.0,WALMART,533 S HALSTED ST,60638
520886,34,497.0,TRADER JOES,7171 W IRVING PARK RD,60614
595773,3,231.0,HONEYBEERS,1387 N MICHIGAN AVE,60603
234764,3,557.0,JEWEL OSCO,5440 S HOUSTON AVE,60610
488541,11,103.0,SAMS CLUB,286 N BROADWAY,60636
210388,21,884.0,CELINA DELI,2648 S HOUSTON AVE,60625
603063,41,535.0,SHELL STATION,4648 S HALSTED ST,60619
417648,31,984.0,DUNKIN DONUTS,2669 S COTTAGE GROVE AVE,60632
494490,33,619.0,LOU MALNATIS,8084 W DEVON AVE,60637
945582,19,783.0,ALDI,582 W MADISON ST,60624
59839,1,332.0,CVS PHARMACY,609 N BROADWAY,60625
383871,16,369.0,DOMINICKS,8940 S COTTAGE GROVE AVE,60636
821231,11,198.0,POTBELLY,3617 W IRVING PARK RD,60602
514880,30,369.0,DUNKIN DONUTS,697 S PULASKI RD,60610
456123,44,965.0,MCDONALD'S,684 N BROADWAY,60610
845953,9,867.0,WALGREENS,5817 N SOUTHPORT AVE,60621
65340,8,313.0,AUTOZONE,2143 W 43RD ST,60626
376231,30,663.0,WALMART,2068 N WESTERN AVE,60630
107088,3,253.0,CELINA DELI,4273 S ARCHER AVE,60634
811974,15,524.0,HONEYBEERS,9865 S WABASH AVE,60628
749799,39,541.0,SUBWAY,5051 N WESTERN AVE,60631
611243,3,451.0,POTBELLY,3519 S HOUSTON AVE,60619
725876,37,360.0,BUONA BEEF,6120 N BROADWAY,60631
136426,20,185.0,NEYBOUR'S TAVERN,678 N BROADWAY,60609
142488,39,601.0,LOU MALNATIS,6178 N BROADWAY,60637
31300,19,748.0,LOWES,6149 W 63RD ST,60638
969497,42,838.0,ALDI,6570 W MADISON ST,60637
420342,46,303.0,AUTOZONE,2303 N WESTERN AVE,60637
891823,4,838.0,DUNKIN DONUTS,7528 S WABASH AVE,60601
482145,24,889.0,TRADER JOES,6043 S HALSTED ST,60603
701296,21,164.0,CVS PHARMACY,5505 W CHICAGO AVE,60615
471150,19,436.0,PORTILLOS,1423 W 63RD ST,60619
80260,5,944.0,WHOLE FOODS,7190 W NORTH AVE,60621
733770,20,220.0,PIZZA HUT,5926 W IRVING PARK RD,60605
209275,33,937.0,BP GAS STATION,5629 W NORTH AVE,60636
731907,45,432.0,TARGET,7480 W NORTH AVE,60627
433765,2,539.0,SHELL STATION,7587 W 43RD ST,60640
85925,8,836.0,KRAFT FOODS,5895 S COTTAGE GROVE AVE,60640
112162,21,600.0,DOMINICKS,6813 N BROADWAY,60636
638243,17,559.0,DOMINICKS,4276 W NORTH AVE,60620
455432,9,581.0,ALDI,6992 W MADISON ST,60605
972856,45,521.0,CVS PHARMACY,5729 W NORTH AVE,60605
419965,33,856.0,COSTCO,7369 S ARCHER AVE,60613
41158,37,165.0,DUNKIN DONUTS,2153 W NORTH AVE,60604
382064,26,753.0,CELINA DELI,1083 N CLARK ST,60617
327415,18,462.0,TRADER JOES,2028 S WABASH AVE,60617
2789,36,516.0,CELINA DELI,4478 S COTTAGE GROVE AVE,60624
304771,13,964.0,WHOLE FOODS,2078 W CHICAGO AVE,60632
9203,32,509.0,GIORDANOS,4378 W MADISON ST,60610
28222,44,634.0,SAMS CLUB,5808 N WESTERN AVE,60621
95245,39,249.0,LOWES,8934 S COTTAGE GROVE AVE,60627
694811,28,370.0,PIZZA HUT,6617 N CLARK ST,60613
684556,45,251.0,WHOLE FOODS,4510 N MICHIGAN AVE,60636
658579,21,162.0,MCDONALD'S,2931 N CICERO AVE,60605
846417,41,457.0,SAMS CLUB,2556 S WABASH AVE,60608
829144,37,377.0,NEYBOUR'S TAVERN,1546 S COTTAGE GROVE AVE,60631
574375,28,530.0,BUONA BEEF,8559 N SOUTHPORT AVE,60633
8054,17,958.0,REGGIE'S BAR & GRILL,3995 S WABASH AVE,60640
12951,33,144.0,WALGREENS,5273 S HOUSTON AVE,60625
940386,16,275.0,TARGET,2472 S PULASKI RD,60637
588487,25,863.0,CVS PHARMACY,555 N BROADWAY,60615
807971,20,431.0,HONEYBEERS,4463 N CICERO AVE,60635
52375,30,524.0,AUTOZONE,5002 S PULASKI RD,60618
473408,20,427.0,HOME DEPOT,6617 W 43RD ST,60618
421992,50,317.0,WALGREENS,4154 S HALSTED ST,60637
163355,45,134.0,MCDONALD'S,4351 N CICERO AVE,60623
84528,39,856.0,WALMART,2948 W NORTH AVE,60627
89706,13,499.0,TONY'S FINER FOODS,3403 W NORTH AVE,60613
273074,28,501.0,JEWEL OSCO,1850 N SOUTHPORT AVE,60638
408571,49,554.0,WALGREENS,5406 S STATE ST,60607
923155,18,251.0,SAMS CLUB,4188 W MADISON ST,60632
467273,8,117.0,REGGIE'S BAR & GRILL,4314 N CLARK ST,60610
962951,49,672.0,DUNKIN DONUTS,7551 N BROADWAY,60610
395602,8,978.0,LOWES,3403 W MADISON ST,60602
484762,31,298.0,PORTILLOS,6515 S ARCHER AVE,60639
625190,35,306.0,HONEYBEERS,5210 W 43RD ST,60630
293576,2,456.0,SUBWAY,8128 S STATE ST,60617
387338,32,149.0,PORTILLOS,9677 W 63RD ST,60640
496958,5,878.0,POTBELLY,6216 S WABASH AVE,60612
161338,29,737.0,STARBUCKS,394 S PULASKI RD,60637
386159,30,299.0,MARIANO'S,8538 S COTTAGE GROVE AVE,60637
7063,50,494.0,HONEYBEERS,2060 W IRVING PARK RD,60627
750450,32,583.0,MARIANO'S,141 S PULASKI RD,60633
929105,32,515.0,DOMINICKS,8601 N SOUTHPORT AVE,60623
642609,16,350.0,ALDI,8312 W NORTH AVE,60615
815152,13,282.0,BUONA BEEF,6776 W DEVON AVE,60606
730180,23,504.0,ALDI,5712 N CLARK ST,60623
241439,44,953.0,COSTCO,2900 N CLARK ST,60605
24356,1,111.0,CVS PHARMACY,8812 N WESTERN AVE,60618
229122,12,624.0,SPEEDWAY,2247 S HOUSTON AVE,60601
735258,30,847.0,NEYBOUR'S TAVERN,9723 S HALSTED ST,60638
79340,38,858.0,BUONA BEEF,7909 S ARCHER AVE,60609
855716,19,132.0,HONEYBEERS,7383 W NORTH AVE,60638
494955,17,159.0,MCDONALD'S,1457 S STATE ST,60633
65761,29,942.0,CELINA DELI,5292 N WESTERN AVE,60608
256709,45,914.0,WALMART,9604 N CICERO AVE,60627
252107,12,205.0,COSTCO,6264 W IRVING PARK RD,60639
756576,31,246.0,ADVANCE AUTO,5450 N CICERO AVE,60636
500432,14,733.0,DOMINICKS,465 N CLARK ST,60612
245892,34,306.0,BUONA BEEF,1743 W NORTH AVE,60612
335978,2,227.0,SAMS CLUB,347 N CICERO AVE,60624
722982,47,740.0,WALMART,8138 S STATE ST,60627
864643,48,563.0,BUONA BEEF,1125 N WESTERN AVE,60610
270479,14,158.0,BUONA BEEF,7690 S WABASH AVE,60625
854801,6,151.0,POTBELLY,1569 N BROADWAY,60636
298962,50,713.0,STARBUCKS,8867 S HALSTED ST,60626
882502,43,181.0,SPEEDWAY,7113 W DEVON AVE,60618
478206,4,545.0,REGGIE'S BAR & GRILL,2552 W MADISON ST,60635
628506,33,502.0,PIZZA HUT,1616 W DEVON AVE,60625
258260,47,119.0,CVS PHARMACY,9285 S WABASH AVE,60608
490387,50,227.0,BUONA BEEF,7551 N BROADWAY,60629
421688,50,601.0,SEVEN ELEVEN,5388 N CLARK ST,60608
735637,8,656.0,MCDONALD'S,5062 N WESTERN AVE,60612
318953,38,131.0,SEVEN ELEVEN,5770 W NORTH AVE,60639
477251,11,659.0,NEYBOUR'S TAVERN,4000 S COTTAGE GROVE AVE,60605
648112,14,120.0,ALDI,3631 W NORTH AVE,60607
309261,19,232.0,BP GAS STATION,2029 S PULASKI RD,60629
904869,17,619.0,SPEEDWAY,5320 N SOUTHPORT AVE,60639
191136,13,239.0,BP GAS STATION,4742 N SOUTHPORT AVE,60615
572215,46,577.0,WHOLE FOODS,3188 W CHICAGO AVE,60636
54398,37,269.0,WALMART,5989 W CHICAGO AVE,60615
687101,10,135.0,MARIANO'S,667 W DEVON AVE,60628
642020,12,772.0,SUBWAY,8290 W MADISON ST,60622
335990,50,152.0,LOWES,5310 W DEVON AVE,60623
785914,46,581.0,HOME DEPOT,823 S WABASH AVE,60620
172717,12,982.0,CVS PHARMACY,3657 S HOUSTON AVE,60639
950760,18,817.0,HOME DEPOT,9378 S ARCHER AVE,60603
438591,40,723.0,DOMINICKS,9557 S HOUSTON AVE,60601
416525,5,821.0,ALDI,6428 S ARCHER AVE,60614
208563,22,901.0,LOU MALNATIS,1415 N CLARK ST,60617
632252,41,886.0,PORTILLOS,9425 W MADISON ST,60608
223038,3,222.0,KRAFT FOODS,189 N MICHIGAN AVE,60621
672815,47,594.0,CELINA DELI,596 N BROADWAY,60625
167252,43,688.0,ALDI,3965 S ARCHER AVE,60633
699250,4,475.0,PIZZA HUT,5484 N MICHIGAN AVE,60608
157242,49,295.0,HOME DEPOT,4389 S HOUSTON AVE,60636
285684,40,457.0,SUBWAY,5092 W CHICAGO AVE,60619
300348,48,597.0,SHELL STATION,9270 S PULASKI RD,60612
216616,23,133.0,ALDI,7921 N WESTERN AVE,60632
590786,3,454.0,STARBUCKS,373 S ARCHER AVE,60602
673169,46,403.0,COSTCO,3578 N SOUTHPORT AVE,60615
859906,20,743.0,WALGREENS,1264 W IRVING PARK RD,60607
103744,41,971.0,STARBUCKS,9227 S ARCHER AVE,60637
21716,32,662.0,HOME DEPOT,8906 S COTTAGE GROVE AVE,60613
682331,31,230.0,REGGIE'S BAR & GRILL,644 S STATE ST,60630
546404,40,885.0,ADVANCE AUTO,6141 S HOUSTON AVE,60626
93838,1,701.0,WALMART,6998 N CICERO AVE,60640
653727,3,433.0,STARBUCKS,5537 N CICERO AVE,60601
306876,11,947.0,KRAFT FOODS,1574 N SOUTHPORT AVE,60614
248154,14,188.0,GIORDANOS,3013 S WABASH AVE,60613
635391,45,387.0,ADVANCE AUTO,9663 W 63RD ST,60624
77176,24,139.0,HOME DEPOT,7696 S HOUSTON AVE,60633
906012,45,707.0,MARIANO'S,559 W 43RD ST,60605
137967,32,770.0,NEYBOUR'S TAVERN,4970 S WABASH AVE,60602
284055,15,166.0,NEYBOUR'S TAVERN,6056 N CLARK ST,60633
490178,40,727.0,CELINA DELI,8777 N BROADWAY,60615
174966,17,562.0,POTBELLY,7526 N BROADWAY,60638
274284,42,150.0,MCDONALD'S,8188 S HOUSTON AVE,60619
551175,31,602.0,BP GAS STATION,1199 S PULASKI RD,60614
197117,46,289.0,HONEYBEERS,637 W NORTH AVE,60605
344671,25,327.0,ADVANCE AUTO,6739 S ARCHER AVE,60613
995316,14,744.0,DUNKIN DONUTS,7393 S HOUSTON AVE,60627
572062,12,402.0,JEWEL OSCO,3806 S HALSTED ST,60618
369512,39,185.0,PIZZA HUT,5344 W 43RD ST,60607
661755,44,601.0,STARBUCKS,6315 W IRVING PARK RD,60613
837304,31,435.0,WALGREENS,9023 N MICHIGAN AVE,60601
545787,42,475.0,KRAFT FOODS,6739 W DEVON AVE,60610
576431,12,714.0,PIZZA HUT,6466 W CHICAGO AVE,60613
292304,25,712.0,AUTOZONE,5144 S HOUSTON AVE,60629
306406,28,936.0,SAMS CLUB,4476 N CICERO AVE,60609
687257,8,142.0,AUTOZONE,5579 S HOUSTON AVE,60637
226679,41,542.0,DOMINICKS,7607 N BROADWAY,60613
803245,7,991.0,MARIANO'S,3653 S HOUSTON AVE,60616
907379,5,910.0,TRADER JOES,7586 N SOUTHPORT AVE,60630
353170,31,958.0,CELINA DELI,1395 S HOUSTON AVE,60612
682734,2,134.0,WALMART,6852 N CICERO AVE,60612
684809,42,160.0,CVS PHARMACY,8570 W IRVING PARK RD,60636
733930,6,481.0,HONEYBEERS,3845 N CICERO AVE,60624
532316,2,165.0,PIZZA HUT,3680 N MICHIGAN AVE,60609
538874,27,266.0,ALDI,3840 S ARCHER AVE,60622
341235,44,118.0,JEWEL OSCO,7976 W IRVING PARK RD,60606
623678,18,141.0,WALMART,666 S WABASH AVE,60614
312329,49,546.0,BP GAS STATION,9921 N CLARK ST,60602
664593,14,246.0,SUBWAY,8202 W 63RD ST,60612
402005,3,731.0,SHELL STATION,1848 N CLARK ST,60612
540800,12,877.0,PIZZA HUT,1871 S WABASH AVE,60607
76599,24,332.0,PIZZA HUT,2569 S HALSTED ST,60613
350033,3,478.0,LOWES,7484 S STATE ST,60604
696624,22,123.0,DOMINICKS,3774 N BROADWAY,60616
265114,12,360.0,SUBWAY,8359 S HOUSTON AVE,60601
232942,34,169.0,SPEEDWAY,9379 N CICERO AVE,60613
868719,26,656.0,REGGIE'S BAR & GRILL,5655 W CHICAGO AVE,60611
316916,32,103.0,JEWEL OSCO,9339 N MICHIGAN AVE,60602
793229,43,592.0,PORTILLOS,463 W IRVING PARK RD,60618
922910,50,461.0,NEYBOUR'S TAVERN,9854 S WABASH AVE,60632
949444,17,465.0,CVS PHARMACY,7784 W CHICAGO AVE,60638
506151,1,372.0,WALGREENS,2563 S HALSTED ST,60628
710261,35,508.0,COSTCO,5644 S HALSTED ST,60611
165227,46,453.0,SUBWAY,7083 S HALSTED ST,60615
705137,20,435.0,SEVEN ELEVEN,4525 S PULASKI RD,60612
801668,50,722.0,WHOLE FOODS,6299 N WESTERN AVE,60605
740944,21,758.0,GIORDANOS,4013 N MICHIGAN AVE,60621
487260,48,788.0,POTBELLY,5071 W IRVING PARK RD,60609
104987,19,625.0,KRAFT FOODS,7013 W CHICAGO AVE,60621
947011,36,215.0,DUNKIN DONUTS,5474 W 43RD ST,60610
30014,43,491.0,PORTILLOS,6924 S WABASH AVE,60612
344914,13,716.0,SUBWAY,3322 W DEVON AVE,60634
213262,3,392.0,DUNKIN DONUTS,8964 W MADISON ST,60620
864054,44,364.0,CVS PHARMACY,6736 S COTTAGE GROVE AVE,60633
705932,5,475.0,WALMART,7379 S PULASKI RD,60604
238807,22,526.0,CVS PHARMACY,6039 N BROADWAY,60618
286220,39,470.0,STARBUCKS,1174 W 43RD ST,60638
942342,41,882.0,REGGIE'S BAR & GRILL,7819 N CICERO AVE,60611
314036,10,699.0,SPEEDWAY,6622 N MICHIGAN AVE,60624
358194,33,948.0,GIORDANOS,1282 N CLARK ST,60639
935312,39,539.0,SUBWAY,1067 N WESTERN AVE,60615
487546,13,509.0,COSTCO,632 S COTTAGE GROVE AVE,60618
367626,27,100.0,POTBELLY,761 N CLARK ST,60610
720855,10,678.0,REGGIE'S BAR & GRILL,2008 N SOUTHPORT AVE,60601
376933,40,835.0,TARGET,8013 N MICHIGAN AVE,60639
176682,33,466.0,TRADER JOES,517 S HALSTED ST,60610
571567,30,944.0,CVS PHARMACY,6402 S COTTAGE GROVE AVE,60632
142314,29,746.0,STARBUCKS,2376 S COTTAGE GROVE AVE,60617
387318,35,781.0,SAMS CLUB,4027 S PULASKI RD,60638
501740,13,761.0,POTBELLY,6755 N CICERO AVE,60607
907434,38,848.0,COSTCO,5074 N CLARK ST,60632
703012,20,514.0,KRAFT FOODS,5964 W IRVING PARK RD,60608
1398,40,149.0,TRADER JOES,1133 W 63RD ST,60606
733971,2,538.0,POTBELLY,3304 S HALSTED ST,60616
582313,28,863.0,CELINA DELI,9927 S PULASKI RD,60632
290902,46,351.0,NEYBOUR'S TAVERN,4785 W 43RD ST,60626
614333,33,675.0,HOME DEPOT,1769 S HOUSTON AVE,60635
476971,28,956.0,BP GAS STATION,2981 W IRVING PARK RD,60618
367509,15,215.0,TONY'S FINER FOODS,6878 W MADISON ST,60640
539176,22,858.0,REGGIE'S BAR & GRILL,2626 S ARCHER AVE,60613
566933,23,497.0,COSTCO,1245 N WESTERN AVE,60637
483750,31,546.0,POTBELLY,7836 W NORTH AVE,60605
312488,33,136.0,SPEEDWAY,8916 W 43RD ST,60622
292700,23,721.0,TONY'S FINER FOODS,8474 N CICERO AVE,60620
605511,40,103.0,SAMS CLUB,910 N WESTERN AVE,60601
105252,8,681.0,MCDONALD'S,7529 N CICERO AVE,60601
511276,9,785.0,SHELL STATION,9141 S COTTAGE GROVE AVE,60628
199482,22,732.0,LOU MALNATIS,3081 N MICHIGAN AVE,60639
753086,18,982.0,PIZZA HUT,2612 W 63RD ST,60601
633084,31,445.0,SPEEDWAY,484 W 63RD ST,60620
360904,34,547.0,BUONA BEEF,3206 S ARCHER AVE,60630
447849,37,214.0,SEVEN ELEVEN,5128 S WABASH AVE,60620
427476,47,656.0,BP GAS STATION,7705 W CHICAGO AVE,60626
468923,48,918.0,WALMART,865 W MADISON ST,60630
283301,26,410.0,NEYBOUR'S TAVERN,1742 S COTTAGE GROVE AVE,60627
662026,26,221.0,KRAFT FOODS,9338 W IRVING PARK RD,60613
728144,11,768.0,AUTOZONE,7129 W CHICAGO AVE,60616
232616,21,637.0,HOME DEPOT,4001 W MADISON ST,60633
167863,34,800.0,LOU MALNATIS,5443 N SOUTHPORT AVE,60630
163473,7,641.0,MARIANO'S,6298 S HOUSTON AVE,60619
158674,47,126.0,PORTILLOS,2720 W DEVON AVE,60631
491482,39,707.0,PORTILLOS,3132 N SOUTHPORT AVE,60638
512170,20,872.0,PORTILLOS,5618 S PULASKI RD,60609
666097,17,427.0,LOWES,3903 N CICERO AVE,60617
250323,7,627.0,HONEYBEERS,1563 N MICHIGAN AVE,60610
444173,25,884.0,COSTCO,7988 N SOUTHPORT AVE,60622
613971,30,785.0,ADVANCE AUTO,2641 W NORTH AVE,60624
140797,30,385.0,LOU MALNATIS,2582 W 63RD ST,60631
780072,22,429.0,CELINA DELI,7096 S WABASH AVE,60612
251213,17,228.0,SPEEDWAY,8132 W DEVON AVE,60621
755640,42,157.0,LOU MALNATIS,4165 N MICHIGAN AVE,60636
878967,12,388.0,DOMINICKS,942 S STATE ST,60622
754692,38,712.0,HONEYBEERS,2553 S STATE ST,60640
561545,31,864.0,KRAFT FOODS,3832 S HOUSTON AVE,60636
778500,40,184.0,JEWEL OSCO,1747 W 43RD ST,60640
69795,29,843.0,JEWEL OSCO,2936 S WABASH AVE,60629
766911,19,875.0,WHOLE FOODS,2268 S ARCHER AVE,60619
735341,6,568.0,HOME DEPOT,3864 N MICHIGAN AVE,60602
936370,31,119.0,SAMS CLUB,4417 W IRVING PARK RD,60605
40215,33,167.0,KRAFT FOODS,1948 N CICERO AVE,60617
505288,35,371.0,WALMART,7191 S WABASH AVE,60604
772839,10,485.0,WHOLE FOODS,5037 S WABASH AVE,60613
682479,45,893.0,STARBUCKS,4662 W IRVING PARK RD,60621
226825,6,354.0,JEWEL OSCO,9397 W IRVING PARK RD,60611
24850,47,594.0,SHELL STATION,1320 N CICERO AVE,60640
398156,20,170.0,PORTILLOS,1960 N CICERO AVE,60622
942041,45,220.0,TRADER JOES,273 S HOUSTON AVE,60636
421102,27,822.0,WALGREENS,2748 W DEVON AVE,60620
254444,27,158.0,NEYBOUR'S TAVERN,4558 S PULASKI RD,60631
382656,39,901.0,MARIANO'S,8826 S HOUSTON AVE,60604
163702,25,270.0,DOMINICKS,2129 N MICHIGAN AVE,60634
558477,11,278.0,SUBWAY,8244 W IRVING PARK RD,60602
878302,15,841.0,TRADER JOES,4217 W DEVON AVE,60603
684785,41,,REGGIE'S BAR & GRILL,641 N BROADWAY,60619
531561,23,715.0,STARBUCKS,4833 N WESTERN AVE,60611
160218,38,148.0,SPEEDWAY,9430 N CLARK ST,60621
196448,35,487.0,NEYBOUR'S TAVERN,3636 S ARCHER AVE,60612
151933,29,129.0,DUNKIN DONUTS,7552 S COTTAGE GROVE AVE,60618
765221,27,156.0,DUNKIN DONUTS,5761 N WESTERN AVE,60608
564904,11,862.0,TRADER JOES,5902 W 43RD ST,60629
843302,44,722.0,WALMART,3172 S HOUSTON AVE,60620
789327,46,902.0,TARGET,8119 S COTTAGE GROVE AVE,60631
526154,27,821.0,MARIANO'S,4922 N WESTERN AVE,60622
676052,26,650.0,WALGREENS,9528 N MICHIGAN AVE,60629
702078,37,127.0,CVS PHARMACY,372 S WABASH AVE,60628
890877,25,414.0,SUBWAY,8428 S COTTAGE GROVE AVE,60602
513661,20,749.0,PORTILLOS,4673 N SOUTHPORT AVE,60630
482554,20,454.0,LOU MALNATIS,8765 S STATE ST,60604
673922,15,820.0,COSTCO,2530 N SOUTHPORT AVE,60630
648186,44,127.0,SUBWAY,206 S WABASH AVE,60633
263081,35,815.0,LOWES,4357 W IRVING PARK RD,60605
51967,41,377.0,KRAFT FOODS,7159 W MADISON ST,60630
994124,32,717.0,TONY'S FINER FOODS,3885 S HALSTED ST,60635
544823,31,600.0,COSTCO,7753 W DEVON AVE,60609
469876,34,427.0,BUONA BEEF,5126 N WESTERN AVE,60612
666095,40,456.0,TRADER JOES,449 W 43RD ST,60605
772761,32,497.0,MARIANO'S,5919 S COTTAGE GROVE AVE,60620
545379,17,469.0,LOU MALNATIS,2827 S PULASKI RD,60620
705288,30,130.0,SEVEN ELEVEN,181 N CICERO AVE,60629
221964,13,152.0,NEYBOUR'S TAVERN,9334 N MICHIGAN AVE,60627
350779,37,987.0,BP GAS STATION,604 W 63RD ST,60626
376832,45,488.0,ALDI,5746 S HOUSTON AVE,60623
986315,33,951.0,WALGREENS,7416 S HALSTED ST,60617
892887,15,853.0,STARBUCKS,2039 W NORTH AVE,60617
935831,31,777.0,JEWEL OSCO,3667 N CICERO AVE,60622
636105,37,724.0,CVS PHARMACY,4774 W NORTH AVE,60632
99677,14,675.0,SUBWAY,1034 S HOUSTON AVE,60627
869263,39,106.0,TARGET,5160 N CICERO AVE,60609
890870,48,256.0,SPEEDWAY,5723 N MICHIGAN AVE,60632
315120,45,680.0,STARBUCKS,5359 S PULASKI RD,60614
228458,49,489.0,PIZZA HUT,5267 N SOUTHPORT AVE,60624
25277,34,533.0,PIZZA HUT,6602 N CLARK ST,60639
371756,48,480.0,REGGIE'S BAR & GRILL,6080 S HALSTED ST,60634
149538,21,469.0,DOMINICKS,9609 W IRVING PARK RD,60605
207455,38,263.0,STARBUCKS,242 W DEVON AVE,60601
484705,44,198.0,JEWEL OSCO,4377 W 43RD ST,60615
277332,46,184.0,SAMS CLUB,2277 N SOUTHPORT AVE,60631
410339,23,181.0,LOU MALNATIS,9416 N MICHIGAN AVE,60628
947591,2,974.0,WALMART,7317 N CICERO AVE,60634
35430,14,904.0,HOME DEPOT,6580 S HALSTED ST,60610
244186,6,677.0,MCDONALD'S,4390 W MADISON ST,60628
333734,48,587.0,WHOLE FOODS,1811 S HOUSTON AVE,60631
496945,23,309.0,KRAFT FOODS,1665 S ARCHER AVE,60604
490103,36,758.0,WALGREENS,9771 S STATE ST,60626
272390,4,460.0,NEYBOUR'S TAVERN,4675 S HOUSTON AVE,60604
785380,46,107.0,HOME DEPOT,9716 W IRVING PARK RD,60605
20562,35,995.0,SAMS CLUB,1598 N CICERO AVE,60615
902412,34,981.0,HONEYBEERS,2801 N MICHIGAN AVE,60615
920499,27,264.0,LOU MALNATIS,4508 W MADISON ST,60616
565867,32,240.0,WALMART,315 N CLARK ST,60631
761936,47,977.0,TARGET,3803 W 63RD ST,60635
689989,48,414.0,KRAFT FOODS,4669 W MADISON ST,60601
216491,7,430.0,MARIANO'S,2750 W DEVON AVE,60602
707590,17,401.0,STARBUCKS,1423 W 63RD ST,60602
997796,14,886.0,CELINA DELI,9779 W MADISON ST,60638
812323,22,692.0,GIORDANOS,725 N CLARK ST,60612
436888,17,956.0,TRADER JOES,2999 N CICERO AVE,60612
40850,47,340.0,PORTILLOS,331 N CICERO AVE,60614
832152,11,549.0,SPEEDWAY,7164 S COTTAGE GROVE AVE,60607
476552,18,666.0,COSTCO,2885 W NORTH AVE,60612
944613,14,767.0,PORTILLOS,144 S STATE ST,60610
172981,19,748.0,SHELL STATION,6615 W 43RD ST,60633
265745,18,817.0,NEYBOUR'S TAVERN,4677 N WESTERN AVE,60606
211098,27,469.0,HONEYBEERS,7328 W NORTH AVE,60619
256630,43,320.0,GIORDANOS,5159 N BROADWAY,60637
910630,8,874.0,NEYBOUR'S TAVERN,585 S HALSTED ST,60635
388696,18,499.0,REGGIE'S BAR & GRILL,8048 W NORTH AVE,60638
310538,33,402.0,COSTCO,6383 S ARCHER AVE,60627
98735,21,935.0,BUONA BEEF,2388 N SOUTHPORT AVE,60622
266102,20,438.0,LOWES,8076 N SOUTHPORT AVE,60610
801926,35,764.0,PORTILLOS,4362 W CHICAGO AVE,60621
389906,1,109.0,SHELL STATION,3816 W CHICAGO AVE,60608
301269,13,748.0,CELINA DELI,5411 N WESTERN AVE,60609
664772,35,892.0,ADVANCE AUTO,8771 S STATE ST,60633
750318,27,775.0,BUONA BEEF,602 W IRVING PARK RD,60637
873119,8,499.0,WHOLE FOODS,9329 W DEVON AVE,60625
269030,19,312.0,MCDONALD'S,788 N MICHIGAN AVE,60603
331583,28,172.0,ALDI,7247 W CHICAGO AVE,60639
965789,49,214.0,SHELL STATION,6505 W 63RD ST,60616
972250,22,586.0,PORTILLOS,7490 S WABASH AVE,60634
193625,26,602.0,PORTILLOS,9610 N CLARK ST,60603
404936,26,305.0,MARIANO'S,2907 W NORTH AVE,60632
142974,1,910.0,COSTCO,1609 N SOUTHPORT AVE,60638
372203,30,267.0,LOWES,5102 W CHICAGO AVE,60640
160545,12,951.0,CVS PHARMACY,8506 N SOUTHPORT AVE,60624
340506,48,294.0,MARIANO'S,8801 N CICERO AVE,60611
227766,47,744.0,WHOLE FOODS,5287 S PULASKI RD,60633
525871,9,284.0,LOWES,9860 S HOUSTON AVE,60603
341465,16,374.0,REGGIE'S BAR & GRILL,9656 W DEVON AVE,60635
198978,11,898.0,TONY'S FINER FOODS,4107 N CLARK ST,60606
746381,46,382.0,TARGET,3497 W MADISON ST,60601
900821,28,647.0,ADVANCE AUTO,8900 N MICHIGAN AVE,60618
318240,2,602.0,ALDI,987 W NORTH AVE,60606
981839,9,786.0,PIZZA HUT,4461 N MICHIGAN AVE,60640
766610,29,473.0,JEWEL OSCO,1394 W NORTH AVE,60609
449098,27,216.0,DOMINICKS,6483 W 43RD ST,60613
373401,19,340.0,KRAFT FOODS,866 S PULASKI RD,60632
869703,14,466.0,COSTCO,5300 S COTTAGE GROVE AVE,60620
836282,13,500.0,SEVEN ELEVEN,8240 W IRVING PARK RD,60619
879553,42,730.0,CELINA DELI,9020 N BROADWAY,60624
768806,41,505.0,LOU MALNATIS,7732 W CHICAGO AVE,60632
46897,21,912.0,KRAFT FOODS,5376 W IRVING PARK RD,60618
683187,25,888.0,AUTOZONE,1261 W 43RD ST,60604
678550,15,732.0,SPEEDWAY,6098 W CHICAGO AVE,60628
968491,20,995.0,KRAFT FOODS,1934 W IRVING PARK RD,60632
186882,41,225.0,REGGIE'S BAR & GRILL,6681 W IRVING PARK RD,60632
804804,1,898.0,COSTCO,7644 W IRVING PARK RD,60602
738828,18,539.0,KRAFT FOODS,6751 S STATE ST,60626
593740,22,988.0,PORTILLOS,9712 S HOUSTON AVE,60623
549314,24,495.0,POTBELLY,7865 S WABASH AVE,60622
873747,30,892.0,SUBWAY,1420 S COTTAGE GROVE AVE,60613
313320,20,261.0,MARIANO'S,1144 N CLARK ST,60627
575882,36,856.0,LOWES,2349 S ARCHER AVE,60619
749569,8,435.0,MCDONALD'S,6567 W NORTH AVE,60631
479077,2,513.0,WALMART,5169 S PULASKI RD,60639
456814,20,454.0,LOWES,291 W 63RD ST,60622
389713,41,466.0,DUNKIN DONUTS,9725 W MADISON ST,60638
643512,36,863.0,HONEYBEERS,254 S HALSTED ST,60622
899349,28,221.0,GIORDANOS,8618 W IRVING PARK RD,60628
59791,22,477.0,STARBUCKS,5630 W CHICAGO AVE,60630
311896,29,928.0,NEYBOUR'S TAVERN,4087 S WABASH AVE,60624
863010,45,582.0,WALMART,7118 N SOUTHPORT AVE,60611
596807,21,700.0,SEVEN ELEVEN,3875 W NORTH AVE,60614
775357,34,857.0,JEWEL OSCO,6112 S PULASKI RD,60629
173722,1,399.0,PORTILLOS,2140 N CLARK ST,60633
954600,28,897.0,CELINA DELI,380 S WABASH AVE,60621
497671,34,109.0,HONEYBEERS,2798 S ARCHER AVE,60602
102928,10,222.0,TRADER JOES,7346 N MICHIGAN AVE,60614
580772,9,821.0,BP GAS STATION,1772 S COTTAGE GROVE AVE,60616
913037,49,127.0,STARBUCKS,230 N CICERO AVE,60640
299833,37,593.0,SAMS CLUB,7985 W MADISON ST,60633
463468,50,421.0,DUNKIN DONUTS,7640 S STATE ST,60620
964531,49,798.0,BP GAS STATION,5807 W CHICAGO AVE,60633
323262,35,105.0,DOMINICKS,3785 S HOUSTON AVE,60633
709206,3,833.0,TARGET,6013 S PULASKI RD,60613
380422,49,548.0,HONEYBEERS,5930 S HALSTED ST,60617
983491,19,726.0,LOWES,5291 S ARCHER AVE,60605
518126,38,388.0,PIZZA HUT,779 N CICERO AVE,60608
284134,14,266.0,CVS PHARMACY,7850 W DEVON AVE,60639
676301,23,777.0,BP GAS STATION,8436 W 43RD ST,60624
392071,15,618.0,CELINA DELI,3544 W DEVON AVE,60629
201938,7,640.0,MARIANO'S,1899 N SOUTHPORT AVE,60606
897253,34,434.0,TONY'S FINER FOODS,2435 S PULASKI RD,60612
561965,23,187.0,GIORDANOS,3377 W 43RD ST,60602
245211,32,396.0,MARIANO'S,6411 S HOUSTON AVE,60638
613283,26,904.0,POTBELLY,7234 W MADISON ST,60611
286081,5,940.0,HONEYBEERS,3136 W MADISON ST,60607
553805,25,333.0,LOU MALNATIS,2767 W MADISON ST,60604
678623,50,269.0,COSTCO,1372 S HOUSTON AVE,60612
262370,26,102.0,ADVANCE AUTO,7225 S STATE ST,60603
730887,40,321.0,SPEEDWAY,5488 N SOUTHPORT AVE,60623
563451,43,644.0,REGGIE'S BAR & GRILL,7035 N CICERO AVE,60639
12832,18,112.0,REGGIE'S BAR & GRILL,3074 N SOUTHPORT AVE,60618
509343,36,128.0,REGGIE'S BAR & GRILL,2437 W 63RD ST,60609
366534,27,347.0,HOME DEPOT,3393 W 43RD ST,60601
860851,22,940.0,SHELL STATION,9120 W 43RD ST,60635
588370,21,680.0,WHOLE FOODS,7192 N BROADWAY,60614
932975,44,617.0,PIZZA HUT,2624 W CHICAGO AVE,60636
749637,30,502.0,MARIANO'S,4949 S HALSTED ST,60609
307174,49,700.0,AUTOZONE,8477 W IRVING PARK RD,60633
396794,15,830.0,DUNKIN DONUTS,9003 N BROADWAY,60612
346801,16,288.0,WALMART,3081 W DEVON AVE,60605
664824,16,109.0,CELINA DELI,7969 W 63RD ST,60609
386473,10,564.0,SAMS CLUB,3461 S COTTAGE GROVE AVE,60633
596684,11,571.0,DUNKIN DONUTS,5228 S COTTAGE GROVE AVE,60612
508512,45,721.0,PORTILLOS,2183 W NORTH AVE,60620
491223,26,558.0,ALDI,3605 S HOUSTON AVE,60626
199722,40,447.0,SUBWAY,4528 S HALSTED ST,60602
963805,36,251.0,BP GAS STATION,6826 N SOUTHPORT AVE,60606
885469,30,335.0,CVS PHARMACY,627 N WESTERN AVE,60629
339060,10,627.0,TARGET,8596 S PULASKI RD,60613
41530,11,868.0,CELINA DELI,8054 W 43RD ST,60621
154285,40,866.0,BUONA BEEF,4825 N CLARK ST,60622
667224,48,125.0,BP GAS STATION,7710 N WESTERN AVE,60608
235107,16,329.0,CELINA DELI,9448 N MICHIGAN AVE,60619
427529,27,927.0,DOMINICKS,3589 W 63RD ST,60620
82723,30,613.0,POTBELLY,2742 W CHICAGO AVE,60620
593897,45,689.0,SHELL STATION,8246 S HALSTED ST,60620
808089,34,185.0,AUTOZONE,6874 S HALSTED ST,60638
180859,8,496.0,MCDONALD'S,9689 S HOUSTON AVE,60615
132075,7,305.0,JEWEL OSCO,3653 S WABASH AVE,60634
102738,38,494.0,SPEEDWAY,9995 S HOUSTON AVE,60637
817718,25,544.0,GIORDANOS,6389 S PULASKI RD,60609
427773,10,904.0,POTBELLY,5904 W CHICAGO AVE,60640
989276,21,825.0,HOME DEPOT,1694 N MICHIGAN AVE,60621
130159,1,860.0,WALMART,7908 W NORTH AVE,60610
115977,15,869.0,BUONA BEEF,137 S WABASH AVE,60604
415950,16,976.0,BP GAS STATION,2443 W 63RD ST,60611
178392,31,837.0,DOMINICKS,3894 S HALSTED ST,60620
671071,35,516.0,SAMS CLUB,3747 N CICERO AVE,60608
164479,31,773.0,BUONA BEEF,8959 N CLARK ST,60627
337709,32,834.0,HOME DEPOT,9336 W IRVING PARK RD,60602
116985,49,329.0,ADVANCE AUTO,1541 S ARCHER AVE,60616
510530,35,294.0,TARGET,8360 W NORTH AVE,60604
535054,26,989.0,ALDI,6385 N MICHIGAN AVE,60630
156499,7,833.0,LOU MALNATIS,5443 N SOUTHPORT AVE,60631
266631,10,248.0,LOWES,5044 W DEVON AVE,60610
290012,40,224.0,TRADER JOES,8473 S COTTAGE GROVE AVE,60610
172521,5,930.0,COSTCO,7000 N CICERO AVE,60623
381016,21,309.0,WHOLE FOODS,6316 W 43RD ST,60617
789816,31,328.0,LOU MALNATIS,9475 N MICHIGAN AVE,60618
247917,47,908.0,GIORDANOS,3822 S PULASKI RD,60620
515357,39,574.0,SAMS CLUB,3603 N CLARK ST,60630
802624,49,997.0,BUONA BEEF,5562 S HALSTED ST,60640
128217,45,113.0,JEWEL OSCO,1529 S PULASKI RD,60637
485896,19,315.0,PORTILLOS,1077 W IRVING PARK RD,60616
51580,13,268.0,WALMART,8460 W IRVING PARK RD,60639
966785,44,118.0,POTBELLY,8149 W 63RD ST,60609
225574,8,935.0,CELINA DELI,7280 N WESTERN AVE,60632
456673,35,759.0,ADVANCE AUTO,3614 S HOUSTON AVE,60639
860842,43,788.0,HONEYBEERS,9062 N MICHIGAN AVE,60618
754831,32,246.0,MARIANO'S,4768 S STATE ST,60615
404843,18,180.0,MARIANO'S,9360 N SOUTHPORT AVE,60626
912098,17,164.0,MCDONALD'S,4318 W IRVING PARK RD,60632
349244,11,132.0,LOU MALNATIS,4089 N BROADWAY,60607
814561,25,547.0,CVS PHARMACY,4708 S WABASH AVE,60626
980671,31,656.0,SHELL STATION,3215 W DEVON AVE,60610
721321,34,361.0,MARIANO'S,7474 W NORTH AVE,60638
756883,5,950.0,TONY'S FINER FOODS,6962 S COTTAGE GROVE AVE,60630
628439,19,229.0,ALDI,5480 N WESTERN AVE,60633
176397,41,233.0,SHELL STATION,5111 W NORTH AVE,60603
565853,27,978.0,AUTOZONE,295 N CLARK ST,60617
137644,39,922.0,BP GAS STATION,4405 N MICHIGAN AVE,60627
795368,24,200.0,ALDI,4901 W IRVING PARK RD,60607
929328,32,484.0,SAMS CLUB,3417 S WABASH AVE,60616
920219,24,191.0,TRADER JOES,3138 N SOUTHPORT AVE,60630
322603,49,529.0,ALDI,7305 W 43RD ST,60614
671897,13,533.0,LOWES,9255 N BROADWAY,60635
874681,11,799.0,TRADER JOES,576 S WABASH AVE,60622
581869,42,630.0,ADVANCE AUTO,4527 N BROADWAY,60631
155220,33,220.0,NEYBOUR'S TAVERN,6737 W CHICAGO AVE,60622
406949,43,767.0,COSTCO,1804 W MADISON ST,60615
612565,21,714.0,SPEEDWAY,1986 W MADISON ST,60640
645179,9,802.0,CELINA DELI,9379 W IRVING PARK RD,60604
845465,39,600.0,WALGREENS,4111 W 63RD ST,60640
82735,27,172.0,SPEEDWAY,9969 N CICERO AVE,60622
716342,22,841.0,STARBUCKS,3265 S HALSTED ST,60636
912825,33,140.0,TONY'S FINER FOODS,4420 S STATE ST,60602
57222,47,427.0,SPEEDWAY,8135 S HALSTED ST,60631
610731,2,706.0,LOWES,556 N SOUTHPORT AVE,60635
967572,42,996.0,SAMS CLUB,7943 N WESTERN AVE,60630
592827,47,855.0,REGGIE'S BAR & GRILL,3651 S HALSTED ST,60615
254574,3,358.0,SUBWAY,3261 N MICHIGAN AVE,60635
248965,29,738.0,KRAFT FOODS,5981 S WABASH AVE,60634
456606,34,361.0,ALDI,7115 S ARCHER AVE,60616
828506,42,259.0,TRADER JOES,6774 N BROADWAY,60634
255961,34,823.0,WALMART,6689 N BROADWAY,60630
992712,30,988.0,PIZZA HUT,3099 N SOUTHPORT AVE,60614
244710,28,888.0,COSTCO,4997 S WABASH AVE,60626
510974,10,267.0,WALMART,4955 N WESTERN AVE,60633
179236,49,322.0,HOME DEPOT,6684 N SOUTHPORT AVE,60619
899192,25,312.0,LOU MALNATIS,6428 N SOUTHPORT AVE,60617
438846,50,570.0,MCDONALD'S,1258 N SOUTHPORT AVE,60616
286632,48,236.0,COSTCO,6705 W DEVON AVE,60628
903394,15,956.0,PIZZA HUT,2433 W IRVING PARK RD,60616
401674,11,460.0,AUTOZONE,8432 W 43RD ST,60615
163770,21,627.0,HONEYBEERS,576 S WABASH AVE,60604
984276,44,844.0,WALGREENS,5825 W MADISON ST,60602
112515,22,414.0,POTBELLY,3930 S PULASKI RD,60606
484371,25,813.0,HONEYBEERS,1605 W 63RD ST,60614
666961,15,806.0,CVS PHARMACY,9523 N CICERO AVE,60632
180444,33,478.0,HOME DEPOT,1312 N SOUTHPORT AVE,60638
263248,20,528.0,TONY'S FINER FOODS,6695 N CICERO AVE,60636
123681,13,787.0,LOWES,6568 W 43RD ST,60604
284351,49,754.0,BUONA BEEF,1630 S PULASKI RD,60616
271204,35,,SHELL STATION,1938 N CLARK ST,60628
990796,29,837.0,SUBWAY,1571 S HALSTED ST,60630
77089,44,128.0,SHELL STATION,9184 W DEVON AVE,60631
323806,23,377.0,REGGIE'S BAR & GRILL,4885 N CLARK ST,60626
836903,14,150.0,SHELL STATION,5915 N WESTERN AVE,60631
563118,37,199.0,ALDI,5095 S WABASH AVE,60639
765986,45,519.0,JEWEL OSCO,3365 S COTTAGE GROVE AVE,60614
854053,25,993.0,LOU MALNATIS,1900 N BROADWAY,60605
938150,2,681.0,PORTILLOS,7354 S STATE ST,60640
251924,12,421.0,HOME DEPOT,8825 S HALSTED ST,60626
987711,12,916.0,COSTCO,4822 S COTTAGE GROVE AVE,60637
605955,37,527.0,TRADER JOES,7925 W MADISON ST,60611
514219,48,372.0,PORTILLOS,9015 N CICERO AVE,60632
253179,2,426.0,BUONA BEEF,2485 S HALSTED ST,60620
771398,17,661.0,KRAFT FOODS,9748 W DEVON AVE,60614
581956,16,901.0,SHELL STATION,9984 S STATE ST,60614
882297,17,206.0,CVS PHARMACY,5366 W NORTH AVE,60632
90396,22,447.0,WALGREENS,3616 W IRVING PARK RD,60609
739153,30,239.0,ADVANCE AUTO,4153 S HALSTED ST,60603
347665,39,162.0,LOU MALNATIS,6806 S ARCHER AVE,60611
982964,47,358.0,STARBUCKS,1510 S COTTAGE GROVE AVE,60629
751259,8,368.0,DUNKIN DONUTS,4467 S ARCHER AVE,60627
707551,32,425.0,COSTCO,2347 W CHICAGO AVE,60629
705328,25,398.0,SAMS CLUB,3490 N WESTERN AVE,60635
915692,37,629.0,TRADER JOES,4169 S ARCHER AVE,60630
647273,15,404.0,GIORDANOS,3782 W CHICAGO AVE,60602
273366,15,135.0,NEYBOUR'S TAVERN,5208 W NORTH AVE,60621
230540,2,661.0,KRAFT FOODS,9578 W IRVING PARK RD,60624
915828,45,645.0,HONEYBEERS,5029 N SOUTHPORT AVE,60626
78876,44,906.0,COSTCO,969 W 63RD ST,60639
356412,19,570.0,ADVANCE AUTO,8426 N CLARK ST,60638
204336,50,809.0,WALGREENS,3980 N CICERO AVE,60638
569747,46,486.0,WHOLE FOODS,7086 S PULASKI RD,60616
592959,17,916.0,HONEYBEERS,1153 W IRVING PARK RD,60612
366372,31,451.0,KRAFT FOODS,6188 W NORTH AVE,60624
368468,22,532.0,SPEEDWAY,364 W 63RD ST,60622
546924,24,690.0,CELINA DELI,8976 S HALSTED ST,60601
986834,36,405.0,DUNKIN DONUTS,1574 W CHICAGO AVE,60602
921134,25,711.0,AUTOZONE,8860 W IRVING PARK RD,60607
312296,37,442.0,MARIANO'S,5078 S WABASH AVE,60607
780870,49,556.0,AUTOZONE,3435 W DEVON AVE,60619
553014,29,790.0,AUTOZONE,5326 N WESTERN AVE,60603
849273,35,519.0,LOWES,2527 W 43RD ST,60629
817432,33,370.0,POTBELLY,7218 W NORTH AVE,60625
443226,3,190.0,DUNKIN DONUTS,3917 N SOUTHPORT AVE,60627
327200,44,966.0,CELINA DELI,6616 S STATE ST,60624
865511,12,658.0,COSTCO,7385 S STATE ST,60612
944024,17,877.0,PIZZA HUT,2802 W 43RD ST,60636
386617,21,491.0,TRADER JOES,1328 S STATE ST,60627
60340,4,221.0,REGGIE'S BAR & GRILL,7402 W 43RD ST,60627
433893,17,384.0,STARBUCKS,7207 W NORTH AVE,60612
163738,45,907.0,WALGREENS,7528 W CHICAGO AVE,60621
587506,27,375.0,STARBUCKS,5030 S ARCHER AVE,60620
4786,38,848.0,ADVANCE AUTO,3824 S STATE ST,60637
361379,24,934.0,MCDONALD'S,1076 N CLARK ST,60635
281841,15,571.0,NEYBOUR'S TAVERN,6507 S COTTAGE GROVE AVE,60604
100817,31,204.0,HOME DEPOT,3033 S WABASH AVE,60639
901075,5,620.0,SEVEN ELEVEN,3253 S HALSTED ST,60640
322364,38,913.0,KRAFT FOODS,9219 S HOUSTON AVE,60610
532231,7,279.0,SEVEN ELEVEN,4745 S WABASH AVE,60640
959556,3,342.0,LOWES,8853 W 63RD ST,60608
306241,20,687.0,NEYBOUR'S TAVERN,288 W CHICAGO AVE,60615
915855,21,856.0,LOU MALNATIS,5707 W 43RD ST,60637
985204,24,510.0,PIZZA HUT,8867 N MICHIGAN AVE,60625
219265,13,529.0,SUBWAY,1151 W 43RD ST,60634
322185,11,296.0,SUBWAY,9335 W DEVON AVE,60627
504378,34,872.0,SEVEN ELEVEN,2242 S ARCHER AVE,60624
899262,38,718.0,WALGREENS,4606 S PULASKI RD,60614
368696,46,852.0,SEVEN ELEVEN,3854 N BROADWAY,60607
209555,19,444.0,CVS PHARMACY,4503 S COTTAGE GROVE AVE,60640
158768,41,432.0,POTBELLY,1814 S WABASH AVE,60604
212346,42,743.0,NEYBOUR'S TAVERN,4177 W CHICAGO AVE,60610
938672,28,500.0,SAMS CLUB,3357 S WABASH AVE,60633
453408,20,354.0,STARBUCKS,9976 S COTTAGE GROVE AVE,60619
923782,21,427.0,POTBELLY,7322 S COTTAGE GROVE AVE,60613
406532,5,878.0,DUNKIN DONUTS,2234 S HOUSTON AVE,60611
135185,16,595.0,HONEYBEERS,1050 S WABASH AVE,60609
37689,26,533.0,DOMINICKS,9363 N BROADWAY,60639
512407,21,297.0,WALGREENS,9671 S PULASKI RD,60604
700987,27,762.0,AUTOZONE,8425 N CLARK ST,60631
521716,37,390.0,POTBELLY,9889 S ARCHER AVE,60617
367759,3,714.0,DOMINICKS,7766 N CLARK ST,60636
557296,7,716.0,GIORDANOS,4556 N MICHIGAN AVE,60617
851583,22,949.0,ADVANCE AUTO,5374 N SOUTHPORT AVE,60608
506047,28,186.0,SHELL STATION,8310 S PULASKI RD,60632
60290,18,644.0,NEYBOUR'S TAVERN,7969 W IRVING PARK RD,60639
134631,49,165.0,LOU MALNATIS,5121 N MICHIGAN AVE,60604
719368,6,962.0,POTBELLY,3524 N SOUTHPORT AVE,60627
288045,45,475.0,REGGIE'S BAR & GRILL,4301 S STATE ST,60610
835905,12,397.0,SEVEN ELEVEN,1592 N WESTERN AVE,60630
592275,38,748.0,DOMINICKS,8244 W 43RD ST,60639
781453,43,900.0,SEVEN ELEVEN,5717 S STATE ST,60613
820243,28,495.0,HOME DEPOT,5058 W 43RD ST,60614
288970,40,249.0,HOME DEPOT,7032 S ARCHER AVE,60633
29047,27,315.0,HONEYBEERS,3704 N MICHIGAN AVE,60622
827836,37,705.0,TARGET,2889 N CLARK ST,60624
435009,32,474.0,SEVEN ELEVEN,8101 N MICHIGAN AVE,60619
583109,9,497.0,AUTOZONE,8034 N BROADWAY,60610
157734,38,772.0,WHOLE FOODS,9631 W CHICAGO AVE,60606
931375,33,622.0,SEVEN ELEVEN,4339 W NORTH AVE,60608
609054,40,369.0,BP GAS STATION,8025 W CHICAGO AVE,60636
270405,15,224.0,POTBELLY,1821 S PULASKI RD,60620
742470,40,168.0,MCDONALD'S,5062 S PULASKI RD,60632
957208,48,766.0,NEYBOUR'S TAVERN,9708 W NORTH AVE,60603
936963,45,722.0,CELINA DELI,6931 S HALSTED ST,60626
467408,5,397.0,COSTCO,7169 N BROADWAY,60624
341213,29,367.0,WALGREENS,7703 W CHICAGO AVE,60628
998602,13,936.0,DUNKIN DONUTS,8129 S WABASH AVE,60614
37755,44,410.0,BP GAS STATION,3989 S STATE ST,60634
640835,30,363.0,HOME DEPOT,6068 N CLARK ST,60605
741177,11,526.0,AUTOZONE,7553 W 63RD ST,60639
832230,49,458.0,MCDONALD'S,5274 N WESTERN AVE,60614
483900,50,436.0,CELINA DELI,786 W 43RD ST,60610
723550,50,382.0,COSTCO,5435 S COTTAGE GROVE AVE,60621
554261,25,559.0,REGGIE'S BAR & GRILL,5238 S ARCHER AVE,60628
463108,41,575.0,LOWES,3613 N CICERO AVE,60624
471265,12,468.0,WALGREENS,1303 N SOUTHPORT AVE,60601
29283,5,891.0,KRAFT FOODS,7545 W MADISON ST,60608
691208,24,709.0,BP GAS STATION,8587 S COTTAGE GROVE AVE,60631
285542,24,206.0,MCDONALD'S,1401 W NORTH AVE,60604
812558,26,762.0,GIORDANOS,5704 S WABASH AVE,60605
744459,20,772.0,TRADER JOES,9394 N MICHIGAN AVE,60638
273011,8,304.0,ADVANCE AUTO,3085 S COTTAGE GROVE AVE,60603
840142,44,792.0,NEYBOUR'S TAVERN,4229 S ARCHER AVE,60605
538177,15,637.0,HONEYBEERS,645 S WABASH AVE,60608
734019,24,649.0,MCDONALD'S,2885 S COTTAGE GROVE AVE,60613
572843,21,908.0,CVS PHARMACY,9381 S COTTAGE GROVE AVE,60624
98022,25,832.0,SUBWAY,148 S HOUSTON AVE,60624
934416,44,389.0,SUBWAY,4043 S WABASH AVE,60603
498040,10,475.0,HOME DEPOT,7595 S ARCHER AVE,60625
711988,11,561.0,ALDI,291 S WABASH AVE,60632
661578,26,931.0,CVS PHARMACY,1653 W IRVING PARK RD,60621
333273,18,673.0,SEVEN ELEVEN,692 W IRVING PARK RD,60624
723434,49,292.0,WALGREENS,2449 N SOUTHPORT AVE,60614
451108,28,222.0,CVS PHARMACY,2750 S COTTAGE GROVE AVE,60614
525816,4,309.0,ALDI,7616 W MADISON ST,60601
239443,25,141.0,WHOLE FOODS,3448 S ARCHER AVE,60626
839301,31,247.0,HONEYBEERS,733 W NORTH AVE,60627
579931,31,874.0,WHOLE FOODS,4053 S WABASH AVE,60608
817414,5,206.0,WALMART,862 W CHICAGO AVE,60621
633006,39,213.0,CELINA DELI,7154 S HOUSTON AVE,60608
873061,20,713.0,MCDONALD'S,4618 S PULASKI RD,60629
460148,9,334.0,PIZZA HUT,4435 W MADISON ST,60618
438894,16,359.0,NEYBOUR'S TAVERN,2826 N BROADWAY,60624
379939,26,931.0,COSTCO,2162 S STATE ST,60608
922074,49,862.0,PIZZA HUT,2868 S WABASH AVE,60624
934196,3,280.0,ALDI,8257 N WESTERN AVE,60633
358784,4,964.0,COSTCO,1799 N MICHIGAN AVE,60629
54772,17,861.0,LOU MALNATIS,9556 N WESTERN AVE,60630
156726,25,507.0,JEWEL OSCO,1396 S HOUSTON AVE,60606
628155,37,158.0,GIORDANOS,5599 S HALSTED ST,60625
475819,50,342.0,GIORDANOS,1453 N MICHIGAN AVE,60623
83149,13,687.0,JEWEL OSCO,4289 S WABASH AVE,60637
137848,49,748.0,REGGIE'S BAR & GRILL,2172 W IRVING PARK RD,60616
863373,36,292.0,JEWEL OSCO,7453 N CLARK ST,60621
89452,32,142.0,AUTOZONE,7527 N WESTERN AVE,60612
346466,13,234.0,ADVANCE AUTO,140 W DEVON AVE,60604
215449,13,642.0,CELINA DELI,6830 S WABASH AVE,60608
45469,50,957.0,SAMS CLUB,9651 N CLARK ST,60636
959828,13,275.0,ALDI,9373 W 63RD ST,60632
255429,38,286.0,MCDONALD'S,8178 S PULASKI RD,60619
457216,42,240.0,SHELL STATION,5677 N SOUTHPORT AVE,60638
796785,23,207.0,PORTILLOS,6219 S WABASH AVE,60624
368680,19,347.0,MCDONALD'S,9357 S PULASKI RD,60623
470331,17,842.0,CVS PHARMACY,2571 N WESTERN AVE,60630
455813,50,689.0,ADVANCE AUTO,5816 N MICHIGAN AVE,60637
710490,50,186.0,HONEYBEERS,9166 S HALSTED ST,60639
810790,30,493.0,SPEEDWAY,7898 W DEVON AVE,60634
364903,20,693.0,BUONA BEEF,7253 N BROADWAY,60632
190732,7,619.0,WALMART,407 S ARCHER AVE,60639
884130,16,917.0,LOU MALNATIS,5511 S WABASH AVE,60601
875374,19,953.0,LOU MALNATIS,3164 W 43RD ST,60625
12912,8,117.0,SEVEN ELEVEN,8896 W CHICAGO AVE,60603
360024,48,954.0,DOMINICKS,3975 W IRVING PARK RD,60606
588670,37,471.0,WALGREENS,1285 N SOUTHPORT AVE,60621
500709,50,398.0,SEVEN ELEVEN,1315 W 43RD ST,60628
630859,6,315.0,LOU MALNATIS,7074 S WABASH AVE,60617
498227,29,434.0,CELINA DELI,6583 S PULASKI RD,60635
904429,50,189.0,LOWES,2029 N MICHIGAN AVE,60639
652053,40,570.0,TONY'S FINER FOODS,2216 W 43RD ST,60607
222942,46,901.0,HONEYBEERS,7441 W 43RD ST,60629
261606,48,128.0,STARBUCKS,4399 N BROADWAY,60604
133852,16,965.0,STARBUCKS,6478 W 63RD ST,60637
386028,36,450.0,TARGET,4559 S HOUSTON AVE,60637
490269,29,835.0,SHELL STATION,1733 S HALSTED ST,60610
325901,15,252.0,PORTILLOS,2605 N SOUTHPORT AVE,60631
871344,28,406.0,ALDI,4674 S ARCHER AVE,60636
317680,41,446.0,BUONA BEEF,521 N WESTERN AVE,60633
335765,38,670.0,BUONA BEEF,186 N BROADWAY,60632
923231,49,643.0,SAMS CLUB,1877 W NORTH AVE,60629
39963,37,222.0,MCDONALD'S,3449 W DEVON AVE,60621
322962,6,681.0,POTBELLY,7334 W NORTH AVE,60605
43205,23,857.0,TRADER JOES,2821 W 43RD ST,60607
695167,1,568.0,DUNKIN DONUTS,3787 S ARCHER AVE,60626
23683,28,463.0,CVS PHARMACY,1576 W DEVON AVE,60606
973000,11,504.0,WHOLE FOODS,8035 S WABASH AVE,60612
412434,20,628.0,HONEYBEERS,7612 S PULASKI RD,60633
83716,18,457.0,PORTILLOS,5236 S STATE ST,60620
381363,10,198.0,CELINA DELI,3683 N SOUTHPORT AVE,60635
213288,14,207.0,LOWES,6832 S WABASH AVE,60602
762646,24,140.0,CELINA DELI,5516 S PULASKI RD,60640
729502,32,442.0,LOWES,1843 S HOUSTON AVE,60633
404998,31,731.0,CELINA DELI,7571 S COTTAGE GROVE AVE,60624
646853,22,218.0,PORTILLOS,6053 N CLARK ST,60621
976956,4,870.0,SAMS CLUB,4860 N CICERO AVE,60611
22739,14,178.0,BUONA BEEF,8446 S WABASH AVE,60610
496439,16,855.0,REGGIE'S BAR & GRILL,5275 N SOUTHPORT AVE,60624
215987,13,894.0,PORTILLOS,7839 N WESTERN AVE,60616
562656,30,926.0,HOME DEPOT,1328 N CLARK ST,60605
916029,40,545.0,ADVANCE AUTO,4214 N CICERO AVE,60608
640833,44,260.0,POTBELLY,962 S COTTAGE GROVE AVE,60605
21914,34,565.0,COSTCO,5431 W MADISON ST,60631
351238,5,631.0,KRAFT FOODS,4674 S COTTAGE GROVE AVE,60619
130629,13,452.0,TONY'S FINER FOODS,2805 W DEVON AVE,60607
357324,15,924.0,CVS PHARMACY,5725 N BROADWAY,60633
185496,32,815.0,BP GAS STATION,6322 S PULASKI RD,60618
92094,22,745.0,NEYBOUR'S TAVERN,4583 S HOUSTON AVE,60617
75758,18,636.0,CELINA DELI,2098 W NORTH AVE,60632
869615,2,116.0,HOME DEPOT,3588 W MADISON ST,60612
446631,40,196.0,WHOLE FOODS,5926 W 43RD ST,60602
440865,32,717.0,WALGREENS,9281 N MICHIGAN AVE,60639
657473,36,435.0,SPEEDWAY,1275 W IRVING PARK RD,60623
768752,38,439.0,ADVANCE AUTO,6696 N WESTERN AVE,60605
725347,35,448.0,SHELL STATION,335 S WABASH AVE,60637
579336,2,608.0,MARIANO'S,7152 S COTTAGE GROVE AVE,60635
571869,32,600.0,PORTILLOS,6996 W DEVON AVE,60634
870339,33,996.0,BUONA BEEF,3135 S WABASH AVE,60610
493885,13,383.0,SAMS CLUB,202 N MICHIGAN AVE,60630
916583,33,856.0,CELINA DELI,383 N SOUTHPORT AVE,60624
653653,49,984.0,SEVEN ELEVEN,5682 S COTTAGE GROVE AVE,60609
964731,42,905.0,JEWEL OSCO,3344 S HOUSTON AVE,60631
300144,31,364.0,DOMINICKS,6842 S HOUSTON AVE,60636
832619,46,691.0,MARIANO'S,4919 W CHICAGO AVE,60608
473744,25,156.0,WALGREENS,9437 S ARCHER AVE,60632
323024,3,368.0,WALGREENS,3371 N CLARK ST,60609
258425,20,263.0,SEVEN ELEVEN,1163 S ARCHER AVE,60618
596087,41,771.0,PIZZA HUT,5235 N MICHIGAN AVE,60617
792961,18,720.0,GIORDANOS,6824 S WABASH AVE,60636
582367,50,808.0,ADVANCE AUTO,8452 N WESTERN AVE,60624
664504,2,372.0,STARBUCKS,6648 S COTTAGE GROVE AVE,60625
69219,11,823.0,WHOLE FOODS,5617 S COTTAGE GROVE AVE,60629
370411,37,415.0,TRADER JOES,5365 N CICERO AVE,60613
390039,11,230.0,BP GAS STATION,1426 S ARCHER AVE,60626
984059,7,133.0,TRADER JOES,8448 S WABASH AVE,60609
261480,28,127.0,KRAFT FOODS,4321 N SOUTHPORT AVE,60604
731436,9,651.0,GIORDANOS,2480 S COTTAGE GROVE AVE,60626
167029,46,143.0,CELINA DELI,568 W IRVING PARK RD,60629
711975,46,653.0,WALGREENS,6890 S STATE ST,60622
962278,23,533.0,COSTCO,5802 W CHICAGO AVE,60631
314070,49,362.0,TRADER JOES,9099 S HOUSTON AVE,60636
227882,32,859.0,MCDONALD'S,6937 S HOUSTON AVE,60618
409039,47,763.0,COSTCO,6813 S PULASKI RD,60609
28346,3,877.0,WALMART,8702 N CICERO AVE,60612
422232,7,654.0,LOU MALNATIS,6552 N CLARK ST,60614
895474,1,338.0,KRAFT FOODS,1245 N SOUTHPORT AVE,60604
134144,33,539.0,CELINA DELI,862 W 43RD ST,60602
131275,44,767.0,PORTILLOS,7170 S STATE ST,60631
90827,24,249.0,CVS PHARMACY,9873 N CICERO AVE,60627
857706,16,218.0,REGGIE'S BAR & GRILL,5291 W MADISON ST,60633
623294,42,996.0,REGGIE'S BAR & GRILL,5431 W NORTH AVE,60607
456245,40,974.0,REGGIE'S BAR & GRILL,4433 W 43RD ST,60623
504138,13,781.0,REGGIE'S BAR & GRILL,3241 S PULASKI RD,60602
249353,39,618.0,TRADER JOES,233 S STATE ST,60621
822783,33,212.0,AUTOZONE,6632 W NORTH AVE,60612
320718,31,917.0,BP GAS STATION,7320 S COTTAGE GROVE AVE,60601
685609,42,635.0,WHOLE FOODS,8876 S HALSTED ST,60606
822002,12,648.0,COSTCO,2053 W DEVON AVE,60616
403299,6,145.0,SEVEN ELEVEN,2683 S HALSTED ST,60629
911414,22,751.0,PIZZA HUT,8016 S HALSTED ST,60601
692236,21,337.0,COSTCO,2166 S ARCHER AVE,60633
62896,2,721.0,TONY'S FINER FOODS,5993 S STATE ST,60619
313801,23,802.0,AUTOZONE,8964 S HALSTED ST,60612
309761,6,598.0,COSTCO,635 W 43RD ST,60629
772664,16,663.0,HOME DEPOT,324 N BROADWAY,60622
113826,2,911.0,SEVEN ELEVEN,7516 S COTTAGE GROVE AVE,60628
535200,8,553.0,KRAFT FOODS,4912 N SOUTHPORT AVE,60607
914602,2,302.0,SAMS CLUB,4742 W 63RD ST,60615
378460,10,332.0,BUONA BEEF,6045 W MADISON ST,60620
993848,30,,CELINA DELI,6543 W DEVON AVE,60636
541416,17,936.0,ALDI,719 W IRVING PARK RD,60601
346245,21,486.0,WALGREENS,6649 N BROADWAY,60638
522154,24,176.0,HOME DEPOT,9595 N MICHIGAN AVE,60612
528599,13,649.0,AUTOZONE,9188 N BROADWAY,60615
187152,10,243.0,TONY'S FINER FOODS,1388 W MADISON ST,60613
209632,25,412.0,WHOLE FOODS,7056 N WESTERN AVE,60628
332766,21,798.0,JEWEL OSCO,8498 S ARCHER AVE,60616
51592,13,966.0,LOWES,5914 S STATE ST,60638
944937,49,556.0,WHOLE FOODS,2957 S WABASH AVE,60606
49973,15,518.0,KRAFT FOODS,5864 S HOUSTON AVE,60603
879794,27,732.0,SUBWAY,2204 S HOUSTON AVE,60619
740414,2,685.0,LOWES,469 N CLARK ST,60638
878495,16,288.0,AUTOZONE,8500 N MICHIGAN AVE,60634
899103,42,305.0,ALDI,2920 N WESTERN AVE,60613
389514,4,765.0,BUONA BEEF,3131 S HALSTED ST,60605
434981,19,157.0,DUNKIN DONUTS,8411 W DEVON AVE,60622
921862,33,194.0,SHELL STATION,7122 N CLARK ST,60605
612658,14,529.0,CELINA DELI,3823 W 63RD ST,60618
361029,48,116.0,WALGREENS,6122 N WESTERN AVE,60616
831255,19,916.0,PIZZA HUT,3678 S COTTAGE GROVE AVE,60601
855143,8,682.0,MARIANO'S,5695 N MICHIGAN AVE,60631
352422,44,261.0,COSTCO,922 N BROADWAY,60602
702546,10,563.0,SAMS CLUB,2287 N WESTERN AVE,60609
671394,10,406.0,REGGIE'S BAR & GRILL,4901 N WESTERN AVE,60611
799865,34,449.0,HOME DEPOT,3110 N SOUTHPORT AVE,60613
58240,19,767.0,ALDI,1293 S STATE ST,60627
491614,41,516.0,DUNKIN DONUTS,7949 W CHICAGO AVE,60626
767131,23,431.0,BUONA BEEF,8725 N MICHIGAN AVE,60602
943746,28,807.0,SAMS CLUB,1765 S HOUSTON AVE,60636
665076,10,533.0,WALGREENS,6211 N MICHIGAN AVE,60633
14720,15,951.0,STARBUCKS,9147 N BROADWAY,60634
786500,19,829.0,HONEYBEERS,2418 S STATE ST,60605
590156,49,443.0,TRADER JOES,6043 S PULASKI RD,60621
600530,46,564.0,WALGREENS,4230 S COTTAGE GROVE AVE,60634
1823,18,647.0,SHELL STATION,9538 N SOUTHPORT AVE,60636
482013,20,,HONEYBEERS,3508 S ARCHER AVE,60634
744186,48,859.0,HOME DEPOT,3103 N CICERO AVE,60633
423718,34,713.0,SHELL STATION,2211 S ARCHER AVE,60612
301052,33,649.0,POTBELLY,2452 S PULASKI RD,60617
840890,44,790.0,LOWES,2266 N SOUTHPORT AVE,60604
670311,47,107.0,ADVANCE AUTO,846 S ARCHER AVE,60640
267846,37,169.0,BUONA BEEF,5921 N BROADWAY,60622
247929,13,123.0,HOME DEPOT,9069 S STATE ST,60601
666621,9,602.0,HOME DEPOT,2475 N CICERO AVE,60630
531519,4,986.0,WHOLE FOODS,4004 S COTTAGE GROVE AVE,60603
945169,24,970.0,NEYBOUR'S TAVERN,7223 W 43RD ST,60608
931091,15,820.0,CVS PHARMACY,6948 S PULASKI RD,60616
895032,42,673.0,TONY'S FINER FOODS,5098 W MADISON ST,60609
28702,8,706.0,JEWEL OSCO,3197 W DEVON AVE,60638
37639,33,481.0,CELINA DELI,3262 N SOUTHPORT AVE,60609
628642,30,927.0,PORTILLOS,7000 N CLARK ST,60602
733900,21,254.0,TONY'S FINER FOODS,216 S ARCHER AVE,60606
662306,12,578.0,DOMINICKS,3426 N CLARK ST,60603
820282,41,779.0,CELINA DELI,1440 W MADISON ST,60630
195371,37,997.0,MARIANO'S,2566 W DEVON AVE,60615
911828,19,713.0,ADVANCE AUTO,3770 W CHICAGO AVE,60617
286602,46,114.0,HONEYBEERS,2155 S HOUSTON AVE,60610
35164,42,991.0,JEWEL OSCO,9561 S WABASH AVE,60608
641595,15,712.0,GIORDANOS,7228 W 63RD ST,60614
936767,41,328.0,KRAFT FOODS,1292 N SOUTHPORT AVE,60625
628345,27,189.0,COSTCO,2146 W 63RD ST,60604
873681,1,266.0,CELINA DELI,3334 W CHICAGO AVE,60612
555707,21,208.0,NEYBOUR'S TAVERN,2323 N CLARK ST,60635
738733,10,325.0,WALGREENS,931 N BROADWAY,60619
432644,4,522.0,SPEEDWAY,6100 S ARCHER AVE,60636
502176,9,324.0,REGGIE'S BAR & GRILL,8531 N WESTERN AVE,60621
828790,40,360.0,KRAFT FOODS,3850 N CICERO AVE,60625
818816,37,333.0,JEWEL OSCO,1526 N MICHIGAN AVE,60633
299272,15,437.0,WHOLE FOODS,7532 N WESTERN AVE,60624
401845,17,609.0,WHOLE FOODS,525 W NORTH AVE,60614
724280,21,902.0,SEVEN ELEVEN,3957 W IRVING PARK RD,60639
837089,38,849.0,STARBUCKS,2437 N WESTERN AVE,60615
153391,41,784.0,AUTOZONE,5396 S WABASH AVE,60626
603083,29,154.0,BUONA BEEF,2358 N BROADWAY,60628
551194,21,442.0,SHELL STATION,2104 W 43RD ST,60603
733886,30,307.0,PIZZA HUT,2335 W CHICAGO AVE,60612
100311,22,886.0,SAMS CLUB,1885 W 43RD ST,60614
787220,21,357.0,HOME DEPOT,4935 S ARCHER AVE,60627
365610,24,586.0,WHOLE FOODS,742 N WESTERN AVE,60621
156337,4,804.0,GIORDANOS,1877 W CHICAGO AVE,60636
143919,37,227.0,WALMART,6695 W IRVING PARK RD,60624
777709,8,363.0,CVS PHARMACY,6747 W 63RD ST,60601
101217,40,449.0,ALDI,9036 W NORTH AVE,60630
941433,34,481.0,DOMINICKS,6636 W CHICAGO AVE,60629
779882,19,922.0,SPEEDWAY,7069 N WESTERN AVE,60609
487079,47,628.0,BUONA BEEF,1050 S WABASH AVE,60616
561600,27,630.0,KRAFT FOODS,7186 S WABASH AVE,60637
259184,9,402.0,DUNKIN DONUTS,2981 S WABASH AVE,60622
96433,1,796.0,TARGET,6977 N MICHIGAN AVE,60610
152822,37,980.0,WHOLE FOODS,5544 W DEVON AVE,60620
538249,13,281.0,KRAFT FOODS,2894 N BROADWAY,60608
193283,42,435.0,WALGREENS,5986 W DEVON AVE,60618
821145,37,133.0,COSTCO,9340 N CLARK ST,60607
757436,13,965.0,TARGET,8553 N BROADWAY,60615
989840,1,679.0,KRAFT FOODS,5864 N BROADWAY,60605
917175,23,692.0,BUONA BEEF,2213 N CICERO AVE,60640
472879,26,434.0,WALGREENS,9763 S HALSTED ST,60606
560239,4,485.0,SAMS CLUB,6700 S HALSTED ST,60634
44551,35,466.0,AUTOZONE,1320 W NORTH AVE,60624
820913,44,474.0,TARGET,7691 S PULASKI RD,60613
517411,49,489.0,WALGREENS,2592 S HALSTED ST,60632
723693,43,219.0,MARIANO'S,3505 S HOUSTON AVE,60621
466394,49,683.0,LOWES,5483 W DEVON AVE,60608
871744,13,580.0,NEYBOUR'S TAVERN,4118 S STATE ST,60613
571553,25,452.0,WHOLE FOODS,2965 W 43RD ST,60605
381291,5,296.0,KRAFT FOODS,6095 N BROADWAY,60605
531855,38,470.0,TRADER JOES,4469 N SOUTHPORT AVE,60626
820839,29,125.0,CELINA DELI,9771 W MADISON ST,60622
905366,34,185.0,SHELL STATION,5272 N CLARK ST,60610
539689,28,442.0,BP GAS STATION,3543 W NORTH AVE,60622
793238,27,222.0,STARBUCKS,2092 W CHICAGO AVE,60638
283244,42,429.0,ADVANCE AUTO,6912 W DEVON AVE,60611
277220,9,724.0,KRAFT FOODS,548 W 43RD ST,60606
884164,25,164.0,COSTCO,8077 N SOUTHPORT AVE,60602
205822,30,861.0,REGGIE'S BAR & GRILL,6895 W CHICAGO AVE,60618
168923,9,217.0,SPEEDWAY,2759 N CICERO AVE,60602
469498,18,453.0,WALMART,3146 S COTTAGE GROVE AVE,60615
567178,13,831.0,WHOLE FOODS,5475 W CHICAGO AVE,60611
772337,50,307.0,SEVEN ELEVEN,5206 S STATE ST,60624
961654,39,659.0,SHELL STATION,7411 N SOUTHPORT AVE,60615
732692,10,589.0,DOMINICKS,2744 S WABASH AVE,60601
465717,30,345.0,AUTOZONE,3634 S ARCHER AVE,60611
965777,45,507.0,SEVEN ELEVEN,2902 N CICERO AVE,60622
305314,46,328.0,HOME DEPOT,2304 W DEVON AVE,60627
724054,43,987.0,PIZZA HUT,3924 N CLARK ST,60607
572921,49,153.0,ADVANCE AUTO,3486 N SOUTHPORT AVE,60622
797430,15,971.0,SHELL STATION,2866 S HALSTED ST,60621
994797,42,373.0,DOMINICKS,1167 S WABASH AVE,60625
721835,2,685.0,PORTILLOS,3985 W 43RD ST,60633
771462,27,577.0,SUBWAY,2750 W 43RD ST,60619
426943,14,194.0,SHELL STATION,2234 N CLARK ST,60604
301552,33,387.0,SHELL STATION,542 S PULASKI RD,60633
158560,50,114.0,SHELL STATION,9715 W 63RD ST,60624
293296,18,639.0,ALDI,6015 W NORTH AVE,60633
806339,37,368.0,STARBUCKS,6204 S HALSTED ST,60601
26903,18,972.0,POTBELLY,5499 W IRVING PARK RD,60632
592399,6,753.0,LOU MALNATIS,1021 N BROADWAY,60620
667065,20,599.0,LOU MALNATIS,4427 S HOUSTON AVE,60639
312660,33,608.0,NEYBOUR'S TAVERN,7539 S HOUSTON AVE,60621
434462,7,719.0,DUNKIN DONUTS,9561 S WABASH AVE,60614
824350,34,963.0,TARGET,969 W NORTH AVE,60624
993557,11,746.0,DUNKIN DONUTS,2055 N CICERO AVE,60631
593584,42,768.0,AUTOZONE,6574 S STATE ST,60621
776930,40,165.0,TRADER JOES,9685 N CICERO AVE,60619
505533,40,833.0,HONEYBEERS,3342 W DEVON AVE,60617
383074,12,912.0,DOMINICKS,7950 S HOUSTON AVE,60640
769874,46,322.0,WALGREENS,174 W CHICAGO AVE,60617
885525,48,621.0,PORTILLOS,3075 N CICERO AVE,60638
627501,8,896.0,SHELL STATION,2830 S PULASKI RD,60640
758817,3,635.0,COSTCO,5177 N BROADWAY,60612
939664,5,650.0,POTBELLY,3679 W CHICAGO AVE,60604
698276,22,320.0,AUTOZONE,1305 N WESTERN AVE,60632
217907,29,746.0,SEVEN ELEVEN,9998 N CLARK ST,60607
256620,12,335.0,SEVEN ELEVEN,261 N WESTERN AVE,60624
343877,18,380.0,ALDI,5750 N CLARK ST,60616
922925,1,311.0,WALMART,3923 S STATE ST,60633
75541,45,969.0,POTBELLY,3703 W CHICAGO AVE,60607
848790,19,901.0,KRAFT FOODS,5261 N CLARK ST,60622
327677,17,714.0,WALMART,783 W MADISON ST,60610
158467,30,970.0,SAMS CLUB,2379 S HOUSTON AVE,60603
251996,20,231.0,STARBUCKS,1316 N SOUTHPORT AVE,60625
155191,47,483.0,BP GAS STATION,8542 W CHICAGO AVE,60627
556536,43,960.0,LOWES,5014 N SOUTHPORT AVE,60629
870660,27,298.0,DOMINICKS,4453 W 63RD ST,60637
95605,12,384.0,WHOLE FOODS,5840 N CLARK ST,60639
70600,16,106.0,MCDONALD'S,7015 S ARCHER AVE,60613
878026,25,826.0,TARGET,6908 N SOUTHPORT AVE,60609
787334,19,870.0,CELINA DELI,4430 W 63RD ST,60624
539257,26,288.0,WHOLE FOODS,2953 W 43RD ST,60608
742045,23,946.0,SPEEDWAY,8769 W IRVING PARK RD,60605
834164,4,545.0,LOWES,189 W NORTH AVE,60618
680412,32,298.0,COSTCO,2328 W 43RD ST,60627
338141,34,633.0,PIZZA HUT,4131 W IRVING PARK RD,60624
365186,40,191.0,HOME DEPOT,8304 N CLARK ST,60613
118724,8,597.0,MARIANO'S,4657 N WESTERN AVE,60636
691366,3,418.0,MARIANO'S,5628 N CLARK ST,60602
936971,12,408.0,ALDI,5320 S ARCHER AVE,60635
426286,40,728.0,BUONA BEEF,4709 N SOUTHPORT AVE,60633
158498,8,756.0,POTBELLY,4401 N SOUTHPORT AVE,60619
5877,45,777.0,POTBELLY,5143 S STATE ST,60629
492828,25,990.0,DUNKIN DONUTS,8274 W DEVON AVE,60618
59871,15,675.0,ADVANCE AUTO,6013 S ARCHER AVE,60608
714110,39,296.0,SPEEDWAY,3672 N CICERO AVE,60613
522401,1,106.0,LOWES,5006 S HOUSTON AVE,60628
306229,44,282.0,NEYBOUR'S TAVERN,5255 N CICERO AVE,60633
125514,46,915.0,TARGET,1631 W DEVON AVE,60637
801552,5,862.0,BP GAS STATION,5885 N SOUTHPORT AVE,60614
587501,38,818.0,SUBWAY,7749 W IRVING PARK RD,60634
242749,41,577.0,LOWES,9418 W DEVON AVE,60626
295058,10,272.0,ALDI,8735 W IRVING PARK RD,60631
151314,49,729.0,DOMINICKS,2080 S STATE ST,60610
788162,25,695.0,NEYBOUR'S TAVERN,3980 N WESTERN AVE,60632
131398,29,737.0,SEVEN ELEVEN,7083 W NORTH AVE,60615
253826,33,934.0,ALDI,9202 W CHICAGO AVE,60607
388736,38,222.0,DOMINICKS,9483 N MICHIGAN AVE,60631
254215,50,525.0,KRAFT FOODS,4619 N BROADWAY,60605
268590,47,707.0,SEVEN ELEVEN,8308 W NORTH AVE,60633
398528,16,221.0,SAMS CLUB,9867 N BROADWAY,60638
680171,31,150.0,MCDONALD'S,2656 S ARCHER AVE,60602
809736,34,903.0,DUNKIN DONUTS,345 S PULASKI RD,60628
446840,41,153.0,PORTILLOS,6973 W DEVON AVE,60605
698333,45,477.0,SAMS CLUB,3239 S HOUSTON AVE,60636
744199,19,573.0,STARBUCKS,5828 W DEVON AVE,60632
610732,29,537.0,DUNKIN DONUTS,5980 S WABASH AVE,60617
823603,23,429.0,KRAFT FOODS,4719 N BROADWAY,60640
125074,31,469.0,COSTCO,4200 S HOUSTON AVE,60618
817931,34,250.0,SPEEDWAY,7408 S HOUSTON AVE,60628
387002,43,177.0,JEWEL OSCO,2913 S COTTAGE GROVE AVE,60608
663659,44,224.0,CVS PHARMACY,9736 N WESTERN AVE,60636
523091,49,354.0,POTBELLY,8210 W CHICAGO AVE,60606
914251,29,446.0,STARBUCKS,3504 W 43RD ST,60632
100044,17,808.0,HOME DEPOT,801 S HOUSTON AVE,60628
100689,19,922.0,SUBWAY,1802 S ARCHER AVE,60609
450220,20,219.0,TRADER JOES,3879 W DEVON AVE,60618
169150,10,369.0,KRAFT FOODS,3060 N CLARK ST,60632
507637,7,536.0,PORTILLOS,4002 S STATE ST,60618
680257,47,464.0,WALGREENS,607 W 63RD ST,60606
864170,46,767.0,POTBELLY,6377 N MICHIGAN AVE,60622
165511,47,188.0,NEYBOUR'S TAVERN,9729 S COTTAGE GROVE AVE,60606
557859,7,863.0,AUTOZONE,4313 W CHICAGO AVE,60626
495371,19,226.0,WHOLE FOODS,3773 S PULASKI RD,60613
645085,23,956.0,PORTILLOS,7002 S PULASKI RD,60624
383147,25,784.0,REGGIE'S BAR & GRILL,905 N WESTERN AVE,60635
813813,44,224.0,SEVEN ELEVEN,5225 W 43RD ST,60602
295922,17,165.0,TONY'S FINER FOODS,3714 W NORTH AVE,60626
212260,38,256.0,POTBELLY,2315 N CLARK ST,60623
276284,29,286.0,STARBUCKS,7996 N BROADWAY,60608
931095,4,737.0,WALMART,5834 W IRVING PARK RD,60617
713975,35,984.0,TARGET,5448 W IRVING PARK RD,60639
795788,45,143.0,SPEEDWAY,5129 S COTTAGE GROVE AVE,60601
229982,42,629.0,WALMART,9645 W 43RD ST,60638
113385,35,229.0,CELINA DELI,2668 W CHICAGO AVE,60602
878491,22,443.0,WALMART,8240 N BROADWAY,60616
357992,7,179.0,KRAFT FOODS,105 W DEVON AVE,60602
405763,13,474.0,NEYBOUR'S TAVERN,969 W MADISON ST,60623
446719,16,299.0,DUNKIN DONUTS,6954 N BROADWAY,60631
824361,41,983.0,REGGIE'S BAR & GRILL,4385 W CHICAGO AVE,60614
172599,27,102.0,SAMS CLUB,505 S HALSTED ST,60640
721667,13,746.0,REGGIE'S BAR & GRILL,4893 S COTTAGE GROVE AVE,60610
140387,20,497.0,POTBELLY,5217 W DEVON AVE,60629
798134,46,199.0,SHELL STATION,2571 N SOUTHPORT AVE,60635
5236,39,508.0,JEWEL OSCO,9593 W CHICAGO AVE,60636
146911,30,972.0,PIZZA HUT,9668 W 43RD ST,60607
109199,47,595.0,TARGET,6794 N BROADWAY,60608
613182,23,935.0,HOME DEPOT,8281 S PULASKI RD,60636
115273,37,106.0,SHELL STATION,4886 N CICERO AVE,60615
89621,36,340.0,BUONA BEEF,5171 S WABASH AVE,60607
321004,22,245.0,WALGREENS,5729 N CLARK ST,60613
366607,26,196.0,COSTCO,7399 W 63RD ST,60630
318830,27,224.0,BUONA BEEF,6731 W DEVON AVE,60613
950004,20,281.0,HOME DEPOT,4609 N CLARK ST,60606
10045,38,589.0,CVS PHARMACY,1722 S HALSTED ST,60621
418254,48,785.0,REGGIE'S BAR & GRILL,442 S HOUSTON AVE,60630
290543,42,565.0,WHOLE FOODS,6991 S STATE ST,60627
882476,34,272.0,NEYBOUR'S TAVERN,4511 N MICHIGAN AVE,60606
376471,34,704.0,MARIANO'S,5160 W CHICAGO AVE,60623
540742,30,721.0,TRADER JOES,9520 N SOUTHPORT AVE,60635
532467,41,884.0,MARIANO'S,2550 W CHICAGO AVE,60639
366223,23,862.0,NEYBOUR'S TAVERN,9147 S HOUSTON AVE,60605
605673,31,548.0,TONY'S FINER FOODS,458 N MICHIGAN AVE,60613
896554,45,458.0,TONY'S FINER FOODS,609 S WABASH AVE,60613
916211,23,226.0,POTBELLY,2816 N BROADWAY,60607
321574,15,190.0,LOU MALNATIS,6630 S HOUSTON AVE,60613
793096,26,992.0,STARBUCKS,8495 N WESTERN AVE,60631
674212,7,479.0,GIORDANOS,9259 N CICERO AVE,60622
551840,34,116.0,SUBWAY,5790 W CHICAGO AVE,60628
89658,22,313.0,MCDONALD'S,905 W DEVON AVE,60603
320055,3,352.0,PORTILLOS,3246 W IRVING PARK RD,60601
274268,37,734.0,HOME DEPOT,6814 N CICERO AVE,60615
610639,8,134.0,DOMINICKS,7567 W DEVON AVE,60633
597054,24,447.0,MCDONALD'S,7387 S COTTAGE GROVE AVE,60614
845860,45,613.0,SEVEN ELEVEN,8623 S STATE ST,60624
159594,34,207.0,PORTILLOS,4630 N BROADWAY,60613
716840,17,281.0,CELINA DELI,5336 S COTTAGE GROVE AVE,60637
165208,22,692.0,JEWEL OSCO,4404 S HOUSTON AVE,60621
980777,41,779.0,POTBELLY,9861 N CICERO AVE,60634
493367,14,165.0,WHOLE FOODS,335 N CLARK ST,60628
321342,28,470.0,SAMS CLUB,4652 W 43RD ST,60617
313930,2,469.0,TONY'S FINER FOODS,9110 S PULASKI RD,60615
947403,38,113.0,MCDONALD'S,8664 W DEVON AVE,60606
311342,12,305.0,BUONA BEEF,7393 S WABASH AVE,60633
464026,24,592.0,TONY'S FINER FOODS,6307 W 63RD ST,60627
136771,27,857.0,REGGIE'S BAR & GRILL,3063 S HALSTED ST,60612
101159,10,835.0,TRADER JOES,5581 S HOUSTON AVE,60604
504013,5,537.0,GIORDANOS,7830 N CICERO AVE,60605
545772,47,726.0,KRAFT FOODS,7774 S STATE ST,60603
943405,17,207.0,PIZZA HUT,6384 S HOUSTON AVE,60638
211667,10,121.0,REGGIE'S BAR & GRILL,8411 N CICERO AVE,60616
582976,39,141.0,MCDONALD'S,8180 S HOUSTON AVE,60604
445219,11,760.0,SHELL STATION,1489 W MADISON ST,60617
105604,11,469.0,POTBELLY,746 W IRVING PARK RD,60626
218073,8,304.0,AUTOZONE,6200 W CHICAGO AVE,60635
660396,8,200.0,LOU MALNATIS,9393 S PULASKI RD,60622
323771,3,458.0,WHOLE FOODS,9698 W IRVING PARK RD,60625
285317,4,865.0,ADVANCE AUTO,8408 N CLARK ST,60626
309126,29,539.0,SAMS CLUB,4231 W IRVING PARK RD,60601
495258,18,773.0,CVS PHARMACY,1697 S PULASKI RD,60622
493533,4,706.0,HOME DEPOT,7937 S WABASH AVE,60631
744787,16,340.0,NEYBOUR'S TAVERN,3327 N WESTERN AVE,60622
219814,35,209.0,LOWES,8728 W 43RD ST,60605
528399,5,278.0,REGGIE'S BAR & GRILL,8175 W IRVING PARK RD,60615
893824,5,395.0,BP GAS STATION,2602 N CICERO AVE,60614
943947,39,478.0,DUNKIN DONUTS,2072 W 63RD ST,60612
390736,5,457.0,HOME DEPOT,4230 N CICERO AVE,60639
143487,21,918.0,SAMS CLUB,174 N WESTERN AVE,60620
310407,44,160.0,HONEYBEERS,2370 S COTTAGE GROVE AVE,60637
841388,21,239.0,SPEEDWAY,9894 N BROADWAY,60612
214126,12,603.0,DOMINICKS,842 N BROADWAY,60628
644534,11,920.0,COSTCO,678 N MICHIGAN AVE,60603
707022,32,575.0,LOWES,7410 W IRVING PARK RD,60635
274306,28,522.0,LOU MALNATIS,5682 W NORTH AVE,60605
805543,50,376.0,TRADER JOES,234 W 43RD ST,60625
700567,22,124.0,BP GAS STATION,7776 S PULASKI RD,60616
404185,33,877.0,ADVANCE AUTO,5222 N BROADWAY,60624
676302,17,918.0,NEYBOUR'S TAVERN,9146 N WESTERN AVE,60609
776433,11,952.0,SHELL STATION,4912 W MADISON ST,60631
983521,14,271.0,SPEEDWAY,1229 N CLARK ST,60605
159738,10,914.0,PORTILLOS,8947 S HALSTED ST,60616
822041,4,929.0,PORTILLOS,5917 W CHICAGO AVE,60627
503172,38,562.0,DOMINICKS,4252 S HALSTED ST,60608
249248,27,930.0,REGGIE'S BAR & GRILL,4463 N BROADWAY,60608
365020,13,956.0,TARGET,871 W 63RD ST,60631
893226,17,442.0,TONY'S FINER FOODS,3257 S ARCHER AVE,60611
376512,26,986.0,MARIANO'S,9058 S STATE ST,60612
443042,8,976.0,AUTOZONE,4285 W 43RD ST,60601
725626,49,603.0,CVS PHARMACY,5964 S COTTAGE GROVE AVE,60601
330092,1,617.0,HONEYBEERS,1000 S COTTAGE GROVE AVE,60639
229849,34,766.0,BUONA BEEF,6860 S PULASKI RD,60626
940450,44,550.0,BP GAS STATION,3917 W MADISON ST,60618
86978,47,463.0,DUNKIN DONUTS,1295 W MADISON ST,60613
980818,4,257.0,SAMS CLUB,1305 N CICERO AVE,60606
377681,40,909.0,CVS PHARMACY,4827 S HOUSTON AVE,60618
23413,50,180.0,ADVANCE AUTO,7271 N SOUTHPORT AVE,60632
548833,49,685.0,SPEEDWAY,7985 N CICERO AVE,60610
769273,49,528.0,STARBUCKS,5051 W 63RD ST,60602
693097,14,607.0,DUNKIN DONUTS,345 W 43RD ST,60636
654673,15,829.0,PIZZA HUT,754 S COTTAGE GROVE AVE,60604
659705,36,152.0,DUNKIN DONUTS,4677 W 63RD ST,60625
194884,12,389.0,ALDI,5096 W NORTH AVE,60605
158544,28,498.0,ADVANCE AUTO,3681 S COTTAGE GROVE AVE,60626
802029,26,560.0,GIORDANOS,9375 W 43RD ST,60603
191145,42,817.0,COSTCO,1183 S HALSTED ST,60609
599926,1,500.0,SPEEDWAY,4447 N CICERO AVE,60613
484185,21,165.0,CELINA DELI,1739 N CLARK ST,60603
581709,36,640.0,LOWES,1172 N MICHIGAN AVE,60622
984140,31,570.0,ALDI,6705 N MICHIGAN AVE,60613
458947,12,432.0,WALGREENS,1299 S HALSTED ST,60624
993589,43,434.0,POTBELLY,5278 S PULASKI RD,60639
978927,35,377.0,TARGET,3136 N BROADWAY,60627
393502,49,836.0,HOME DEPOT,1822 N CICERO AVE,60636
905155,29,261.0,AUTOZONE,4992 N WESTERN AVE,60636
336720,6,592.0,TONY'S FINER FOODS,641 W DEVON AVE,60628
600611,12,151.0,LOWES,6583 N SOUTHPORT AVE,60619
221298,13,930.0,WHOLE FOODS,5621 S STATE ST,60611
968432,13,699.0,PIZZA HUT,6126 N CLARK ST,60618
341901,10,571.0,SPEEDWAY,7039 W 43RD ST,60626
210295,1,631.0,WALMART,8996 N SOUTHPORT AVE,60622
274087,2,425.0,ADVANCE AUTO,1544 W CHICAGO AVE,60627
195323,27,203.0,NEYBOUR'S TAVERN,8367 W DEVON AVE,60614
861531,38,219.0,JEWEL OSCO,572 S STATE ST,60638
114169,46,890.0,KRAFT FOODS,5270 N MICHIGAN AVE,60633
221399,39,649.0,LOWES,4930 W CHICAGO AVE,60638
387562,9,318.0,MARIANO'S,3573 N CLARK ST,60628
808392,18,952.0,SPEEDWAY,7955 S HALSTED ST,60635
787649,40,547.0,LOWES,5237 W MADISON ST,60601
940258,34,368.0,WHOLE FOODS,5375 N WESTERN AVE,60634
286510,9,280.0,SEVEN ELEVEN,8620 S WABASH AVE,60629
472197,5,505.0,MARIANO'S,1434 N SOUTHPORT AVE,60610
658732,36,602.0,LOU MALNATIS,4256 S COTTAGE GROVE AVE,60612
636624,25,190.0,NEYBOUR'S TAVERN,3476 W 63RD ST,60629
611380,19,251.0,DUNKIN DONUTS,9653 N WESTERN AVE,60639
812553,36,544.0,GIORDANOS,481 S HALSTED ST,60607
618246,29,181.0,TONY'S FINER FOODS,7581 W CHICAGO AVE,60611
64980,48,222.0,TONY'S FINER FOODS,1958 N SOUTHPORT AVE,60623
300396,6,591.0,SAMS CLUB,2735 N MICHIGAN AVE,60612
704453,7,521.0,LOU MALNATIS,8236 W CHICAGO AVE,60633
807472,8,519.0,MCDONALD'S,878 S PULASKI RD,60614
748638,21,475.0,SEVEN ELEVEN,9212 S COTTAGE GROVE AVE,60608
498107,42,393.0,WALMART,9949 S HALSTED ST,60604
422663,31,757.0,SEVEN ELEVEN,7820 S WABASH AVE,60631
9337,18,440.0,TARGET,2173 W 63RD ST,60613
162505,48,144.0,WALMART,1982 W DEVON AVE,60607
360804,38,169.0,STARBUCKS,5334 W IRVING PARK RD,60623
762922,10,715.0,PIZZA HUT,7230 S COTTAGE GROVE AVE,60624
