id,tagline
19995,Enter the World of Pandora.
285,"At the end of the world, the adventure begins."
206647,A Plan No One Escapes
49026,The Legend Ends
49529,"Lost in our world, found in another."
586547,Nothing is what it seems.
698421,Why so serious?
50402,"At the end of the world, the adventure begins."
622203,The battle begins.
746663,Part of the journey is the end.
814675,Collide with destiny.
271028,Everything changes.
305044,There and back again.
861297,The greatest adventure is what lies ahead.
356729,Why so serious?
33644,"Lost in our world, found in another."
126624,In space no one can hear you scream.
53372,Free your mind.
191172,The end is near.
917789,Just when you thought it was safe to go back in the water.
951115,Nothing is what it seems.
60577,Life is like a box of chocolates.
863025,Life is like a box of chocolates.
113239,"At the end of the world, the adventure begins."
634221,A new beginning.
526609,Just when you thought it was safe to go back in the water.
277412,The greatest adventure is what lies ahead.
93591,A new beginning.
107575,May the Force be with you.
376995,I'll be back.
881374,Nothing is what it seems.
646958,Nothing is what it seems.
202110,Heroes are made.
590439,Heroes are made.
192156,Just keep swimming.
713608,I am Iron Man.
774005,You won't know until you've seen it.
132578,"Go ahead, make my day."
946146,Life is like a box of chocolates.
297958,The battle begins.
6809,"Elementary, my dear Watson."
888530,Whatever it takes.
404121,"A long time ago in a galaxy far, far away."
411287,You had me at hello.
422735,Why so serious?
362568,To infinity and beyond!
377377,An unexpected journey.
997384,Hakuna Matata.
924938,The Legend Ends
269120,You can't handle the truth!
715053,Just when you thought it was safe to go back in the water.
507037,Free your mind.
635950,The greatest adventure is what lies ahead.
585995,Hakuna Matata.
329853,Life is like a box of chocolates.
83715,Hakuna Matata.
280522,I see dead people.
739376,Saving the world takes everything.
900518,Hakuna Matata.
965333,"Here's looking at you, kid."
195429,"At the end of the world, the adventure begins."
925861,Hakuna Matata.
324041,Show me the money.
378519,"Lost in our world, found in another."
19251,Be afraid. Be very afraid.
165373,The greatest adventure is what lies ahead.
417502,Mankind was born on Earth. It was never meant to die here.
9814,"Here's looking at you, kid."
37053,You won't know until you've seen it.
1016,Show me the money.
110661,One ring to rule them all.
4998,You had me at hello.
141582,I see dead people.
392944,To infinity and beyond!
422425,"Elementary, my dear Watson."
549230,The end is near.
443989,Free your mind.
809683,The battle begins.
826709,In space no one can hear you scream.
781752,A Plan No One Escapes
506101,Mankind was born on Earth. It was never meant to die here.
431529,Into darkness.
325795,One ring to rule them all.
152881,There and back again.
62962,Wakanda forever.
310044,In space no one can hear you scream.
829948,Hakuna Matata.
688332,The final chapter.
367989,To infinity and beyond!
988262,An unexpected journey.
252063,Just keep swimming.
877201,In space no one can hear you scream.
572957,A Plan No One Escapes
843552,One ring to rule them all.
124880,Into darkness.
10149,Free your mind.
654637,"Here's looking at you, kid."
739576,To infinity and beyond!
881265,"A long time ago in a galaxy far, far away."
1810,"Go ahead, make my day."
125493,Enter the World of Pandora.
395849,Heroes are made.
578329,Whatever it takes.
223618,Show me the money.
219317,The battle begins.
117784,Be afraid. Be very afraid.
339430,Free your mind.
213188,Everything changes.
146670,Free your mind.
330837,With great power comes great responsibility.
40940,You won't know until you've seen it.
560076,One ring to rule them all.
818505,Life is like a box of chocolates.
515396,Fight for what matters.
442748,"A long time ago in a galaxy far, far away."
45165,Into darkness.
100075,Fight for what matters.
919456,Enter the World of Pandora.
243916,You can't handle the truth!
16587,Enter the World of Pandora.
157551,"Houston, we have a problem."
496609,There and back again.
169737,One ring to rule them all.
459533,Nothing is what it seems.
220093,Part of the journey is the end.
469620,Collide with destiny.
956383,The battle begins.
117918,Beyond the horizon.
500515,The end is near.
832484,The final chapter.
800746,"Here's looking at you, kid."
410593,Free your mind.
806712,You had me at hello.
84788,The Legend Ends
622432,The final chapter.
819014,An unexpected journey.
293617,A new beginning.
987777,May the Force be with you.
281766,"Elementary, my dear Watson."
551480,Just when you thought it was safe to go back in the water.
651314,"Here's looking at you, kid."
108900,I am Groot.
352024,"Here's looking at you, kid."
671701,An unexpected journey.
852314,Whatever it takes.
420896,A Plan No One Escapes
10564,You can't handle the truth!
92351,Show me the money.
487377,Life is like a box of chocolates.
174974,Heroes are made.
984227,In space no one can hear you scream.
574610,Mankind was born on Earth. It was never meant to die here.
521802,The battle begins.
324554,Whatever it takes.
187040,I see dead people.
314792,Enter the World of Pandora.
758025,The end is near.
68137,Nothing is what it seems.
866792,In space no one can hear you scream.
181414,One ring to rule them all.
787890,Hakuna Matata.
886347,Heroes are made.
134726,Part of the journey is the end.
753029,"Go ahead, make my day."
782440,The battle begins.
862645,Everything changes.
131575,"Lost in our world, found in another."
354650,Mankind was born on Earth. It was never meant to die here.
37917,May the Force be with you.
390941,Enter the World of Pandora.
69602,The greatest adventure is what lies ahead.
535128,Nothing is what it seems.
663353,Everything changes.
667598,I am Iron Man.
806612,I am Iron Man.
419081,The Legend Ends
113266,A Plan No One Escapes
901077,Fight for what matters.
131308,Whatever it takes.
908720,Whatever it takes.
200057,The battle begins.
29059,Fight for what matters.
2434,The greatest adventure is what lies ahead.
831229,One ring to rule them all.
929602,I see dead people.
326032,With great power comes great responsibility.
810737,Wakanda forever.
102711,"Lost in our world, found in another."
939589,Show me the money.
111623,Nothing is what it seems.
856797,Everything changes.
810500,Saving the world takes everything.
290744,An unexpected journey.
402760,Heroes are made.
722381,"A long time ago in a galaxy far, far away."
511199,Into darkness.
600505,The battle begins.
139647,Wakanda forever.
693905,With great power comes great responsibility.
121188,There and back again.
554556,Fight for what matters.
340970,The final chapter.
237768,Hakuna Matata.
918634,Life is like a box of chocolates.
528867,I am Iron Man.
759738,Everything changes.
5996,Just when you thought it was safe to go back in the water.
894665,The final chapter.
920689,The greatest adventure is what lies ahead.
484468,Just keep swimming.
406306,You can't handle the truth!
960509,A Plan No One Escapes
387416,The Legend Ends
565949,Collide with destiny.
849898,I am Iron Man.
616500,Beyond the horizon.
903684,I am Groot.
982032,"At the end of the world, the adventure begins."
627840,Into darkness.
86128,Into darkness.
135164,One ring to rule them all.
140084,With great power comes great responsibility.
330104,The final chapter.
918830,To infinity and beyond!
928235,Nothing is what it seems.
707865,Fight for what matters.
519325,Beyond the horizon.
209000,You had me at hello.
137555,Nothing is what it seems.
958219,"Go ahead, make my day."
874970,Wakanda forever.
232441,Part of the journey is the end.
673063,May the Force be with you.
494041,"A long time ago in a galaxy far, far away."
35359,You had me at hello.
543166,"A long time ago in a galaxy far, far away."
207545,Just when you thought it was safe to go back in the water.
661300,Show me the money.
126496,Free your mind.
812153,Free your mind.
312989,Your mind is the scene of the crime.
513717,"Here's looking at you, kid."
97944,I'll be back.
582345,Nothing is what it seems.
665388,I am Iron Man.
907620,Beyond the horizon.
693593,Beyond the horizon.
467889,"Lost in our world, found in another."
3286,The final chapter.
462340,The final chapter.
909771,Whatever it takes.
698227,With great power comes great responsibility.
233393,In space no one can hear you scream.
238377,A Plan No One Escapes
997224,Your mind is the scene of the crime.
637790,I see dead people.
799333,An unexpected journey.
110524,"Elementary, my dear Watson."
329594,I am Groot.
968860,The Legend Ends
248205,The final chapter.
284372,Hakuna Matata.
807541,Show me the money.
165817,Fight for what matters.
30494,"Go ahead, make my day."
451906,The end is near.
850888,I'll be back.
421490,Part of the journey is the end.
916873,The final chapter.
698149,You won't know until you've seen it.
312693,The greatest adventure is what lies ahead.
631017,Whatever it takes.
183722,Part of the journey is the end.
26997,"At the end of the world, the adventure begins."
337120,"At the end of the world, the adventure begins."
149909,Whatever it takes.
871261,Be afraid. Be very afraid.
418406,Everything changes.
209598,An unexpected journey.
314547,Why so serious?
883526,You had me at hello.
441242,There and back again.
587574,Just when you thought it was safe to go back in the water.
680280,You can't handle the truth!
104805,Nothing is what it seems.
179851,"Elementary, my dear Watson."
788767,You had me at hello.
55002,An unexpected journey.
78762,Into darkness.
739623,You can't handle the truth!
613628,"Houston, we have a problem."
445678,"Go ahead, make my day."
608455,An unexpected journey.
479106,The Legend Ends
500678,Everything changes.
906785,Mankind was born on Earth. It was never meant to die here.
356683,The greatest adventure is what lies ahead.
536944,Your mind is the scene of the crime.
50225,I am Groot.
420812,An unexpected journey.
91905,Life is like a box of chocolates.
831708,You had me at hello.
58108,Hakuna Matata.
564813,The greatest adventure is what lies ahead.
159082,Heroes are made.
912303,The final chapter.
339770,Collide with destiny.
860018,Beyond the horizon.
22004,The Legend Ends
456010,I am Iron Man.
438662,"Here's looking at you, kid."
60032,Nothing is what it seems.
573346,The greatest adventure is what lies ahead.
462639,May the Force be with you.
184634,Into darkness.
645458,Be afraid. Be very afraid.
539312,A new beginning.
620369,"Go ahead, make my day."
952041,"Elementary, my dear Watson."
752062,Beyond the horizon.
121723,To infinity and beyond!
234016,Just keep swimming.
228515,You had me at hello.
755263,With great power comes great responsibility.
631189,May the Force be with you.
718450,There and back again.
195865,Hakuna Matata.
831380,Part of the journey is the end.
933717,Collide with destiny.
347242,Why so serious?
757779,The battle begins.
221209,Heroes are made.
272677,"Lost in our world, found in another."
181968,"Here's looking at you, kid."
520478,Just keep swimming.
615358,"Lost in our world, found in another."
597145,In space no one can hear you scream.
771544,One ring to rule them all.
733644,Be afraid. Be very afraid.
52226,You had me at hello.
116607,I am Iron Man.
499122,"Lost in our world, found in another."
927124,"Here's looking at you, kid."
105801,There and back again.
902205,May the Force be with you.
553092,Hakuna Matata.
794121,Heroes are made.
323093,An unexpected journey.
370893,An unexpected journey.
639343,I see dead people.
533881,I see dead people.
232263,"Here's looking at you, kid."
944472,You can't handle the truth!
67968,You won't know until you've seen it.
588516,An unexpected journey.
347418,Mankind was born on Earth. It was never meant to die here.
213746,Be afraid. Be very afraid.
131334,Just keep swimming.
13405,The end is near.
397515,The final chapter.
461233,An unexpected journey.
343932,A Plan No One Escapes
638086,Hakuna Matata.
557429,The Legend Ends
448762,Be afraid. Be very afraid.
399759,I am Iron Man.
499225,Enter the World of Pandora.
993012,The Legend Ends
174501,The greatest adventure is what lies ahead.
30499,With great power comes great responsibility.
228209,The end is near.
966135,Hakuna Matata.
497053,A Plan No One Escapes
914024,The greatest adventure is what lies ahead.
718626,Enter the World of Pandora.
798863,I am Iron Man.
805904,A new beginning.
207038,I am Iron Man.
493715,The Legend Ends
511859,I see dead people.
198970,Why so serious?
392331,Whatever it takes.
972430,Your mind is the scene of the crime.
461782,One ring to rule them all.
342032,Into darkness.
508872,"Go ahead, make my day."
7395,Wakanda forever.
249658,A Plan No One Escapes
315806,With great power comes great responsibility.
625670,An unexpected journey.
923988,You won't know until you've seen it.
207089,Nothing is what it seems.
289540,Collide with destiny.
547592,I am Iron Man.
197077,You can't handle the truth!
993421,Your mind is the scene of the crime.
695406,I see dead people.
814232,Collide with destiny.
849711,The final chapter.
601196,A Plan No One Escapes
16071,You had me at hello.
412157,The end is near.
278299,Saving the world takes everything.
502016,You had me at hello.
528858,May the Force be with you.
100369,May the Force be with you.
459327,The battle begins.
90167,"Elementary, my dear Watson."
940644,Saving the world takes everything.
378757,"Lost in our world, found in another."
446417,The Legend Ends
183566,Your mind is the scene of the crime.
39768,You had me at hello.
363912,One ring to rule them all.
19920,Why so serious?
418998,I am Groot.
759775,The greatest adventure is what lies ahead.
178134,Beyond the horizon.
249479,Fight for what matters.
73855,Whatever it takes.
683537,Wakanda forever.
952583,"At the end of the world, the adventure begins."
899670,The greatest adventure is what lies ahead.
584405,Hakuna Matata.
259664,One ring to rule them all.
314768,An unexpected journey.
121989,A Plan No One Escapes
518901,Mankind was born on Earth. It was never meant to die here.
626034,Wakanda forever.
841012,Life is like a box of chocolates.
526414,Beyond the horizon.
281620,With great power comes great responsibility.
919326,"Houston, we have a problem."
751936,To infinity and beyond!
396262,Saving the world takes everything.
551553,"Elementary, my dear Watson."
113167,Why so serious?
562799,"Houston, we have a problem."
180790,The greatest adventure is what lies ahead.
503442,I'll be back.
375793,I see dead people.
391155,Life is like a box of chocolates.
666488,Beyond the horizon.
136050,Show me the money.
933004,"Here's looking at you, kid."
173033,One ring to rule them all.
321734,Heroes are made.
769481,In space no one can hear you scream.
535917,"Lost in our world, found in another."
114229,Part of the journey is the end.
597009,"Here's looking at you, kid."
146759,The battle begins.
433790,You had me at hello.
444166,To infinity and beyond!
156171,The end is near.
700077,Nothing is what it seems.
108892,Beyond the horizon.
803535,Hakuna Matata.
631987,Whatever it takes.
125395,Your mind is the scene of the crime.
855720,"A long time ago in a galaxy far, far away."
337449,Show me the money.
435810,Your mind is the scene of the crime.
257700,You won't know until you've seen it.
119685,The Legend Ends
484311,One ring to rule them all.
744905,With great power comes great responsibility.
626990,The Legend Ends
66189,With great power comes great responsibility.
562211,In space no one can hear you scream.
563456,One ring to rule them all.
24110,Your mind is the scene of the crime.
228813,"Lost in our world, found in another."
642499,Why so serious?
214595,"At the end of the world, the adventure begins."
860871,With great power comes great responsibility.
866106,Wakanda forever.
268735,"Go ahead, make my day."
16799,Everything changes.
349817,"Lost in our world, found in another."
617773,An unexpected journey.
558318,Saving the world takes everything.
476129,"A long time ago in a galaxy far, far away."
786639,Life is like a box of chocolates.
228964,Collide with destiny.
593069,Wakanda forever.
768511,Enter the World of Pandora.
942935,I am Iron Man.
201512,Into darkness.
37845,An unexpected journey.
988943,An unexpected journey.
243496,There and back again.
839917,In space no one can hear you scream.
422398,The end is near.
886232,You can't handle the truth!
201917,Everything changes.
77970,A Plan No One Escapes
670534,With great power comes great responsibility.
8284,An unexpected journey.
906892,Heroes are made.
771800,There and back again.
622638,Mankind was born on Earth. It was never meant to die here.
909271,Heroes are made.
111384,Be afraid. Be very afraid.
232125,The end is near.
533216,There and back again.
377704,There and back again.
1338,"Lost in our world, found in another."
860712,Your mind is the scene of the crime.
773894,"Lost in our world, found in another."
936903,Enter the World of Pandora.
575478,Why so serious?
980730,Everything changes.
482492,Life is like a box of chocolates.
590845,I am Iron Man.
135361,Fight for what matters.
924270,Just keep swimming.
205134,Part of the journey is the end.
822034,The Legend Ends
311177,I am Iron Man.
394322,I am Groot.
761023,Be afraid. Be very afraid.
867147,One ring to rule them all.
373491,A new beginning.
921685,"Houston, we have a problem."
245898,An unexpected journey.
592901,Nothing is what it seems.
213450,I'll be back.
322522,Hakuna Matata.
636278,Everything changes.
275769,Collide with destiny.
405913,Saving the world takes everything.
509403,"Lost in our world, found in another."
929356,Why so serious?
87246,Beyond the horizon.
557404,One ring to rule them all.
420076,You had me at hello.
535998,To infinity and beyond!
539282,"Here's looking at you, kid."
384124,"Lost in our world, found in another."
112745,"Go ahead, make my day."
339994,Show me the money.
110219,I see dead people.
560999,"A long time ago in a galaxy far, far away."
456713,Just when you thought it was safe to go back in the water.
246241,One ring to rule them all.
672855,I am Iron Man.
884619,Mankind was born on Earth. It was never meant to die here.
780883,Just when you thought it was safe to go back in the water.
909583,In space no one can hear you scream.
429380,The end is near.
289806,Heroes are made.
725537,I am Iron Man.
672995,"Elementary, my dear Watson."
210540,Whatever it takes.
463056,Show me the money.
138857,Your mind is the scene of the crime.
266843,Free your mind.
613392,"A long time ago in a galaxy far, far away."
413512,Everything changes.
264042,In space no one can hear you scream.
964687,With great power comes great responsibility.
501613,Show me the money.
157693,With great power comes great responsibility.
94325,I am Groot.
718976,Saving the world takes everything.
138870,I am Iron Man.
921734,The battle begins.
759631,"Go ahead, make my day."
677494,Wakanda forever.
31186,One ring to rule them all.
164622,Your mind is the scene of the crime.
596891,"A long time ago in a galaxy far, far away."
519377,The battle begins.
505829,"At the end of the world, the adventure begins."
991536,I see dead people.
323584,Nothing is what it seems.
365728,Be afraid. Be very afraid.
870243,You can't handle the truth!
890469,I am Groot.
361246,Mankind was born on Earth. It was never meant to die here.
929010,There and back again.
725442,A new beginning.
847283,Nothing is what it seems.
903696,Collide with destiny.
266125,I am Iron Man.
390706,Just when you thought it was safe to go back in the water.
828100,Part of the journey is the end.
367367,Into darkness.
603106,An unexpected journey.
361941,I am Iron Man.
942374,I am Iron Man.
981929,An unexpected journey.
944036,Part of the journey is the end.
914338,You had me at hello.
219110,Heroes are made.
915366,"Go ahead, make my day."
196197,"Elementary, my dear Watson."
795984,Just keep swimming.
15126,"Here's looking at you, kid."
339174,Wakanda forever.
297182,I see dead people.
932482,"Go ahead, make my day."
796998,Hakuna Matata.
373713,Everything changes.
582304,You can't handle the truth!
317825,To infinity and beyond!
372869,The final chapter.
176174,Hakuna Matata.
860555,Enter the World of Pandora.
172517,Life is like a box of chocolates.
35766,Heroes are made.
583308,You won't know until you've seen it.
974402,Nothing is what it seems.
75129,Why so serious?
355524,Collide with destiny.
106908,Part of the journey is the end.
779949,An unexpected journey.
970371,Hakuna Matata.
250923,Whatever it takes.
963057,"Here's looking at you, kid."
664083,I am Iron Man.
317012,Be afraid. Be very afraid.
332670,Into darkness.
939634,"Go ahead, make my day."
70690,I am Groot.
885733,Collide with destiny.
830104,Be afraid. Be very afraid.
996374,There and back again.
882695,Collide with destiny.
976036,The final chapter.
369859,Be afraid. Be very afraid.
293249,Beyond the horizon.
105585,An unexpected journey.
115443,Why so serious?
65213,Wakanda forever.
233556,I see dead people.
686469,Collide with destiny.
765139,"Elementary, my dear Watson."
434212,Everything changes.
625582,In space no one can hear you scream.
759483,Into darkness.
286704,To infinity and beyond!
190544,"Elementary, my dear Watson."
71590,"At the end of the world, the adventure begins."
514163,Be afraid. Be very afraid.
655663,Just when you thought it was safe to go back in the water.
731961,The Legend Ends
783442,"A long time ago in a galaxy far, far away."
292266,I am Iron Man.
337530,Fight for what matters.
705419,Why so serious?
945681,Free your mind.
790604,To infinity and beyond!
160993,Your mind is the scene of the crime.
673308,Just when you thought it was safe to go back in the water.
64882,A Plan No One Escapes
952813,Why so serious?
541212,I see dead people.
458390,Nothing is what it seems.
852126,Just when you thought it was safe to go back in the water.
211038,"Houston, we have a problem."
641296,I am Groot.
328658,To infinity and beyond!
261248,"A long time ago in a galaxy far, far away."
757438,Your mind is the scene of the crime.
943030,I am Iron Man.
894800,The final chapter.
541237,Wakanda forever.
406555,The Legend Ends
139701,I am Iron Man.
543572,The end is near.
828360,To infinity and beyond!
37617,To infinity and beyond!
13041,Fight for what matters.
562915,Whatever it takes.
878484,Be afraid. Be very afraid.
647765,"Here's looking at you, kid."
689437,Whatever it takes.
110364,Your mind is the scene of the crime.
736270,The Legend Ends
242561,The greatest adventure is what lies ahead.
665795,The battle begins.
2185,Show me the money.
970644,The final chapter.
640100,"A long time ago in a galaxy far, far away."
610619,A Plan No One Escapes
735208,Hakuna Matata.
849896,Just when you thought it was safe to go back in the water.
927770,"Here's looking at you, kid."
420501,The Legend Ends
983765,I'll be back.
991937,Be afraid. Be very afraid.
364004,Just keep swimming.
255667,I am Groot.
217174,Beyond the horizon.
537569,The greatest adventure is what lies ahead.
116007,Beyond the horizon.
44561,An unexpected journey.
101227,Everything changes.
798636,Into darkness.
798082,"Lost in our world, found in another."
62490,"At the end of the world, the adventure begins."
607972,Fight for what matters.
173098,Fight for what matters.
310989,The Legend Ends
616024,In space no one can hear you scream.
417409,Beyond the horizon.
279538,Life is like a box of chocolates.
541047,Just keep swimming.
472492,Collide with destiny.
551753,The battle begins.
589747,Show me the money.
156947,You had me at hello.
989330,Free your mind.
623110,An unexpected journey.
832608,"A long time ago in a galaxy far, far away."
50134,"Elementary, my dear Watson."
62841,A new beginning.
631346,May the Force be with you.
420953,Enter the World of Pandora.
662449,Fight for what matters.
649649,An unexpected journey.
978359,I am Iron Man.
432223,Hakuna Matata.
556524,You had me at hello.
811504,The greatest adventure is what lies ahead.
822755,One ring to rule them all.
101322,One ring to rule them all.
165752,Into darkness.
718268,One ring to rule them all.
71077,Fight for what matters.
856834,Beyond the horizon.
848168,Just when you thought it was safe to go back in the water.
56211,Free your mind.
182254,To infinity and beyond!
384957,Fight for what matters.
273879,To infinity and beyond!
328278,Whatever it takes.
970959,Why so serious?
761802,"At the end of the world, the adventure begins."
395418,To infinity and beyond!
894766,I'll be back.
392150,A Plan No One Escapes
420041,To infinity and beyond!
248494,Hakuna Matata.
888708,One ring to rule them all.
763136,An unexpected journey.
276796,Enter the World of Pandora.
450959,"Lost in our world, found in another."
408409,Hakuna Matata.
593066,In space no one can hear you scream.
239058,You had me at hello.
463834,Everything changes.
679679,"Houston, we have a problem."
453371,To infinity and beyond!
199948,The end is near.
465106,The final chapter.
435825,Be afraid. Be very afraid.
922971,With great power comes great responsibility.
229585,Free your mind.
122003,A new beginning.
377979,"Here's looking at you, kid."
536333,Everything changes.
475091,To infinity and beyond!
422611,Be afraid. Be very afraid.
46035,Show me the money.
513692,May the Force be with you.
872521,The end is near.
663846,I am Groot.
271643,Just when you thought it was safe to go back in the water.
915803,A Plan No One Escapes
934951,I am Iron Man.
38762,Just when you thought it was safe to go back in the water.
8758,A Plan No One Escapes
159966,"At the end of the world, the adventure begins."
69853,"Elementary, my dear Watson."
580475,Show me the money.
832913,The final chapter.
422057,To infinity and beyond!
863828,Heroes are made.
325220,Collide with destiny.
30022,Part of the journey is the end.
694213,"Houston, we have a problem."
336287,To infinity and beyond!
731769,Be afraid. Be very afraid.
488977,Just when you thought it was safe to go back in the water.
569474,Just keep swimming.
243166,Your mind is the scene of the crime.
820921,"Houston, we have a problem."
110806,Beyond the horizon.
613511,Into darkness.
467159,A Plan No One Escapes
567384,Life is like a box of chocolates.
642513,Collide with destiny.
299365,Just when you thought it was safe to go back in the water.
765636,Enter the World of Pandora.
658163,Just when you thought it was safe to go back in the water.
463866,Nothing is what it seems.
193695,In space no one can hear you scream.
838783,The Legend Ends
879658,Wakanda forever.
572191,Whatever it takes.
579635,Be afraid. Be very afraid.
535354,Just keep swimming.
863664,Part of the journey is the end.
278693,Wakanda forever.
641742,You won't know until you've seen it.
376676,You won't know until you've seen it.
485500,Whatever it takes.
286185,"Go ahead, make my day."
812936,The end is near.
990863,Just keep swimming.
71319,Saving the world takes everything.
497657,An unexpected journey.
299236,Wakanda forever.
335553,The Legend Ends
138447,Into darkness.
162243,Saving the world takes everything.
223841,The final chapter.
178,The battle begins.
939995,An unexpected journey.
893935,Mankind was born on Earth. It was never meant to die here.
623436,Nothing is what it seems.
633418,"Here's looking at you, kid."
107420,"A long time ago in a galaxy far, far away."
162408,Hakuna Matata.
744436,You can't handle the truth!
775551,"At the end of the world, the adventure begins."
150747,There and back again.
360589,You won't know until you've seen it.
991594,Hakuna Matata.
447178,Nothing is what it seems.
573546,Collide with destiny.
502759,"Houston, we have a problem."
837780,The greatest adventure is what lies ahead.
352695,Why so serious?
964377,One ring to rule them all.
99866,The greatest adventure is what lies ahead.
387763,You won't know until you've seen it.
132231,"Houston, we have a problem."
484968,"Lost in our world, found in another."
471024,A new beginning.
83162,"Lost in our world, found in another."
451020,May the Force be with you.
680977,You won't know until you've seen it.
572309,Nothing is what it seems.
472635,You won't know until you've seen it.
10948,Just keep swimming.
668919,Beyond the horizon.
401346,"At the end of the world, the adventure begins."
179254,"At the end of the world, the adventure begins."
440829,Collide with destiny.
132234,Show me the money.
117707,Into darkness.
613876,The final chapter.
338789,Part of the journey is the end.
995229,Why so serious?
640809,I am Groot.
812323,"Go ahead, make my day."
29373,Why so serious?
176936,"Elementary, my dear Watson."
955116,Mankind was born on Earth. It was never meant to die here.
585155,To infinity and beyond!
731185,Heroes are made.
263690,In space no one can hear you scream.
195638,A Plan No One Escapes
501319,I am Groot.
70572,May the Force be with you.
853041,Just keep swimming.
306770,I'll be back.
998655,I am Iron Man.
777912,Into darkness.
254043,Into darkness.
130342,Wakanda forever.
16681,Part of the journey is the end.
943501,The Legend Ends
681354,Life is like a box of chocolates.
569083,"Houston, we have a problem."
63756,To infinity and beyond!
258665,You can't handle the truth!
186746,Enter the World of Pandora.
750357,"Go ahead, make my day."
342089,The final chapter.
475934,I'll be back.
202317,A new beginning.
281648,Fight for what matters.
650702,Saving the world takes everything.
581265,I am Iron Man.
679266,"Go ahead, make my day."
307313,Part of the journey is the end.
901637,An unexpected journey.
554237,May the Force be with you.
197804,There and back again.
53664,"A long time ago in a galaxy far, far away."
200523,"At the end of the world, the adventure begins."
812769,You won't know until you've seen it.
173132,You had me at hello.
675516,Just when you thought it was safe to go back in the water.
591655,Your mind is the scene of the crime.
339895,Hakuna Matata.
383758,Part of the journey is the end.
725789,You won't know until you've seen it.
48700,Into darkness.
187908,Part of the journey is the end.
488091,I am Groot.
860965,Heroes are made.
194670,"A long time ago in a galaxy far, far away."
947101,The greatest adventure is what lies ahead.
778683,"Houston, we have a problem."
994464,You can't handle the truth!
360710,Just when you thought it was safe to go back in the water.
310010,You had me at hello.
855208,Enter the World of Pandora.
800710,One ring to rule them all.
816584,To infinity and beyond!
776003,The final chapter.
195619,"Houston, we have a problem."
326734,Enter the World of Pandora.
763905,The greatest adventure is what lies ahead.
703159,I see dead people.
736211,"Elementary, my dear Watson."
146922,Life is like a box of chocolates.
992272,Collide with destiny.
622326,You won't know until you've seen it.
435304,There and back again.
210594,May the Force be with you.
591135,Just keep swimming.
544039,To infinity and beyond!
362930,Your mind is the scene of the crime.
565593,Just when you thought it was safe to go back in the water.
267530,The battle begins.
197487,I'll be back.
288641,Just keep swimming.
467837,Beyond the horizon.
190397,Beyond the horizon.
104715,You won't know until you've seen it.
433067,Whatever it takes.
816378,May the Force be with you.
304786,To infinity and beyond!
663231,Show me the money.
350205,Mankind was born on Earth. It was never meant to die here.
533447,An unexpected journey.
144409,Life is like a box of chocolates.
540084,The battle begins.
99245,May the Force be with you.
857180,"At the end of the world, the adventure begins."
620029,Part of the journey is the end.
439692,Free your mind.
341371,I am Iron Man.
58124,Collide with destiny.
834084,"Elementary, my dear Watson."
370982,"Houston, we have a problem."
997229,Enter the World of Pandora.
692200,Heroes are made.
691442,Be afraid. Be very afraid.
894882,May the Force be with you.
1812,Enter the World of Pandora.
380329,"Houston, we have a problem."
617458,"Elementary, my dear Watson."
106619,"A long time ago in a galaxy far, far away."
333272,I am Groot.
209768,Into darkness.
111289,A Plan No One Escapes
227255,A new beginning.
392154,"Here's looking at you, kid."
371973,Free your mind.
817246,Wakanda forever.
754954,The end is near.
329268,Free your mind.
455836,Whatever it takes.
262711,In space no one can hear you scream.
312740,Whatever it takes.
597456,May the Force be with you.
465359,To infinity and beyond!
359589,Everything changes.
525811,In space no one can hear you scream.
263838,Saving the world takes everything.
47307,Free your mind.
803752,I am Iron Man.
881907,I'll be back.
953136,There and back again.
190525,Free your mind.
83841,With great power comes great responsibility.
926604,Show me the money.
312323,"Go ahead, make my day."
175654,"A long time ago in a galaxy far, far away."
771686,Nothing is what it seems.
945805,May the Force be with you.
28487,I see dead people.
1272,Life is like a box of chocolates.
275962,"Houston, we have a problem."
908375,I am Iron Man.
611963,A Plan No One Escapes
569092,Wakanda forever.
885961,Fight for what matters.
609561,Whatever it takes.
292972,"Lost in our world, found in another."
157967,"At the end of the world, the adventure begins."
988196,There and back again.
903309,Just keep swimming.
200209,Show me the money.
913477,"Elementary, my dear Watson."
542606,Just when you thought it was safe to go back in the water.
295850,The greatest adventure is what lies ahead.
180967,Saving the world takes everything.
143055,A Plan No One Escapes
257578,"At the end of the world, the adventure begins."
604527,In space no one can hear you scream.
790093,Into darkness.
51682,Enter the World of Pandora.
932712,An unexpected journey.
112778,Part of the journey is the end.
235952,I'll be back.
146846,"Here's looking at you, kid."
444335,A new beginning.
34635,An unexpected journey.
960045,Why so serious?
704292,Life is like a box of chocolates.
8400,Beyond the horizon.
289245,An unexpected journey.
976712,In space no one can hear you scream.
592429,I am Groot.
846012,Free your mind.
428053,Show me the money.
752568,You can't handle the truth!
918564,"Go ahead, make my day."
410676,"At the end of the world, the adventure begins."
581752,Life is like a box of chocolates.
112530,Whatever it takes.
120898,One ring to rule them all.
144812,Enter the World of Pandora.
294193,"Here's looking at you, kid."
152679,I'll be back.
37363,The battle begins.
404613,With great power comes great responsibility.
13083,Collide with destiny.
367189,Your mind is the scene of the crime.
108412,In space no one can hear you scream.
146554,With great power comes great responsibility.
519783,Heroes are made.
86540,I am Iron Man.
513158,I am Iron Man.
229894,Just when you thought it was safe to go back in the water.
148411,"A long time ago in a galaxy far, far away."
250379,Just when you thought it was safe to go back in the water.
298736,Saving the world takes everything.
295821,Into darkness.
393280,Saving the world takes everything.
304493,"At the end of the world, the adventure begins."
561564,Whatever it takes.
97589,You had me at hello.
337381,Show me the money.
979229,Enter the World of Pandora.
926203,"Houston, we have a problem."
775916,Collide with destiny.
630480,To infinity and beyond!
683060,I see dead people.
586068,Part of the journey is the end.
86208,Free your mind.
699162,Why so serious?
421489,Everything changes.
562588,I am Iron Man.
879979,You can't handle the truth!
445139,"Houston, we have a problem."
911560,To infinity and beyond!
130360,Nothing is what it seems.
65596,I am Iron Man.
531265,Hakuna Matata.
340123,Enter the World of Pandora.
146563,Free your mind.
829740,"Here's looking at you, kid."
826209,I am Iron Man.
467888,In space no one can hear you scream.
143044,Life is like a box of chocolates.
668828,You had me at hello.
331956,I am Groot.
620879,You can't handle the truth!
885319,May the Force be with you.
863725,Mankind was born on Earth. It was never meant to die here.
806453,To infinity and beyond!
589798,Part of the journey is the end.
981515,Saving the world takes everything.
436072,Into darkness.
2029,Life is like a box of chocolates.
806256,Saving the world takes everything.
305244,With great power comes great responsibility.
388105,Be afraid. Be very afraid.
430351,One ring to rule them all.
747209,Part of the journey is the end.
564964,The greatest adventure is what lies ahead.
268149,I'll be back.
792082,Hakuna Matata.
200283,"A long time ago in a galaxy far, far away."
17997,"Go ahead, make my day."
926766,You can't handle the truth!
137209,The final chapter.
65851,The final chapter.
352902,A Plan No One Escapes
345892,There and back again.
35261,Saving the world takes everything.
388465,Beyond the horizon.
788695,"Here's looking at you, kid."
800305,Part of the journey is the end.
354247,Beyond the horizon.
598666,An unexpected journey.
105410,Nothing is what it seems.
4829,"At the end of the world, the adventure begins."
470346,Just keep swimming.
528396,"Lost in our world, found in another."
483674,Hakuna Matata.
590480,Everything changes.
227147,Part of the journey is the end.
544461,I am Iron Man.
58816,The final chapter.
626698,To infinity and beyond!
142647,May the Force be with you.
464205,In space no one can hear you scream.
144399,A Plan No One Escapes
271093,"Elementary, my dear Watson."
862972,You had me at hello.
387861,The final chapter.
19058,Beyond the horizon.
181811,A new beginning.
156049,You won't know until you've seen it.
626298,May the Force be with you.
137590,Beyond the horizon.
428716,Part of the journey is the end.
332831,You can't handle the truth!
792925,The end is near.
681471,"Go ahead, make my day."
600974,An unexpected journey.
988349,Hakuna Matata.
756369,With great power comes great responsibility.
500564,Beyond the horizon.
679011,"Lost in our world, found in another."
81935,An unexpected journey.
618882,"Houston, we have a problem."
682006,Life is like a box of chocolates.
557903,With great power comes great responsibility.
512499,Saving the world takes everything.
693396,You can't handle the truth!
551774,Nothing is what it seems.
192225,I am Groot.
983542,Everything changes.
530578,Your mind is the scene of the crime.
373054,Whatever it takes.
74314,Fight for what matters.
144790,With great power comes great responsibility.
581004,A new beginning.
117086,A Plan No One Escapes
411046,The greatest adventure is what lies ahead.
76771,An unexpected journey.
25663,"Here's looking at you, kid."
522741,Hakuna Matata.
578851,Saving the world takes everything.
394386,Collide with destiny.
536024,The final chapter.
270707,"Go ahead, make my day."
65204,Whatever it takes.
436537,"Lost in our world, found in another."
931657,Beyond the horizon.
815002,A Plan No One Escapes
76846,Enter the World of Pandora.
837267,With great power comes great responsibility.
366278,"Here's looking at you, kid."
672538,Fight for what matters.
839269,I see dead people.
450756,You had me at hello.
891609,Just when you thought it was safe to go back in the water.
467415,You had me at hello.
398595,Hakuna Matata.
737407,Wakanda forever.
203371,I see dead people.
10776,Fight for what matters.
413053,Part of the journey is the end.
956891,The greatest adventure is what lies ahead.
774349,You won't know until you've seen it.
402645,There and back again.
85386,An unexpected journey.
175056,Into darkness.
272751,Why so serious?
263559,Life is like a box of chocolates.
41542,Hakuna Matata.
921366,Just when you thought it was safe to go back in the water.
841976,Just when you thought it was safe to go back in the water.
542196,"Houston, we have a problem."
627447,"A long time ago in a galaxy far, far away."
636319,Into darkness.
24923,One ring to rule them all.
407390,You won't know until you've seen it.
157107,You won't know until you've seen it.
859159,Enter the World of Pandora.
806156,"Go ahead, make my day."
563655,"Elementary, my dear Watson."
556627,"Elementary, my dear Watson."
187583,Be afraid. Be very afraid.
324834,The final chapter.
629620,May the Force be with you.
229514,Fight for what matters.
407071,"Elementary, my dear Watson."
94175,In space no one can hear you scream.
736383,I am Groot.
414332,Part of the journey is the end.
4018,"Elementary, my dear Watson."
551933,The end is near.
773220,An unexpected journey.
126844,Just keep swimming.
67172,Life is like a box of chocolates.
227601,Part of the journey is the end.
846334,Collide with destiny.
41457,With great power comes great responsibility.
339065,Enter the World of Pandora.
836495,Free your mind.
343049,I am Iron Man.
959950,"Lost in our world, found in another."
595444,The end is near.
698890,May the Force be with you.
837053,A Plan No One Escapes
156114,Everything changes.
148953,Just keep swimming.
629932,"Elementary, my dear Watson."
850067,Just when you thought it was safe to go back in the water.
140241,"Go ahead, make my day."
853605,In space no one can hear you scream.
804280,You had me at hello.
797132,"Go ahead, make my day."
897475,You had me at hello.
284991,The end is near.
64988,"Lost in our world, found in another."
851608,The end is near.
134286,Hakuna Matata.
698399,Just when you thought it was safe to go back in the water.
666499,Just keep swimming.
860337,In space no one can hear you scream.
788835,"Here's looking at you, kid."
282182,Your mind is the scene of the crime.
726756,I am Groot.
859849,The Legend Ends
23998,You won't know until you've seen it.
555727,Your mind is the scene of the crime.
437364,You can't handle the truth!
512765,Wakanda forever.
78848,Heroes are made.
459259,Fight for what matters.
198319,"Houston, we have a problem."
882923,Into darkness.
695860,"A long time ago in a galaxy far, far away."
953500,In space no one can hear you scream.
427353,Fight for what matters.
753307,The final chapter.
213033,One ring to rule them all.
789847,Into darkness.
996043,An unexpected journey.
805585,Saving the world takes everything.
873124,Free your mind.
90518,"Here's looking at you, kid."
359025,Just keep swimming.
960429,You had me at hello.
506363,Enter the World of Pandora.
995356,Everything changes.
610643,An unexpected journey.
596451,"Elementary, my dear Watson."
139112,The greatest adventure is what lies ahead.
847313,Your mind is the scene of the crime.
991638,Just keep swimming.
926701,"A long time ago in a galaxy far, far away."
680517,Show me the money.
215706,An unexpected journey.
493897,Everything changes.
626622,"Go ahead, make my day."
561071,I see dead people.
54357,Collide with destiny.
689239,A new beginning.
363890,Wakanda forever.
303434,May the Force be with you.
380774,"Elementary, my dear Watson."
208935,An unexpected journey.
362192,You had me at hello.
588981,"Go ahead, make my day."
312531,Free your mind.
74791,"Go ahead, make my day."
842060,I am Groot.
970019,Life is like a box of chocolates.
823639,Show me the money.
406112,"Elementary, my dear Watson."
203121,"Here's looking at you, kid."
902899,I am Iron Man.
547915,Saving the world takes everything.
245344,An unexpected journey.
763012,To infinity and beyond!
198194,"Here's looking at you, kid."
445445,You won't know until you've seen it.
368793,Hakuna Matata.
584560,Your mind is the scene of the crime.
462303,Heroes are made.
61519,Part of the journey is the end.
52544,Wakanda forever.
548251,Just keep swimming.
204260,I see dead people.
577602,"Here's looking at you, kid."
948387,Whatever it takes.
274750,Heroes are made.
604882,You can't handle the truth!
928120,The battle begins.
703601,Enter the World of Pandora.
117107,A new beginning.
840187,The greatest adventure is what lies ahead.
998089,The end is near.
87604,Free your mind.
374904,The final chapter.
322532,Wakanda forever.
435973,Show me the money.
579446,I am Iron Man.
231117,Nothing is what it seems.
730018,I see dead people.
729933,The greatest adventure is what lies ahead.
754615,May the Force be with you.
698195,"Here's looking at you, kid."
502694,"Here's looking at you, kid."
389928,I am Iron Man.
761849,Nothing is what it seems.
460095,"Go ahead, make my day."
465693,With great power comes great responsibility.
909841,You won't know until you've seen it.
441581,"Here's looking at you, kid."
687374,Free your mind.
271592,I'll be back.
704350,Collide with destiny.
172650,Wakanda forever.
885025,Just when you thought it was safe to go back in the water.
227061,Heroes are made.
600242,I'll be back.
553131,Collide with destiny.
362998,One ring to rule them all.
997984,I am Groot.
750036,Beyond the horizon.
301634,To infinity and beyond!
861429,"At the end of the world, the adventure begins."
370689,Hakuna Matata.
776237,The final chapter.
394421,In space no one can hear you scream.
738760,I see dead people.
553636,A new beginning.
867647,Just keep swimming.
506705,Mankind was born on Earth. It was never meant to die here.
959506,Part of the journey is the end.
222853,"Elementary, my dear Watson."
223704,I see dead people.
881322,Beyond the horizon.
936894,Fight for what matters.
859360,An unexpected journey.
597174,The end is near.
978973,A Plan No One Escapes
231772,"A long time ago in a galaxy far, far away."
882945,I'll be back.
551681,Hakuna Matata.
186158,"At the end of the world, the adventure begins."
48808,An unexpected journey.
707125,Beyond the horizon.
92533,A Plan No One Escapes
137651,You had me at hello.
77746,Free your mind.
569491,May the Force be with you.
531767,You had me at hello.
383798,I'll be back.
689835,Just keep swimming.
520723,You can't handle the truth!
449696,Be afraid. Be very afraid.
116670,"Go ahead, make my day."
212931,I am Groot.
882958,Just keep swimming.
602347,Enter the World of Pandora.
588566,Your mind is the scene of the crime.
763551,Your mind is the scene of the crime.
118486,Collide with destiny.
31841,The final chapter.
833211,Collide with destiny.
410568,The greatest adventure is what lies ahead.
891388,The Legend Ends
396669,Part of the journey is the end.
600646,One ring to rule them all.
488311,"Elementary, my dear Watson."
965958,One ring to rule them all.
339678,A new beginning.
414500,There and back again.
175355,Just keep swimming.
969532,May the Force be with you.
33300,Beyond the horizon.
983003,I'll be back.
348371,Life is like a box of chocolates.
362312,A Plan No One Escapes
246461,A new beginning.
830605,"Here's looking at you, kid."
785301,The greatest adventure is what lies ahead.
791531,Into darkness.
472640,Just when you thought it was safe to go back in the water.
805887,Just when you thought it was safe to go back in the water.
539080,Wakanda forever.
972912,You had me at hello.
373251,Enter the World of Pandora.
335540,You won't know until you've seen it.
359871,Beyond the horizon.
992434,"Houston, we have a problem."
617774,You won't know until you've seen it.
644207,Nothing is what it seems.
378940,I see dead people.
289125,"Go ahead, make my day."
798110,"Houston, we have a problem."
64781,The Legend Ends
591154,Free your mind.
506815,Beyond the horizon.
793871,Enter the World of Pandora.
698225,Beyond the horizon.
920455,Why so serious?
841026,Be afraid. Be very afraid.
452123,You can't handle the truth!
901090,In space no one can hear you scream.
781174,With great power comes great responsibility.
849076,"A long time ago in a galaxy far, far away."
88072,There and back again.
794831,In space no one can hear you scream.
236466,"Go ahead, make my day."
357772,Free your mind.
53056,Everything changes.
542933,"Houston, we have a problem."
494592,"At the end of the world, the adventure begins."
365333,The final chapter.
872504,A Plan No One Escapes
603312,You had me at hello.
899385,Life is like a box of chocolates.
683323,"Go ahead, make my day."
159168,"Houston, we have a problem."
531607,Part of the journey is the end.
935019,Just when you thought it was safe to go back in the water.
162381,Wakanda forever.
930784,Just keep swimming.
370480,A new beginning.
307902,I see dead people.
862443,Whatever it takes.
26301,An unexpected journey.
538324,You had me at hello.
652706,Into darkness.
742320,The greatest adventure is what lies ahead.
787095,I am Groot.
459602,Mankind was born on Earth. It was never meant to die here.
560064,May the Force be with you.
442855,"A long time ago in a galaxy far, far away."
804797,"Here's looking at you, kid."
534863,The Legend Ends
682026,May the Force be with you.
991478,Just when you thought it was safe to go back in the water.
931394,The battle begins.
913829,With great power comes great responsibility.
358660,Saving the world takes everything.
30285,With great power comes great responsibility.
778966,Life is like a box of chocolates.
842253,Heroes are made.
760851,You had me at hello.
584746,I see dead people.
496271,You can't handle the truth!
382366,"At the end of the world, the adventure begins."
382719,May the Force be with you.
662072,Fight for what matters.
787191,I am Groot.
301344,"Here's looking at you, kid."
34049,I am Iron Man.
863950,I see dead people.
10380,"A long time ago in a galaxy far, far away."
577543,The Legend Ends
318306,Whatever it takes.
534876,You won't know until you've seen it.
653554,Part of the journey is the end.
390711,An unexpected journey.
277793,An unexpected journey.
663614,The final chapter.
184785,Everything changes.
423796,Fight for what matters.
597343,One ring to rule them all.
938772,Whatever it takes.
724399,A new beginning.
981645,With great power comes great responsibility.
927900,You won't know until you've seen it.
162313,I am Iron Man.
487729,Into darkness.
880178,I am Iron Man.
43237,A new beginning.
125838,I am Groot.
292702,Hakuna Matata.
644499,Hakuna Matata.
569540,The end is near.
18473,With great power comes great responsibility.
219426,"Lost in our world, found in another."
12886,Whatever it takes.
116356,Part of the journey is the end.
95372,Wakanda forever.
589508,Fight for what matters.
606198,You had me at hello.
21389,You won't know until you've seen it.
453138,You had me at hello.
152915,The battle begins.
764288,I see dead people.
281622,The greatest adventure is what lies ahead.
509275,A new beginning.
317999,Nothing is what it seems.
19359,A Plan No One Escapes
575473,Why so serious?
166498,To infinity and beyond!
641204,"Elementary, my dear Watson."
710108,You won't know until you've seen it.
362638,The end is near.
332736,Everything changes.
447073,I see dead people.
388830,Enter the World of Pandora.
285782,Show me the money.
981679,I see dead people.
824327,You can't handle the truth!
680095,An unexpected journey.
684480,You won't know until you've seen it.
593614,Free your mind.
968971,Why so serious?
604556,Part of the journey is the end.
101347,One ring to rule them all.
4516,Nothing is what it seems.
937259,Why so serious?
677177,To infinity and beyond!
547167,Mankind was born on Earth. It was never meant to die here.
385736,Nothing is what it seems.
187986,Enter the World of Pandora.
425427,Into darkness.
602757,An unexpected journey.
379364,The battle begins.
850946,You won't know until you've seen it.
903915,You had me at hello.
97997,Show me the money.
951935,Enter the World of Pandora.
307898,Your mind is the scene of the crime.
173090,I am Iron Man.
968760,Mankind was born on Earth. It was never meant to die here.
913581,Mankind was born on Earth. It was never meant to die here.
984753,I am Iron Man.
36132,May the Force be with you.
876488,"Here's looking at you, kid."
618069,Saving the world takes everything.
498556,May the Force be with you.
107694,A new beginning.
267445,"Lost in our world, found in another."
438141,Whatever it takes.
677384,There and back again.
687947,You can't handle the truth!
22967,You won't know until you've seen it.
475794,Show me the money.
326960,To infinity and beyond!
490876,I am Groot.
721059,Heroes are made.
59257,The Legend Ends
837013,Beyond the horizon.
74148,An unexpected journey.
866990,The greatest adventure is what lies ahead.
117846,Life is like a box of chocolates.
26002,"A long time ago in a galaxy far, far away."
8860,The end is near.
782726,Life is like a box of chocolates.
923896,In space no one can hear you scream.
454750,In space no one can hear you scream.
167582,Saving the world takes everything.
545963,Saving the world takes everything.
87596,Beyond the horizon.
291276,Just keep swimming.
922297,"Go ahead, make my day."
289629,A new beginning.
402227,Everything changes.
937836,Whatever it takes.
281865,An unexpected journey.
781796,I am Groot.
869718,Wakanda forever.
727191,The greatest adventure is what lies ahead.
32334,Saving the world takes everything.
301564,I see dead people.
582726,I see dead people.
643522,Whatever it takes.
873354,Wakanda forever.
716836,Into darkness.
237882,Whatever it takes.
836534,Show me the money.
647567,In space no one can hear you scream.
825107,You won't know until you've seen it.
112987,The final chapter.
249401,There and back again.
424799,Life is like a box of chocolates.
205792,I see dead people.
914709,Enter the World of Pandora.
236422,The end is near.
164338,You can't handle the truth!
983587,Fight for what matters.
64390,"Elementary, my dear Watson."
182769,"At the end of the world, the adventure begins."
320251,Free your mind.
528436,Wakanda forever.
378693,Everything changes.
356960,"Go ahead, make my day."
30678,I see dead people.
489058,With great power comes great responsibility.
988192,Your mind is the scene of the crime.
232157,May the Force be with you.
929455,"Houston, we have a problem."
401108,May the Force be with you.
377439,There and back again.
481191,A new beginning.
835635,In space no one can hear you scream.
449233,There and back again.
932654,An unexpected journey.
52035,A new beginning.
729565,The end is near.
58200,The final chapter.
473922,"At the end of the world, the adventure begins."
141269,With great power comes great responsibility.
923764,I am Iron Man.
798760,Your mind is the scene of the crime.
434834,"Elementary, my dear Watson."
19809,Everything changes.
616299,"At the end of the world, the adventure begins."
891909,Saving the world takes everything.
682671,Life is like a box of chocolates.
444516,Enter the World of Pandora.
789288,The greatest adventure is what lies ahead.
580001,With great power comes great responsibility.
766324,I am Groot.
367730,"Elementary, my dear Watson."
787645,A new beginning.
368896,Enter the World of Pandora.
501813,A new beginning.
338774,"Go ahead, make my day."
304585,Beyond the horizon.
806888,An unexpected journey.
158191,Part of the journey is the end.
471896,The greatest adventure is what lies ahead.
879947,I am Iron Man.
667099,Wakanda forever.
989160,Life is like a box of chocolates.
775229,Whatever it takes.
242484,I am Iron Man.
594584,Mankind was born on Earth. It was never meant to die here.
827055,Be afraid. Be very afraid.
631771,Part of the journey is the end.
238135,Mankind was born on Earth. It was never meant to die here.
276158,May the Force be with you.
417595,With great power comes great responsibility.
57114,Wakanda forever.
756096,"Houston, we have a problem."
995296,I am Iron Man.
472442,The end is near.
156552,You won't know until you've seen it.
488574,"Elementary, my dear Watson."
585934,"Houston, we have a problem."
318736,The final chapter.
175635,Just when you thought it was safe to go back in the water.
180264,You had me at hello.
331895,Heroes are made.
709876,"A long time ago in a galaxy far, far away."
353222,The Legend Ends
952498,The greatest adventure is what lies ahead.
384389,There and back again.
635786,A new beginning.
299929,You had me at hello.
53050,I'll be back.
871242,Part of the journey is the end.
447175,Fight for what matters.
910786,To infinity and beyond!
32155,Mankind was born on Earth. It was never meant to die here.
79854,The Legend Ends
195925,May the Force be with you.
274646,The greatest adventure is what lies ahead.
600401,The end is near.
797297,You can't handle the truth!
292114,"Houston, we have a problem."
174200,Life is like a box of chocolates.
988507,Everything changes.
731626,Into darkness.
986589,Just when you thought it was safe to go back in the water.
197249,Collide with destiny.
946752,A Plan No One Escapes
700287,Life is like a box of chocolates.
558019,"Here's looking at you, kid."
523384,Fight for what matters.
85010,Mankind was born on Earth. It was never meant to die here.
593286,Free your mind.
225732,Just keep swimming.
642207,May the Force be with you.
507787,The Legend Ends
499944,Heroes are made.
560441,Life is like a box of chocolates.
148470,"Houston, we have a problem."
694045,A Plan No One Escapes
358499,There and back again.
237431,Just keep swimming.
579114,A Plan No One Escapes
459716,Life is like a box of chocolates.
449857,A new beginning.
864223,"Elementary, my dear Watson."
193624,The final chapter.
223174,Saving the world takes everything.
2462,One ring to rule them all.
550834,Hakuna Matata.
367443,The greatest adventure is what lies ahead.
683136,The end is near.
902881,Why so serious?
317276,Heroes are made.
963014,"A long time ago in a galaxy far, far away."
586048,Just keep swimming.
96181,Show me the money.
620038,The battle begins.
885087,Into darkness.
291653,The Legend Ends
919474,There and back again.
890580,Heroes are made.
658767,Enter the World of Pandora.
714384,There and back again.
772896,With great power comes great responsibility.
941641,The Legend Ends
476922,Just keep swimming.
366267,Saving the world takes everything.
584570,To infinity and beyond!
852457,"Elementary, my dear Watson."
386406,There and back again.
364639,"Elementary, my dear Watson."
477964,Fight for what matters.
31740,Part of the journey is the end.
668568,The final chapter.
177436,Everything changes.
479636,Into darkness.
318221,Life is like a box of chocolates.
824113,The end is near.
890713,I see dead people.
422164,Saving the world takes everything.
607280,The Legend Ends
672463,"Houston, we have a problem."
443227,Mankind was born on Earth. It was never meant to die here.
297335,The greatest adventure is what lies ahead.
136058,Fight for what matters.
189094,A Plan No One Escapes
431546,In space no one can hear you scream.
250593,Why so serious?
717463,Show me the money.
867815,Wakanda forever.
448266,"Lost in our world, found in another."
193129,Just keep swimming.
462077,Part of the journey is the end.
363744,Everything changes.
114571,Free your mind.
656498,Whatever it takes.
581769,A new beginning.
548089,Just keep swimming.
234510,With great power comes great responsibility.
24612,Into darkness.
165755,Show me the money.
363578,"Here's looking at you, kid."
862077,Saving the world takes everything.
850324,"Houston, we have a problem."
608897,"At the end of the world, the adventure begins."
760687,An unexpected journey.
59173,Wakanda forever.
129466,Mankind was born on Earth. It was never meant to die here.
611751,With great power comes great responsibility.
542094,"Go ahead, make my day."
730467,Be afraid. Be very afraid.
623179,Fight for what matters.
17163,Everything changes.
478675,You had me at hello.
432043,A Plan No One Escapes
99611,Why so serious?
459228,There and back again.
591357,"Here's looking at you, kid."
704577,Saving the world takes everything.
355855,There and back again.
625411,I am Groot.
455869,Be afraid. Be very afraid.
34473,"A long time ago in a galaxy far, far away."
539567,I am Groot.
371593,Wakanda forever.
852177,I see dead people.
846928,The battle begins.
129861,Hakuna Matata.
841876,Hakuna Matata.
931101,Wakanda forever.
713430,Whatever it takes.
205707,There and back again.
405691,One ring to rule them all.
366395,I am Iron Man.
103730,Part of the journey is the end.
747272,Everything changes.
511389,"Lost in our world, found in another."
656290,I see dead people.
569366,The battle begins.
783648,The Legend Ends
74816,"Here's looking at you, kid."
73998,The battle begins.
758896,Whatever it takes.
514591,Be afraid. Be very afraid.
438200,Mankind was born on Earth. It was never meant to die here.
752934,I see dead people.
168008,"Houston, we have a problem."
209696,You had me at hello.
711771,I'll be back.
65497,Hakuna Matata.
775519,To infinity and beyond!
325641,Collide with destiny.
486810,Wakanda forever.
192460,To infinity and beyond!
430143,You can't handle the truth!
738327,"Here's looking at you, kid."
646977,I'll be back.
872974,Life is like a box of chocolates.
623271,The Legend Ends
189261,Into darkness.
401279,"A long time ago in a galaxy far, far away."
716668,Saving the world takes everything.
668847,The greatest adventure is what lies ahead.
996388,Why so serious?
985086,"Houston, we have a problem."
598540,An unexpected journey.
250480,"Elementary, my dear Watson."
46279,"Lost in our world, found in another."
370276,Fight for what matters.
31718,An unexpected journey.
217523,Be afraid. Be very afraid.
726815,I see dead people.
261587,Into darkness.
752588,I see dead people.
300426,"Here's looking at you, kid."
493972,The final chapter.
670239,The end is near.
340721,Fight for what matters.
784216,Fight for what matters.
549228,I am Iron Man.
309549,Into darkness.
97096,The battle begins.
937591,A new beginning.
987350,There and back again.
868504,Show me the money.
109969,Hakuna Matata.
655541,The final chapter.
848810,Wakanda forever.
108926,Everything changes.
912066,"A long time ago in a galaxy far, far away."
466320,Your mind is the scene of the crime.
278541,Your mind is the scene of the crime.
314561,Mankind was born on Earth. It was never meant to die here.
563169,I am Iron Man.
106817,The greatest adventure is what lies ahead.
345834,Wakanda forever.
759263,Heroes are made.
740036,Heroes are made.
125293,"Go ahead, make my day."
677836,Enter the World of Pandora.
754588,"Here's looking at you, kid."
242875,The end is near.
536793,Be afraid. Be very afraid.
844637,The end is near.
746653,"Go ahead, make my day."
778002,"A long time ago in a galaxy far, far away."
131048,Saving the world takes everything.
633847,Show me the money.
686750,"Go ahead, make my day."
711068,May the Force be with you.
375634,The battle begins.
173181,Nothing is what it seems.
673393,The greatest adventure is what lies ahead.
510026,Collide with destiny.
497056,An unexpected journey.
930542,Free your mind.
628917,Part of the journey is the end.
202606,Life is like a box of chocolates.
791747,Beyond the horizon.
5756,I am Iron Man.
760088,I'll be back.
402587,Wakanda forever.
902723,Your mind is the scene of the crime.
467076,There and back again.
74827,"Lost in our world, found in another."
276858,The Legend Ends
580610,Heroes are made.
629154,I'll be back.
572110,"A long time ago in a galaxy far, far away."
851944,Fight for what matters.
735311,"Here's looking at you, kid."
710945,"Go ahead, make my day."
315793,Your mind is the scene of the crime.
600085,One ring to rule them all.
878313,Everything changes.
908067,Wakanda forever.
511035,I'll be back.
788713,To infinity and beyond!
951733,Enter the World of Pandora.
512251,Nothing is what it seems.
484403,Everything changes.
910004,An unexpected journey.
901610,The greatest adventure is what lies ahead.
140709,One ring to rule them all.
971904,Your mind is the scene of the crime.
70218,Collide with destiny.
429510,Hakuna Matata.
128725,Just keep swimming.
600320,Show me the money.
599365,Everything changes.
905572,The greatest adventure is what lies ahead.
592637,Hakuna Matata.
114789,To infinity and beyond!
308316,"Here's looking at you, kid."
830357,"At the end of the world, the adventure begins."
520790,"Elementary, my dear Watson."
479658,"Houston, we have a problem."
312146,I see dead people.
934738,Just when you thought it was safe to go back in the water.
463770,Free your mind.
359514,Your mind is the scene of the crime.
317635,There and back again.
799134,Enter the World of Pandora.
230472,The end is near.
775784,In space no one can hear you scream.
500007,"At the end of the world, the adventure begins."
862386,Nothing is what it seems.
328791,An unexpected journey.
903241,"Houston, we have a problem."
686061,With great power comes great responsibility.
253269,Heroes are made.
904756,With great power comes great responsibility.
649833,Your mind is the scene of the crime.
850128,You had me at hello.
639056,Everything changes.
108691,The Legend Ends
565619,A Plan No One Escapes
420374,Mankind was born on Earth. It was never meant to die here.
41579,The greatest adventure is what lies ahead.
463365,"Elementary, my dear Watson."
883109,Show me the money.
551463,May the Force be with you.
726801,The Legend Ends
76348,Wakanda forever.
988796,Into darkness.
232992,Free your mind.
500299,The greatest adventure is what lies ahead.
395709,"Elementary, my dear Watson."
573237,Your mind is the scene of the crime.
965174,"At the end of the world, the adventure begins."
192101,There and back again.
224201,You had me at hello.
78746,Beyond the horizon.
49236,"Lost in our world, found in another."
627376,In space no one can hear you scream.
849474,Fight for what matters.
522758,With great power comes great responsibility.
971331,"At the end of the world, the adventure begins."
317707,"Houston, we have a problem."
252756,Hakuna Matata.
607177,Fight for what matters.
126983,Heroes are made.
715546,Part of the journey is the end.
574351,One ring to rule them all.
330293,"Here's looking at you, kid."
813064,Free your mind.
299575,I am Groot.
87874,Show me the money.
74716,You won't know until you've seen it.
510961,In space no one can hear you scream.
894060,Mankind was born on Earth. It was never meant to die here.
470483,"Houston, we have a problem."
753644,Collide with destiny.
874387,Beyond the horizon.
840882,To infinity and beyond!
559611,The final chapter.
749078,"Go ahead, make my day."
471843,Part of the journey is the end.
965190,Whatever it takes.
769194,Show me the money.
177139,The final chapter.
386064,Fight for what matters.
390755,Saving the world takes everything.
850614,Wakanda forever.
654593,Hakuna Matata.
279967,Be afraid. Be very afraid.
266134,Hakuna Matata.
805598,"Lost in our world, found in another."
427863,With great power comes great responsibility.
555016,"Here's looking at you, kid."
969450,Be afraid. Be very afraid.
183572,I'll be back.
808343,In space no one can hear you scream.
36405,Enter the World of Pandora.
465727,You can't handle the truth!
111447,Beyond the horizon.
722378,Just when you thought it was safe to go back in the water.
702547,"Elementary, my dear Watson."
989477,In space no one can hear you scream.
322727,Why so serious?
868675,Why so serious?
76411,Beyond the horizon.
384151,Part of the journey is the end.
305999,Show me the money.
393305,Wakanda forever.
542644,Just when you thought it was safe to go back in the water.
952984,The Legend Ends
681936,Be afraid. Be very afraid.
328084,I am Groot.
877963,Collide with destiny.
865186,Mankind was born on Earth. It was never meant to die here.
181049,The final chapter.
530635,The Legend Ends
439726,"A long time ago in a galaxy far, far away."
619704,May the Force be with you.
913471,One ring to rule them all.
961855,A Plan No One Escapes
870111,Enter the World of Pandora.
435370,Mankind was born on Earth. It was never meant to die here.
250972,You can't handle the truth!
587048,Your mind is the scene of the crime.
994950,Heroes are made.
47522,In space no one can hear you scream.
481692,"Here's looking at you, kid."
748568,Why so serious?
264343,"Elementary, my dear Watson."
380601,To infinity and beyond!
595519,"At the end of the world, the adventure begins."
722457,The final chapter.
135942,Be afraid. Be very afraid.
344097,I'll be back.
634789,Why so serious?
950996,I am Iron Man.
157798,To infinity and beyond!
618356,Life is like a box of chocolates.
23812,A new beginning.
312911,Just when you thought it was safe to go back in the water.
665831,In space no one can hear you scream.
267808,The battle begins.
871154,"Houston, we have a problem."
116879,You can't handle the truth!
994906,One ring to rule them all.
276514,I am Groot.
234152,Nothing is what it seems.
603432,To infinity and beyond!
528147,Beyond the horizon.
558940,Whatever it takes.
282795,"Elementary, my dear Watson."
23926,"At the end of the world, the adventure begins."
563239,Why so serious?
413135,I am Groot.
966846,Be afraid. Be very afraid.
13739,Hakuna Matata.
169942,Nothing is what it seems.
64657,"A long time ago in a galaxy far, far away."
353941,To infinity and beyond!
528894,The battle begins.
96936,To infinity and beyond!
904132,I see dead people.
223004,"Houston, we have a problem."
644558,A new beginning.
205358,Just keep swimming.
814578,Enter the World of Pandora.
467220,In space no one can hear you scream.
832336,One ring to rule them all.
126099,Everything changes.
809078,Into darkness.
527065,Be afraid. Be very afraid.
478445,Part of the journey is the end.
352009,Show me the money.
937825,Hakuna Matata.
973464,You won't know until you've seen it.
604070,The end is near.
208931,"Lost in our world, found in another."
3481,Just when you thought it was safe to go back in the water.
625458,I am Groot.
855330,To infinity and beyond!
56662,A Plan No One Escapes
945968,I'll be back.
327482,Fight for what matters.
977712,Into darkness.
648032,I see dead people.
482479,Life is like a box of chocolates.
350092,Life is like a box of chocolates.
34832,I am Iron Man.
758353,An unexpected journey.
567984,Wakanda forever.
195840,The battle begins.
681637,Heroes are made.
1787,"At the end of the world, the adventure begins."
106230,Whatever it takes.
641194,Just keep swimming.
853506,"Elementary, my dear Watson."
495080,You can't handle the truth!
205242,Show me the money.
603247,Show me the money.
91627,"Lost in our world, found in another."
25548,Everything changes.
292018,Life is like a box of chocolates.
698468,Free your mind.
68870,You had me at hello.
188223,"Elementary, my dear Watson."
567129,"Here's looking at you, kid."
446487,The greatest adventure is what lies ahead.
179227,To infinity and beyond!
136555,The end is near.
369154,To infinity and beyond!
789456,I am Iron Man.
482587,"At the end of the world, the adventure begins."
631711,Part of the journey is the end.
693153,Beyond the horizon.
569465,Heroes are made.
926617,One ring to rule them all.
190602,I am Iron Man.
886774,Saving the world takes everything.
985459,Saving the world takes everything.
174795,The end is near.
666860,With great power comes great responsibility.
819523,You can't handle the truth!
345946,Nothing is what it seems.
63333,A Plan No One Escapes
349647,"At the end of the world, the adventure begins."
524235,With great power comes great responsibility.
536802,Beyond the horizon.
98736,You had me at hello.
826284,You can't handle the truth!
672854,Enter the World of Pandora.
523707,Saving the world takes everything.
443758,A new beginning.
571351,Part of the journey is the end.
633258,I am Iron Man.
413520,An unexpected journey.
683072,The battle begins.
393857,Just when you thought it was safe to go back in the water.
686973,You had me at hello.
228297,Nothing is what it seems.
811469,In space no one can hear you scream.
950191,To infinity and beyond!
708041,I am Iron Man.
341144,Why so serious?
665501,The Legend Ends
618669,"At the end of the world, the adventure begins."
114319,"A long time ago in a galaxy far, far away."
856504,With great power comes great responsibility.
399150,There and back again.
659700,Part of the journey is the end.
525465,Mankind was born on Earth. It was never meant to die here.
180464,The battle begins.
234619,"Elementary, my dear Watson."
265538,Nothing is what it seems.
629027,Hakuna Matata.
915119,Collide with destiny.
362079,You had me at hello.
702598,"A long time ago in a galaxy far, far away."
979755,Whatever it takes.
976208,One ring to rule them all.
832414,To infinity and beyond!
251932,Saving the world takes everything.
738250,Fight for what matters.
415193,Whatever it takes.
588030,I am Iron Man.
775757,Fight for what matters.
409347,Show me the money.
77515,You won't know until you've seen it.
426488,I am Iron Man.
953808,"Houston, we have a problem."
119025,The final chapter.
386739,Everything changes.
876447,"Go ahead, make my day."
237214,I'll be back.
893936,Wakanda forever.
808963,Whatever it takes.
685857,The end is near.
498430,One ring to rule them all.
916109,The end is near.
632378,With great power comes great responsibility.
152165,Your mind is the scene of the crime.
81586,The end is near.
37528,Heroes are made.
383912,Hakuna Matata.
516289,Just keep swimming.
60640,Why so serious?
151238,The Legend Ends
24404,I'll be back.
862029,Everything changes.
59393,Fight for what matters.
53858,Fight for what matters.
81330,A Plan No One Escapes
75281,"A long time ago in a galaxy far, far away."
285,Saving the world takes everything.
532070,Free your mind.
960155,"Houston, we have a problem."
747095,Your mind is the scene of the crime.
489084,Your mind is the scene of the crime.
255292,The Legend Ends
624386,Why so serious?
221665,Just keep swimming.
839970,The final chapter.
257732,I see dead people.
470295,The final chapter.
58112,"Here's looking at you, kid."
972479,Wakanda forever.
188800,"Here's looking at you, kid."
191441,The Legend Ends
881391,There and back again.
916403,The greatest adventure is what lies ahead.
986008,With great power comes great responsibility.
50617,A Plan No One Escapes
808733,Why so serious?
141473,"Elementary, my dear Watson."
151472,I see dead people.
559478,Just keep swimming.
819455,Into darkness.
912248,"Lost in our world, found in another."
300432,"Houston, we have a problem."
586116,Show me the money.
378299,I see dead people.
186137,"Here's looking at you, kid."
716247,Free your mind.
818397,Mankind was born on Earth. It was never meant to die here.
1519,Just keep swimming.
110627,I'll be back.
437968,Just keep swimming.
381364,"Elementary, my dear Watson."
582705,I am Groot.
883016,To infinity and beyond!
886277,"Elementary, my dear Watson."
697649,"Houston, we have a problem."
192014,Just when you thought it was safe to go back in the water.
336240,I am Groot.
86953,A new beginning.
8787,"Go ahead, make my day."
565347,The end is near.
430966,I am Iron Man.
697493,Part of the journey is the end.
610303,Beyond the horizon.
79103,You can't handle the truth!
376211,Free your mind.
293825,I'll be back.
443876,A Plan No One Escapes
922160,Wakanda forever.
9293,Life is like a box of chocolates.
8090,I see dead people.
669790,You can't handle the truth!
532989,The final chapter.
102930,I am Iron Man.
777028,Show me the money.
911415,"Houston, we have a problem."
427726,I'll be back.
468418,Be afraid. Be very afraid.
863353,Be afraid. Be very afraid.
63232,Into darkness.
145602,The final chapter.
876842,Your mind is the scene of the crime.
957491,To infinity and beyond!
700829,"Here's looking at you, kid."
22862,In space no one can hear you scream.
570656,I'll be back.
360309,Enter the World of Pandora.
274691,"Lost in our world, found in another."
87076,Enter the World of Pandora.
193897,"Go ahead, make my day."
155169,"A long time ago in a galaxy far, far away."
537493,I am Groot.
136371,The battle begins.
849003,"A long time ago in a galaxy far, far away."
360470,Enter the World of Pandora.
829815,"Here's looking at you, kid."
325854,"At the end of the world, the adventure begins."
908420,Beyond the horizon.
378695,An unexpected journey.
426983,May the Force be with you.
712418,The end is near.
649954,Enter the World of Pandora.
518180,Whatever it takes.
941922,Mankind was born on Earth. It was never meant to die here.
146817,"At the end of the world, the adventure begins."
34885,The greatest adventure is what lies ahead.
478060,The final chapter.
640081,I am Groot.
3826,Saving the world takes everything.
446600,An unexpected journey.
564187,An unexpected journey.
687055,Whatever it takes.
737073,Part of the journey is the end.
609828,Your mind is the scene of the crime.
613765,Show me the money.
365547,Be afraid. Be very afraid.
354665,In space no one can hear you scream.
222029,One ring to rule them all.
51632,Wakanda forever.
364582,I am Groot.
196474,One ring to rule them all.
91556,Wakanda forever.
716727,"Here's looking at you, kid."
915840,"At the end of the world, the adventure begins."
417491,Free your mind.
328989,Why so serious?
515175,Just keep swimming.
170507,One ring to rule them all.
488516,"Houston, we have a problem."
127716,Be afraid. Be very afraid.
965116,I am Groot.
957370,There and back again.
126616,I see dead people.
612831,Life is like a box of chocolates.
130436,Why so serious?
295575,The battle begins.
943306,Fight for what matters.
955017,Show me the money.
784068,Wakanda forever.
182289,Be afraid. Be very afraid.
249657,A Plan No One Escapes
589817,The end is near.
930724,"A long time ago in a galaxy far, far away."
279225,"A long time ago in a galaxy far, far away."
542548,Saving the world takes everything.
250764,"Here's looking at you, kid."
409506,Be afraid. Be very afraid.
448336,Heroes are made.
128818,Life is like a box of chocolates.
322803,Enter the World of Pandora.
876470,A Plan No One Escapes
536156,"Houston, we have a problem."
51433,Free your mind.
776693,One ring to rule them all.
569658,There and back again.
552031,A Plan No One Escapes
756428,"Elementary, my dear Watson."
702549,"Go ahead, make my day."
713393,Show me the money.
553542,Saving the world takes everything.
986127,Wakanda forever.
828376,You had me at hello.
362892,Into darkness.
503433,"Elementary, my dear Watson."
634238,Just keep swimming.
850504,Whatever it takes.
288425,I am Iron Man.
324255,Fight for what matters.
712996,Why so serious?
620771,Heroes are made.
219104,To infinity and beyond!
465131,Heroes are made.
648702,Everything changes.
88856,Mankind was born on Earth. It was never meant to die here.
11221,Fight for what matters.
795521,In space no one can hear you scream.
355717,Enter the World of Pandora.
752198,Wakanda forever.
299765,Life is like a box of chocolates.
252703,There and back again.
755819,You won't know until you've seen it.
415313,"Lost in our world, found in another."
411693,Saving the world takes everything.
225452,Nothing is what it seems.
431920,The battle begins.
468123,I'll be back.
681894,There and back again.
531238,The battle begins.
6524,Life is like a box of chocolates.
984506,Everything changes.
821196,Nothing is what it seems.
831570,Be afraid. Be very afraid.
823654,"Go ahead, make my day."
220172,In space no one can hear you scream.
571600,Why so serious?
701234,One ring to rule them all.
797619,Free your mind.
50882,Free your mind.
336133,The end is near.
323447,Whatever it takes.
854564,"Go ahead, make my day."
936158,Fight for what matters.
980528,Just keep swimming.
120292,The final chapter.
71592,Beyond the horizon.
32001,"Elementary, my dear Watson."
972986,Into darkness.
893857,A Plan No One Escapes
449662,Free your mind.
129141,Your mind is the scene of the crime.
462482,"Houston, we have a problem."
693172,Nothing is what it seems.
144462,Hakuna Matata.
649301,The Legend Ends
408742,The Legend Ends
326436,Mankind was born on Earth. It was never meant to die here.
686179,Whatever it takes.
318702,I am Iron Man.
736423,I am Groot.
430871,Mankind was born on Earth. It was never meant to die here.
986313,To infinity and beyond!
137127,Wakanda forever.
114818,Mankind was born on Earth. It was never meant to die here.
256366,Beyond the horizon.
689528,I'll be back.
208591,I'll be back.
148466,The end is near.
847158,The end is near.
840854,The end is near.
764109,Into darkness.
984015,You can't handle the truth!
651856,Saving the world takes everything.
918839,The end is near.
773341,I am Groot.
48458,Everything changes.
773109,Life is like a box of chocolates.
309086,You had me at hello.
807402,Fight for what matters.
805018,A Plan No One Escapes
368707,"Lost in our world, found in another."
883569,Beyond the horizon.
770847,Beyond the horizon.
168253,Show me the money.
875764,Free your mind.
935409,Wakanda forever.
186287,The battle begins.
781154,Part of the journey is the end.
718117,Wakanda forever.
389228,"At the end of the world, the adventure begins."
696868,Saving the world takes everything.
618741,I see dead people.
476700,I am Groot.
296949,The battle begins.
443782,You won't know until you've seen it.
941942,A Plan No One Escapes
569070,Nothing is what it seems.
836861,Beyond the horizon.
299123,A Plan No One Escapes
455416,Saving the world takes everything.
965502,Fight for what matters.
541910,Your mind is the scene of the crime.
885348,Hakuna Matata.
438832,Be afraid. Be very afraid.
570313,Into darkness.
907802,I am Groot.
241670,"Houston, we have a problem."
859965,You can't handle the truth!
870442,Hakuna Matata.
715652,I see dead people.
596983,Everything changes.
560653,"A long time ago in a galaxy far, far away."
359343,"Here's looking at you, kid."
675361,Whatever it takes.
856360,Mankind was born on Earth. It was never meant to die here.
332293,I see dead people.
785464,An unexpected journey.
889284,Be afraid. Be very afraid.
239414,The Legend Ends
371379,"At the end of the world, the adventure begins."
133930,"Lost in our world, found in another."
227475,Part of the journey is the end.
513650,"Houston, we have a problem."
50932,The Legend Ends
992791,Be afraid. Be very afraid.
611927,With great power comes great responsibility.
265235,Your mind is the scene of the crime.
376279,You can't handle the truth!
599806,Part of the journey is the end.
662267,The battle begins.
829367,Your mind is the scene of the crime.
440429,"A long time ago in a galaxy far, far away."
999242,Everything changes.
716171,Into darkness.
266414,There and back again.
781867,Whatever it takes.
539967,The greatest adventure is what lies ahead.
410805,Saving the world takes everything.
246819,There and back again.
650357,You won't know until you've seen it.
548957,Beyond the horizon.
664130,You won't know until you've seen it.
500766,An unexpected journey.
114682,The Legend Ends
437743,Be afraid. Be very afraid.
857997,I am Groot.
955120,"Here's looking at you, kid."
513601,To infinity and beyond!
12922,Everything changes.
623885,May the Force be with you.
78243,Wakanda forever.
261697,Enter the World of Pandora.
893735,The final chapter.
482717,Just when you thought it was safe to go back in the water.
481051,I see dead people.
387208,Wakanda forever.
753143,The battle begins.
470890,One ring to rule them all.
436402,"Elementary, my dear Watson."
624674,In space no one can hear you scream.
912838,There and back again.
995387,"Lost in our world, found in another."
665588,You won't know until you've seen it.
771909,Show me the money.
80256,I am Groot.
682245,Just when you thought it was safe to go back in the water.
545009,Everything changes.
493923,I am Iron Man.
975381,Nothing is what it seems.
578214,"Houston, we have a problem."
683514,I am Groot.
784532,Wakanda forever.
27531,The Legend Ends
138655,One ring to rule them all.
834809,"Go ahead, make my day."
762777,An unexpected journey.
134070,Saving the world takes everything.
708690,Nothing is what it seems.
997091,Saving the world takes everything.
998307,The end is near.
496811,Just when you thought it was safe to go back in the water.
782053,Your mind is the scene of the crime.
753719,Beyond the horizon.
815743,A new beginning.
146416,Enter the World of Pandora.
958235,Saving the world takes everything.
638622,A Plan No One Escapes
962805,Collide with destiny.
990932,Saving the world takes everything.
35026,Just keep swimming.
22385,Just keep swimming.
468058,Free your mind.
933338,A Plan No One Escapes
311582,May the Force be with you.
314180,"A long time ago in a galaxy far, far away."
122074,"Go ahead, make my day."
554864,"A long time ago in a galaxy far, far away."
85370,Just when you thought it was safe to go back in the water.
391833,You had me at hello.
7445,The greatest adventure is what lies ahead.
637794,One ring to rule them all.
489251,You had me at hello.
728117,The end is near.
501978,You can't handle the truth!
302882,Part of the journey is the end.
53988,An unexpected journey.
314952,I am Iron Man.
453503,The greatest adventure is what lies ahead.
598676,Your mind is the scene of the crime.
533849,"Go ahead, make my day."
661801,Fight for what matters.
430470,Hakuna Matata.
526529,An unexpected journey.
33350,Fight for what matters.
359200,In space no one can hear you scream.
196992,"Elementary, my dear Watson."
281034,Just when you thought it was safe to go back in the water.
493610,Nothing is what it seems.
723575,Show me the money.
509250,"At the end of the world, the adventure begins."
25023,An unexpected journey.
378095,An unexpected journey.
414168,I am Groot.
43936,Free your mind.
857469,An unexpected journey.
613867,Enter the World of Pandora.
496445,The Legend Ends
598655,"At the end of the world, the adventure begins."
934948,Just when you thought it was safe to go back in the water.
289805,The final chapter.
156493,Mankind was born on Earth. It was never meant to die here.
11069,Your mind is the scene of the crime.
823495,You can't handle the truth!
246747,You had me at hello.
241139,The final chapter.
636416,The battle begins.
577048,The final chapter.
277771,One ring to rule them all.
547928,You had me at hello.
480267,Saving the world takes everything.
524014,I am Groot.
20259,The greatest adventure is what lies ahead.
668106,Enter the World of Pandora.
13721,Just when you thought it was safe to go back in the water.
703056,Why so serious?
213912,Life is like a box of chocolates.
714272,You won't know until you've seen it.
638514,The greatest adventure is what lies ahead.
577277,"A long time ago in a galaxy far, far away."
542621,In space no one can hear you scream.
263587,You can't handle the truth!
597866,You had me at hello.
56418,Why so serious?
177496,Just when you thought it was safe to go back in the water.
364171,I'll be back.
785655,Whatever it takes.
33386,"Houston, we have a problem."
596786,"Go ahead, make my day."
93145,Be afraid. Be very afraid.
470845,Your mind is the scene of the crime.
797812,Part of the journey is the end.
579281,"Houston, we have a problem."
79779,Show me the money.
841595,I'll be back.
688492,"Houston, we have a problem."
901496,With great power comes great responsibility.
142496,I'll be back.
734493,"Elementary, my dear Watson."
442556,In space no one can hear you scream.
968813,Collide with destiny.
951028,Free your mind.
48911,You had me at hello.
789135,To infinity and beyond!
472368,You won't know until you've seen it.
381553,Your mind is the scene of the crime.
431152,Everything changes.
947889,There and back again.
728740,Why so serious?
615298,I see dead people.
168163,Mankind was born on Earth. It was never meant to die here.
139134,One ring to rule them all.
348472,I see dead people.
115631,May the Force be with you.
286259,"Lost in our world, found in another."
932311,Why so serious?
757714,"Here's looking at you, kid."
493417,Part of the journey is the end.
76492,With great power comes great responsibility.
602643,Into darkness.
867759,Why so serious?
557748,"A long time ago in a galaxy far, far away."
361208,To infinity and beyond!
696285,Saving the world takes everything.
611706,The end is near.
847298,"Go ahead, make my day."
800341,Hakuna Matata.
354296,Collide with destiny.
622613,You can't handle the truth!
430439,"Here's looking at you, kid."
226161,I see dead people.
580283,Enter the World of Pandora.
445623,Beyond the horizon.
28253,A Plan No One Escapes
788433,Your mind is the scene of the crime.
640189,Why so serious?
766598,"Houston, we have a problem."
365122,"At the end of the world, the adventure begins."
117645,"At the end of the world, the adventure begins."
844347,I am Iron Man.
514753,The greatest adventure is what lies ahead.
904758,Just keep swimming.
725560,A Plan No One Escapes
985805,"Lost in our world, found in another."
739044,Your mind is the scene of the crime.
813352,"At the end of the world, the adventure begins."
427592,Be afraid. Be very afraid.
21719,The Legend Ends
48859,Life is like a box of chocolates.
469529,Collide with destiny.
674879,"Houston, we have a problem."
982119,"Go ahead, make my day."
848259,Whatever it takes.
670349,Part of the journey is the end.
566884,The battle begins.
999632,Enter the World of Pandora.
584082,A new beginning.
700154,Wakanda forever.
459167,Just keep swimming.
625199,Part of the journey is the end.
537112,There and back again.
795400,Part of the journey is the end.
593476,With great power comes great responsibility.
211745,Be afraid. Be very afraid.
838268,Life is like a box of chocolates.
722178,Show me the money.
258043,The end is near.
299893,Just when you thought it was safe to go back in the water.
681598,To infinity and beyond!
582532,Collide with destiny.
149229,Into darkness.
444996,I'll be back.
818402,Your mind is the scene of the crime.
868631,To infinity and beyond!
100084,A new beginning.
738949,Life is like a box of chocolates.
21278,Part of the journey is the end.
307573,There and back again.
609811,The Legend Ends
270586,Nothing is what it seems.
173494,"A long time ago in a galaxy far, far away."
308568,"At the end of the world, the adventure begins."
425557,"Elementary, my dear Watson."
96107,Hakuna Matata.
818390,You won't know until you've seen it.
452728,Collide with destiny.
833843,Whatever it takes.
651883,I am Iron Man.
367665,Be afraid. Be very afraid.
654787,Just keep swimming.
873677,"At the end of the world, the adventure begins."
922164,I see dead people.
281980,Life is like a box of chocolates.
431351,"Houston, we have a problem."
887262,In space no one can hear you scream.
328592,Be afraid. Be very afraid.
746966,"Lost in our world, found in another."
692315,The battle begins.
498915,I see dead people.
952023,Beyond the horizon.
366491,"Houston, we have a problem."
341783,I am Groot.
315955,A Plan No One Escapes
40876,You can't handle the truth!
212264,"Lost in our world, found in another."
83598,May the Force be with you.
328823,Why so serious?
96724,Everything changes.
42920,Part of the journey is the end.
168579,One ring to rule them all.
38340,Collide with destiny.
401717,Fight for what matters.
903466,There and back again.
192761,"Houston, we have a problem."
869148,Whatever it takes.
919875,The end is near.
14535,I'll be back.
611285,Just when you thought it was safe to go back in the water.
535368,Saving the world takes everything.
134690,Show me the money.
867353,May the Force be with you.
632393,With great power comes great responsibility.
132090,Show me the money.
826840,Beyond the horizon.
128694,I am Iron Man.
915826,"A long time ago in a galaxy far, far away."
538957,Wakanda forever.
460727,One ring to rule them all.
378156,Just when you thought it was safe to go back in the water.
426294,I see dead people.
628885,"Here's looking at you, kid."
935668,Just when you thought it was safe to go back in the water.
256802,I am Iron Man.
569528,An unexpected journey.
657491,Just when you thought it was safe to go back in the water.
619486,The end is near.
593377,"Lost in our world, found in another."
899463,Nothing is what it seems.
658933,Why so serious?
906038,A Plan No One Escapes
840889,Saving the world takes everything.
733945,The Legend Ends
660987,May the Force be with you.
30883,You can't handle the truth!
308963,With great power comes great responsibility.
155696,I'll be back.
424492,Everything changes.
446620,"Go ahead, make my day."
510850,To infinity and beyond!
286993,Collide with destiny.
881327,Why so serious?
380781,"Go ahead, make my day."
992459,"Go ahead, make my day."
618150,One ring to rule them all.
614846,Into darkness.
937894,Hakuna Matata.
595611,Beyond the horizon.
54939,"Here's looking at you, kid."
313124,Mankind was born on Earth. It was never meant to die here.
888363,Free your mind.
166393,"Go ahead, make my day."
682798,Wakanda forever.
940504,There and back again.
908901,Show me the money.
83641,A new beginning.
976929,One ring to rule them all.
627496,Collide with destiny.
751129,One ring to rule them all.
418347,I see dead people.
529671,Your mind is the scene of the crime.
189153,The battle begins.
288275,Just when you thought it was safe to go back in the water.
839535,Why so serious?
420345,Be afraid. Be very afraid.
814830,Be afraid. Be very afraid.
888265,Show me the money.
380126,A Plan No One Escapes
773845,A Plan No One Escapes
564699,I am Groot.
210012,Part of the journey is the end.
329366,You had me at hello.
363294,"Houston, we have a problem."
184121,Beyond the horizon.
460761,Enter the World of Pandora.
716552,To infinity and beyond!
986139,There and back again.
764165,A Plan No One Escapes
633727,Be afraid. Be very afraid.
551057,Part of the journey is the end.
166827,Heroes are made.
583764,Saving the world takes everything.
765266,Show me the money.
548172,Hakuna Matata.
846545,Heroes are made.
260754,One ring to rule them all.
255864,Into darkness.
447433,I am Groot.
375536,Mankind was born on Earth. It was never meant to die here.
987723,Life is like a box of chocolates.
774732,You can't handle the truth!
334200,Beyond the horizon.
133944,Your mind is the scene of the crime.
255542,"At the end of the world, the adventure begins."
470983,Wakanda forever.
107453,You can't handle the truth!
734772,In space no one can hear you scream.
204202,I am Groot.
988805,Free your mind.
959747,With great power comes great responsibility.
78078,Life is like a box of chocolates.
631836,Why so serious?
632103,May the Force be with you.
568301,I see dead people.
859562,"At the end of the world, the adventure begins."
916657,A new beginning.
359576,May the Force be with you.
721270,Collide with destiny.
63827,A Plan No One Escapes
677464,There and back again.
100690,A new beginning.
741172,In space no one can hear you scream.
429857,Saving the world takes everything.
986642,A Plan No One Escapes
249422,May the Force be with you.
493327,Just when you thought it was safe to go back in the water.
393994,"At the end of the world, the adventure begins."
225031,Heroes are made.
835583,"Here's looking at you, kid."
6398,"Houston, we have a problem."
765607,The end is near.
188838,I see dead people.
16192,Fight for what matters.
368303,Hakuna Matata.
657088,Enter the World of Pandora.
352111,Enter the World of Pandora.
842585,One ring to rule them all.
711818,I'll be back.
205439,Your mind is the scene of the crime.
140237,Your mind is the scene of the crime.
663085,Why so serious?
941016,May the Force be with you.
460546,Free your mind.
182400,I am Groot.
684983,In space no one can hear you scream.
582850,Wakanda forever.
393867,You won't know until you've seen it.
241036,A Plan No One Escapes
436703,A new beginning.
576645,Why so serious?
914857,You can't handle the truth!
631259,The end is near.
878065,You had me at hello.
293424,Heroes are made.
478241,I see dead people.
702460,A Plan No One Escapes
853676,Enter the World of Pandora.
811108,"Lost in our world, found in another."
469981,"A long time ago in a galaxy far, far away."
104764,The Legend Ends
104997,I'll be back.
790107,Part of the journey is the end.
984650,Mankind was born on Earth. It was never meant to die here.
259430,Just when you thought it was safe to go back in the water.
973224,Enter the World of Pandora.
449943,The greatest adventure is what lies ahead.
574185,A new beginning.
480760,Nothing is what it seems.
939096,Life is like a box of chocolates.
477480,Why so serious?
897842,"A long time ago in a galaxy far, far away."
633322,"Lost in our world, found in another."
582044,"At the end of the world, the adventure begins."
397778,Whatever it takes.
500267,Nothing is what it seems.
142024,Be afraid. Be very afraid.
196048,Into darkness.
969233,The end is near.
293044,Mankind was born on Earth. It was never meant to die here.
911566,Part of the journey is the end.
764177,Your mind is the scene of the crime.
273400,I'll be back.
242248,"Elementary, my dear Watson."
850616,"Elementary, my dear Watson."
379075,Saving the world takes everything.
346009,An unexpected journey.
921703,You had me at hello.
577893,Whatever it takes.
760514,Whatever it takes.
755616,I am Iron Man.
740327,An unexpected journey.
859712,"Lost in our world, found in another."
648698,Whatever it takes.
78092,You can't handle the truth!
686620,Just when you thought it was safe to go back in the water.
26806,Mankind was born on Earth. It was never meant to die here.
819585,You can't handle the truth!
176771,I'll be back.
737773,The greatest adventure is what lies ahead.
448292,Whatever it takes.
684599,You can't handle the truth!
977860,The Legend Ends
121707,In space no one can hear you scream.
622811,You won't know until you've seen it.
250625,Just when you thought it was safe to go back in the water.
499923,Into darkness.
379807,Why so serious?
296628,Nothing is what it seems.
504035,Wakanda forever.
589373,With great power comes great responsibility.
790284,Part of the journey is the end.
474375,Beyond the horizon.
900069,Fight for what matters.
957253,The battle begins.
800560,A Plan No One Escapes
322243,Whatever it takes.
941524,Whatever it takes.
346556,Fight for what matters.
290473,I see dead people.
832897,One ring to rule them all.
142062,You had me at hello.
128402,Collide with destiny.
748961,In space no one can hear you scream.
472585,The final chapter.
258434,A new beginning.
615497,Part of the journey is the end.
319253,The end is near.
771795,The end is near.
667360,Saving the world takes everything.
785470,Into darkness.
72853,I am Groot.
720766,Collide with destiny.
218136,Enter the World of Pandora.
689844,Hakuna Matata.
849101,"At the end of the world, the adventure begins."
853619,Just when you thought it was safe to go back in the water.
693963,Enter the World of Pandora.
657028,The final chapter.
127286,The Legend Ends
401140,The greatest adventure is what lies ahead.
408748,The end is near.
938401,You won't know until you've seen it.
304121,The Legend Ends
171897,With great power comes great responsibility.
561345,Show me the money.
673381,Nothing is what it seems.
808721,"Here's looking at you, kid."
730099,Whatever it takes.
681917,Into darkness.
448188,Heroes are made.
156365,I see dead people.
572536,I am Iron Man.
546445,Just when you thought it was safe to go back in the water.
978635,The final chapter.
775743,The end is near.
251497,I see dead people.
820306,With great power comes great responsibility.
881330,You won't know until you've seen it.
704860,I am Groot.
724828,"At the end of the world, the adventure begins."
589841,A new beginning.
458761,The Legend Ends
274011,You had me at hello.
167771,Hakuna Matata.
12392,Hakuna Matata.
399997,I see dead people.
622303,A Plan No One Escapes
454864,I am Groot.
254665,The greatest adventure is what lies ahead.
210544,"A long time ago in a galaxy far, far away."
263827,To infinity and beyond!
468877,I am Groot.
557448,You won't know until you've seen it.
899161,An unexpected journey.
686690,Heroes are made.
753058,"Lost in our world, found in another."
538375,"Go ahead, make my day."
997672,A new beginning.
636109,The Legend Ends
295673,I am Groot.
600082,Heroes are made.
679986,The final chapter.
261529,A Plan No One Escapes
771034,Fight for what matters.
41020,Be afraid. Be very afraid.
580298,Fight for what matters.
530978,There and back again.
205132,The battle begins.
642969,"Houston, we have a problem."
994185,With great power comes great responsibility.
91359,The final chapter.
827091,"Elementary, my dear Watson."
437983,To infinity and beyond!
306103,An unexpected journey.
805019,"Lost in our world, found in another."
107861,Everything changes.
771605,Just keep swimming.
571300,Free your mind.
82840,Nothing is what it seems.
953017,You had me at hello.
578694,Collide with destiny.
907066,Collide with destiny.
253478,Be afraid. Be very afraid.
808825,You had me at hello.
940421,Whatever it takes.
687457,I see dead people.
558196,Life is like a box of chocolates.
682071,"Go ahead, make my day."
418691,Heroes are made.
280834,The Legend Ends
517559,Saving the world takes everything.
330847,Part of the journey is the end.
429235,Everything changes.
568777,With great power comes great responsibility.
41249,There and back again.
163828,Life is like a box of chocolates.
819749,You can't handle the truth!
739726,I am Iron Man.
630845,I see dead people.
267567,Free your mind.
582258,You had me at hello.
648295,One ring to rule them all.
826594,A Plan No One Escapes
916422,Free your mind.
296353,To infinity and beyond!
370766,Wakanda forever.
701424,You can't handle the truth!
188600,One ring to rule them all.
587928,"Lost in our world, found in another."
247403,Enter the World of Pandora.
69511,"Here's looking at you, kid."
914564,Why so serious?
624270,I see dead people.
643130,Your mind is the scene of the crime.
640540,I am Iron Man.
607126,Just keep swimming.
192774,You won't know until you've seen it.
863163,A Plan No One Escapes
639007,Show me the money.
832659,Whatever it takes.
60183,Wakanda forever.
165436,The battle begins.
663995,Why so serious?
356817,Hakuna Matata.
109943,Be afraid. Be very afraid.
640751,I'll be back.
842023,"Elementary, my dear Watson."
962649,A new beginning.
138543,A Plan No One Escapes
17337,The greatest adventure is what lies ahead.
922001,Wakanda forever.
498459,I'll be back.
138462,To infinity and beyond!
885562,The final chapter.
112907,Why so serious?
931196,Whatever it takes.
452699,Wakanda forever.
149404,You can't handle the truth!
446825,Beyond the horizon.
762473,Into darkness.
989209,Just when you thought it was safe to go back in the water.
475814,I am Groot.
199712,Beyond the horizon.
101116,You can't handle the truth!
92768,Part of the journey is the end.
320934,Life is like a box of chocolates.
142578,Why so serious?
510326,Everything changes.
98423,To infinity and beyond!
73414,Why so serious?
632340,A Plan No One Escapes
381745,Hakuna Matata.
449474,One ring to rule them all.
330076,"A long time ago in a galaxy far, far away."
687037,Wakanda forever.
998470,Wakanda forever.
364771,I see dead people.
169582,May the Force be with you.
722973,The greatest adventure is what lies ahead.
973951,I am Iron Man.
416149,I am Groot.
645614,You can't handle the truth!
220603,The greatest adventure is what lies ahead.
354195,Nothing is what it seems.
347064,"Here's looking at you, kid."
634461,I am Iron Man.
729518,The end is near.
937452,Collide with destiny.
106184,May the Force be with you.
182347,Saving the world takes everything.
919463,"Elementary, my dear Watson."
637209,Mankind was born on Earth. It was never meant to die here.
89563,Heroes are made.
280769,Just keep swimming.
126186,"Houston, we have a problem."
28204,I'll be back.
933465,"Here's looking at you, kid."
509281,Fight for what matters.
884855,Saving the world takes everything.
318879,An unexpected journey.
103783,Hakuna Matata.
431113,"Elementary, my dear Watson."
142133,"At the end of the world, the adventure begins."
609234,Enter the World of Pandora.
784334,I am Iron Man.
935908,One ring to rule them all.
342478,"Go ahead, make my day."
604176,"A long time ago in a galaxy far, far away."
461428,The final chapter.
377540,Saving the world takes everything.
561988,Enter the World of Pandora.
638713,In space no one can hear you scream.
725278,I see dead people.
314311,Why so serious?
45776,The battle begins.
257569,Enter the World of Pandora.
799023,I see dead people.
786892,Mankind was born on Earth. It was never meant to die here.
597202,You can't handle the truth!
956071,The battle begins.
648565,Fight for what matters.
525601,A Plan No One Escapes
727002,The end is near.
398406,Beyond the horizon.
992354,A Plan No One Escapes
756414,Just keep swimming.
895042,Collide with destiny.
646294,I'll be back.
242198,Life is like a box of chocolates.
434966,One ring to rule them all.
288921,Enter the World of Pandora.
525905,You had me at hello.
201868,Collide with destiny.
693018,You won't know until you've seen it.
997102,Just when you thought it was safe to go back in the water.
41164,Why so serious?
433369,You won't know until you've seen it.
918775,I am Iron Man.
539169,Heroes are made.
72564,"Go ahead, make my day."
283218,"Go ahead, make my day."
14810,May the Force be with you.
264187,In space no one can hear you scream.
388149,Fight for what matters.
284650,The end is near.
273206,Into darkness.
95122,I am Iron Man.
249962,Be afraid. Be very afraid.
871359,Mankind was born on Earth. It was never meant to die here.
827654,The final chapter.
726572,I am Groot.
835020,I am Iron Man.
520839,To infinity and beyond!
636635,I am Groot.
484165,Just keep swimming.
657069,Be afraid. Be very afraid.
491625,The end is near.
786881,I am Groot.
639866,One ring to rule them all.
769315,The final chapter.
887428,Beyond the horizon.
865806,Into darkness.
28063,Show me the money.
966591,Your mind is the scene of the crime.
369244,"Elementary, my dear Watson."
712474,"At the end of the world, the adventure begins."
282311,Beyond the horizon.
69503,There and back again.
607583,Saving the world takes everything.
234636,You had me at hello.
157086,In space no one can hear you scream.
912195,Saving the world takes everything.
90759,Be afraid. Be very afraid.
401259,One ring to rule them all.
53810,Into darkness.
472508,A Plan No One Escapes
9195,You won't know until you've seen it.
225082,"Go ahead, make my day."
625874,One ring to rule them all.
17347,Why so serious?
594727,In space no one can hear you scream.
605143,The end is near.
777035,Just keep swimming.
936783,Show me the money.
330036,Everything changes.
962076,There and back again.
148219,Into darkness.
779516,Whatever it takes.
129392,I am Iron Man.
193626,Beyond the horizon.
390115,Free your mind.
209361,An unexpected journey.
171322,I see dead people.
582214,Mankind was born on Earth. It was never meant to die here.
38015,The Legend Ends
651138,Hakuna Matata.
341410,Part of the journey is the end.
746302,May the Force be with you.
231506,The final chapter.
99130,Whatever it takes.
363392,Show me the money.
896841,Just keep swimming.
985056,I am Groot.
577677,There and back again.
339180,A Plan No One Escapes
327887,Free your mind.
652206,You won't know until you've seen it.
83049,Free your mind.
511005,Nothing is what it seems.
794474,Why so serious?
307678,"Elementary, my dear Watson."
602670,Collide with destiny.
528505,Be afraid. Be very afraid.
633574,Why so serious?
902795,With great power comes great responsibility.
339587,Enter the World of Pandora.
545764,Collide with destiny.
981223,I'll be back.
485367,One ring to rule them all.
955110,Why so serious?
769589,"A long time ago in a galaxy far, far away."
629088,Just when you thought it was safe to go back in the water.
862233,Life is like a box of chocolates.
520871,Fight for what matters.
335315,"Here's looking at you, kid."
405581,I see dead people.
476817,Heroes are made.
288884,"A long time ago in a galaxy far, far away."
960993,Just when you thought it was safe to go back in the water.
16347,Saving the world takes everything.
702736,Why so serious?
250681,"Here's looking at you, kid."
39807,Be afraid. Be very afraid.
368509,Why so serious?
360024,Saving the world takes everything.
248975,Free your mind.
863457,Everything changes.
29135,Heroes are made.
361545,The final chapter.
238562,Part of the journey is the end.
975812,Why so serious?
628845,Be afraid. Be very afraid.
400757,There and back again.
255156,An unexpected journey.
449816,"Elementary, my dear Watson."
103277,"At the end of the world, the adventure begins."
593846,The final chapter.
320483,Everything changes.
96731,Beyond the horizon.
161628,In space no one can hear you scream.
322355,Saving the world takes everything.
758176,Why so serious?
376346,Life is like a box of chocolates.
937525,Be afraid. Be very afraid.
216608,Life is like a box of chocolates.
364510,Just when you thought it was safe to go back in the water.
783805,Into darkness.
924130,You won't know until you've seen it.
956209,A Plan No One Escapes
277362,Everything changes.
447243,You had me at hello.
366679,A new beginning.
331544,Enter the World of Pandora.
98042,Just when you thought it was safe to go back in the water.
274663,Nothing is what it seems.
600168,Why so serious?
565598,Into darkness.
587419,"Lost in our world, found in another."
429417,You can't handle the truth!
742782,You won't know until you've seen it.
105330,Part of the journey is the end.
905604,Into darkness.
110225,Be afraid. Be very afraid.
18968,You had me at hello.
927159,You can't handle the truth!
509740,In space no one can hear you scream.
889766,A Plan No One Escapes
364665,"Go ahead, make my day."
495765,Fight for what matters.
443013,Enter the World of Pandora.
710631,I am Groot.
174705,The greatest adventure is what lies ahead.
991910,Wakanda forever.
412974,A new beginning.
155975,One ring to rule them all.
633885,May the Force be with you.
370617,To infinity and beyond!
877665,Beyond the horizon.
947529,"Go ahead, make my day."
424692,With great power comes great responsibility.
329876,In space no one can hear you scream.
682919,I am Groot.
755342,The Legend Ends
427347,Just keep swimming.
838209,"Go ahead, make my day."
969432,Enter the World of Pandora.
95687,Your mind is the scene of the crime.
123367,To infinity and beyond!
225749,Everything changes.
290214,Fight for what matters.
232289,You won't know until you've seen it.
884378,To infinity and beyond!
311577,"Elementary, my dear Watson."
675261,You had me at hello.
652800,One ring to rule them all.
561749,Show me the money.
994320,You can't handle the truth!
406008,Heroes are made.
748275,I am Groot.
415501,"Elementary, my dear Watson."
267101,You won't know until you've seen it.
237159,Show me the money.
360194,Just when you thought it was safe to go back in the water.
224979,A new beginning.
881032,"At the end of the world, the adventure begins."
458556,Hakuna Matata.
119925,Fight for what matters.
244912,Enter the World of Pandora.
871533,In space no one can hear you scream.
917879,The greatest adventure is what lies ahead.
797567,With great power comes great responsibility.
485645,I'll be back.
915336,Part of the journey is the end.
393348,"Elementary, my dear Watson."
57659,Into darkness.
347171,The final chapter.
570129,Collide with destiny.
177077,With great power comes great responsibility.
322384,One ring to rule them all.
47428,Whatever it takes.
165637,Into darkness.
525374,To infinity and beyond!
272395,The Legend Ends
992172,"Here's looking at you, kid."
361039,The Legend Ends
175772,Free your mind.
975598,Saving the world takes everything.
879621,Collide with destiny.
38186,Fight for what matters.
431210,A new beginning.
810234,The Legend Ends
722018,Your mind is the scene of the crime.
582435,The greatest adventure is what lies ahead.
202519,Show me the money.
605328,Your mind is the scene of the crime.
51952,"A long time ago in a galaxy far, far away."
464809,I see dead people.
619693,I see dead people.
851457,The end is near.
439147,I'll be back.
347187,In space no one can hear you scream.
305045,May the Force be with you.
483699,A Plan No One Escapes
976768,Just when you thought it was safe to go back in the water.
24811,Beyond the horizon.
204531,Show me the money.
791849,Free your mind.
853010,Why so serious?
52513,You won't know until you've seen it.
528999,A Plan No One Escapes
872602,Enter the World of Pandora.
160103,A new beginning.
488122,Heroes are made.
193755,"A long time ago in a galaxy far, far away."
742988,Whatever it takes.
798432,Just keep swimming.
626804,"Houston, we have a problem."
274590,"Houston, we have a problem."
848086,Nothing is what it seems.
901265,Saving the world takes everything.
973674,Just when you thought it was safe to go back in the water.
404903,Mankind was born on Earth. It was never meant to die here.
981988,Free your mind.
791348,The end is near.
670417,Hakuna Matata.
851418,Just keep swimming.
973643,Life is like a box of chocolates.
325397,To infinity and beyond!
971523,The greatest adventure is what lies ahead.
512959,"Here's looking at you, kid."
776474,In space no one can hear you scream.
258101,"Go ahead, make my day."
240381,"Elementary, my dear Watson."
691756,I am Iron Man.
768289,The Legend Ends
192010,I see dead people.
982429,Whatever it takes.
122871,"Houston, we have a problem."
69848,May the Force be with you.
297200,Beyond the horizon.
908953,Part of the journey is the end.
799781,The battle begins.
748677,The Legend Ends
343397,Everything changes.
734762,Enter the World of Pandora.
86606,A new beginning.
158697,Life is like a box of chocolates.
626741,Be afraid. Be very afraid.
534616,With great power comes great responsibility.
445440,You can't handle the truth!
759941,"Lost in our world, found in another."
578000,"A long time ago in a galaxy far, far away."
145320,"Houston, we have a problem."
900764,Free your mind.
326097,An unexpected journey.
650141,I am Groot.
528538,I see dead people.
276787,Why so serious?
725117,The end is near.
837596,Part of the journey is the end.
21217,To infinity and beyond!
83448,Free your mind.
269600,I see dead people.
791241,Part of the journey is the end.
402837,You had me at hello.
19208,I'll be back.
65857,Be afraid. Be very afraid.
102712,Beyond the horizon.
235692,Into darkness.
811172,You had me at hello.
493589,The battle begins.
524494,Be afraid. Be very afraid.
886777,I am Iron Man.
47653,There and back again.
59739,Beyond the horizon.
851221,The battle begins.
668251,A Plan No One Escapes
138621,An unexpected journey.
260444,A new beginning.
351323,You had me at hello.
729384,Your mind is the scene of the crime.
250569,Collide with destiny.
735793,Nothing is what it seems.
337491,Show me the money.
165379,I see dead people.
957381,Just when you thought it was safe to go back in the water.
259630,Fight for what matters.
729560,"A long time ago in a galaxy far, far away."
2822,Just keep swimming.
373913,Just keep swimming.
555471,"At the end of the world, the adventure begins."
697118,Part of the journey is the end.
809850,A new beginning.
830452,Whatever it takes.
375699,Everything changes.
688595,Whatever it takes.
681926,Why so serious?
20832,You won't know until you've seen it.
399690,Just when you thought it was safe to go back in the water.
296117,Heroes are made.
510077,Fight for what matters.
908281,Enter the World of Pandora.
701101,I see dead people.
595043,Heroes are made.
944284,In space no one can hear you scream.
352761,The end is near.
415624,An unexpected journey.
604771,You won't know until you've seen it.
751403,Just when you thought it was safe to go back in the water.
978772,The final chapter.
822777,A Plan No One Escapes
381793,One ring to rule them all.
886048,Hakuna Matata.
318179,"Here's looking at you, kid."
128365,Be afraid. Be very afraid.
244112,"Here's looking at you, kid."
97263,Your mind is the scene of the crime.
999856,Part of the journey is the end.
156884,Why so serious?
170024,I am Iron Man.
444522,Why so serious?
848715,Wakanda forever.
676127,"At the end of the world, the adventure begins."
537117,I'll be back.
449741,The final chapter.
866998,The Legend Ends
995673,Part of the journey is the end.
734596,Why so serious?
133468,The greatest adventure is what lies ahead.
26741,Free your mind.
844463,Beyond the horizon.
268915,Fight for what matters.
799979,A Plan No One Escapes
185710,Part of the journey is the end.
984431,Everything changes.
435448,The battle begins.
119571,Hakuna Matata.
967466,Heroes are made.
614705,Your mind is the scene of the crime.
608232,Just when you thought it was safe to go back in the water.
450157,Mankind was born on Earth. It was never meant to die here.
563765,The battle begins.
155195,Be afraid. Be very afraid.
770524,A Plan No One Escapes
569320,Just keep swimming.
363470,Life is like a box of chocolates.
146542,"At the end of the world, the adventure begins."
386384,I am Groot.
785720,You had me at hello.
910842,Beyond the horizon.
365809,Beyond the horizon.
3321,In space no one can hear you scream.
248376,Be afraid. Be very afraid.
607381,You had me at hello.
851728,Saving the world takes everything.
274439,The greatest adventure is what lies ahead.
829076,Your mind is the scene of the crime.
487494,There and back again.
992627,There and back again.
195826,The battle begins.
775497,You can't handle the truth!
78337,Hakuna Matata.
420301,The greatest adventure is what lies ahead.
355675,You won't know until you've seen it.
685674,An unexpected journey.
951417,Mankind was born on Earth. It was never meant to die here.
804868,A new beginning.
781808,Hakuna Matata.
737250,"Houston, we have a problem."
637085,Mankind was born on Earth. It was never meant to die here.
197067,An unexpected journey.
666573,With great power comes great responsibility.
927723,"Go ahead, make my day."
264522,With great power comes great responsibility.
750390,"Go ahead, make my day."
617084,The Legend Ends
865674,The final chapter.
933673,I am Groot.
340170,"Lost in our world, found in another."
706572,The Legend Ends
849492,The Legend Ends
178483,"Lost in our world, found in another."
83648,Collide with destiny.
493182,Nothing is what it seems.
157136,The Legend Ends
673757,The final chapter.
205460,"Lost in our world, found in another."
638047,An unexpected journey.
986066,A Plan No One Escapes
351065,Enter the World of Pandora.
118511,Enter the World of Pandora.
904011,Life is like a box of chocolates.
544803,Just when you thought it was safe to go back in the water.
493665,One ring to rule them all.
297167,I'll be back.
103299,A Plan No One Escapes
239296,I am Iron Man.
373409,The Legend Ends
517639,I see dead people.
528893,Just keep swimming.
5564,Why so serious?
425272,Part of the journey is the end.
404569,I'll be back.
811911,There and back again.
116689,Enter the World of Pandora.
405670,There and back again.
427594,"Houston, we have a problem."
347992,I see dead people.
383844,A Plan No One Escapes
969509,Part of the journey is the end.
892684,I am Iron Man.
729226,I see dead people.
857374,A Plan No One Escapes
454656,"Houston, we have a problem."
785709,Nothing is what it seems.
114210,Why so serious?
829703,Heroes are made.
874445,"Lost in our world, found in another."
414313,Your mind is the scene of the crime.
261921,Collide with destiny.
315796,Free your mind.
492836,With great power comes great responsibility.
396814,To infinity and beyond!
89561,An unexpected journey.
126113,Collide with destiny.
646512,In space no one can hear you scream.
1482,Nothing is what it seems.
923643,A Plan No One Escapes
750568,One ring to rule them all.
1652,I am Groot.
160138,The final chapter.
789329,Be afraid. Be very afraid.
648511,Everything changes.
632520,Your mind is the scene of the crime.
187291,I'll be back.
684265,A Plan No One Escapes
148375,You won't know until you've seen it.
819741,I'll be back.
835605,Free your mind.
829420,One ring to rule them all.
414214,May the Force be with you.
951153,The greatest adventure is what lies ahead.
121803,Nothing is what it seems.
453753,I am Groot.
178568,"Lost in our world, found in another."
873780,"A long time ago in a galaxy far, far away."
898228,Free your mind.
402763,I see dead people.
558793,One ring to rule them all.
400574,Be afraid. Be very afraid.
576097,You won't know until you've seen it.
763673,May the Force be with you.
328710,Whatever it takes.
495660,The end is near.
495113,Part of the journey is the end.
248064,You won't know until you've seen it.
246970,Be afraid. Be very afraid.
889393,Just keep swimming.
819634,I see dead people.
46566,The final chapter.
192653,Heroes are made.
836808,"Here's looking at you, kid."
107323,"Houston, we have a problem."
976808,Into darkness.
32492,The final chapter.
483366,Life is like a box of chocolates.
527785,The end is near.
216823,The Legend Ends
831820,I am Groot.
553534,You had me at hello.
244295,There and back again.
63330,One ring to rule them all.
385821,Life is like a box of chocolates.
37763,There and back again.
401280,An unexpected journey.
773934,Whatever it takes.
528328,Mankind was born on Earth. It was never meant to die here.
172582,I see dead people.
397056,"Lost in our world, found in another."
788974,One ring to rule them all.
183105,Fight for what matters.
314440,Show me the money.
257133,"Here's looking at you, kid."
267795,I am Iron Man.
759744,"Houston, we have a problem."
643576,Free your mind.
222503,Whatever it takes.
282114,A Plan No One Escapes
430093,Into darkness.
774813,Just keep swimming.
56660,Why so serious?
337903,Your mind is the scene of the crime.
990811,Into darkness.
129161,"Here's looking at you, kid."
809876,"A long time ago in a galaxy far, far away."
152204,"Lost in our world, found in another."
257010,Why so serious?
226939,Why so serious?
640166,Hakuna Matata.
558819,"Go ahead, make my day."
939603,I'll be back.
892995,One ring to rule them all.
620705,Free your mind.
375237,Fight for what matters.
627882,The final chapter.
909529,"At the end of the world, the adventure begins."
296969,I'll be back.
241741,Nothing is what it seems.
224924,Into darkness.
730153,Show me the money.
176165,Beyond the horizon.
793237,I am Groot.
448864,The Legend Ends
427129,Whatever it takes.
453018,I am Iron Man.
981421,I am Iron Man.
464097,There and back again.
505365,The battle begins.
250714,Collide with destiny.
235924,May the Force be with you.
393854,Hakuna Matata.
346594,"Houston, we have a problem."
553773,The battle begins.
670466,With great power comes great responsibility.
896549,Just when you thought it was safe to go back in the water.
927927,The greatest adventure is what lies ahead.
920652,Collide with destiny.
848763,Enter the World of Pandora.
807858,May the Force be with you.
634523,"Go ahead, make my day."
277708,"Elementary, my dear Watson."
813525,The greatest adventure is what lies ahead.
637463,Part of the journey is the end.
827521,Free your mind.
431149,In space no one can hear you scream.
924126,"At the end of the world, the adventure begins."
765605,The greatest adventure is what lies ahead.
165298,I am Iron Man.
450325,"Here's looking at you, kid."
121545,Hakuna Matata.
322616,You had me at hello.
253639,"Houston, we have a problem."
318523,The battle begins.
191546,Collide with destiny.
101057,I see dead people.
370227,I am Iron Man.
372367,There and back again.
387869,"Lost in our world, found in another."
207160,Wakanda forever.
628285,The greatest adventure is what lies ahead.
569190,Wakanda forever.
535735,The end is near.
192305,"Here's looking at you, kid."
983411,Why so serious?
871670,An unexpected journey.
704001,I see dead people.
744606,Why so serious?
312966,"A long time ago in a galaxy far, far away."
919429,Fight for what matters.
123850,"At the end of the world, the adventure begins."
657150,Life is like a box of chocolates.
666223,Show me the money.
816098,Part of the journey is the end.
955133,Collide with destiny.
402867,Be afraid. Be very afraid.
605323,I'll be back.
810289,Why so serious?
473241,The Legend Ends
13135,"Go ahead, make my day."
220322,"At the end of the world, the adventure begins."
121651,The greatest adventure is what lies ahead.
739213,Nothing is what it seems.
892143,Everything changes.
878234,In space no one can hear you scream.
732212,I'll be back.
592129,Life is like a box of chocolates.
582066,You won't know until you've seen it.
31103,Your mind is the scene of the crime.
761291,I am Iron Man.
226629,The greatest adventure is what lies ahead.
299094,Be afraid. Be very afraid.
685151,The battle begins.
353692,The end is near.
287165,Into darkness.
38142,The end is near.
946852,Free your mind.
790815,"Go ahead, make my day."
371036,You had me at hello.
168199,Beyond the horizon.
946601,Just keep swimming.
709731,Mankind was born on Earth. It was never meant to die here.
253950,Be afraid. Be very afraid.
759931,Just when you thought it was safe to go back in the water.
591819,A Plan No One Escapes
270820,"Lost in our world, found in another."
460238,Into darkness.
370852,With great power comes great responsibility.
436545,Beyond the horizon.
682112,Part of the journey is the end.
324343,With great power comes great responsibility.
275050,You can't handle the truth!
43409,Wakanda forever.
636582,Enter the World of Pandora.
930243,Why so serious?
967038,I am Groot.
327557,Heroes are made.
649021,I'll be back.
364859,To infinity and beyond!
981712,"Lost in our world, found in another."
943439,Fight for what matters.
219021,A Plan No One Escapes
397705,"Here's looking at you, kid."
414408,"A long time ago in a galaxy far, far away."
509966,A Plan No One Escapes
962824,"At the end of the world, the adventure begins."
223513,I am Iron Man.
994418,"Lost in our world, found in another."
280095,Mankind was born on Earth. It was never meant to die here.
858800,Wakanda forever.
614310,I am Iron Man.
156039,Whatever it takes.
222937,Everything changes.
934623,May the Force be with you.
958056,To infinity and beyond!
96343,Your mind is the scene of the crime.
968017,A Plan No One Escapes
5808,To infinity and beyond!
156584,I see dead people.
324054,The end is near.
953777,Just when you thought it was safe to go back in the water.
448228,May the Force be with you.
720191,Show me the money.
23300,To infinity and beyond!
240657,Enter the World of Pandora.
985329,Collide with destiny.
558594,A new beginning.
309094,Beyond the horizon.
732401,Free your mind.
60514,I am Iron Man.
556849,An unexpected journey.
288760,Into darkness.
874161,Just keep swimming.
835594,Life is like a box of chocolates.
47714,Heroes are made.
788380,I see dead people.
376191,"A long time ago in a galaxy far, far away."
231822,Free your mind.
480160,Enter the World of Pandora.
79004,"A long time ago in a galaxy far, far away."
499263,I am Groot.
957673,Everything changes.
67044,In space no one can hear you scream.
277995,Just keep swimming.
523972,"At the end of the world, the adventure begins."
679850,"Go ahead, make my day."
971080,The greatest adventure is what lies ahead.
826258,The greatest adventure is what lies ahead.
834567,Why so serious?
592377,With great power comes great responsibility.
310450,One ring to rule them all.
879641,"Elementary, my dear Watson."
233073,With great power comes great responsibility.
974264,Fight for what matters.
7090,"A long time ago in a galaxy far, far away."
24371,The final chapter.
728073,The greatest adventure is what lies ahead.
31937,Wakanda forever.
496182,Everything changes.
807586,"Houston, we have a problem."
389694,In space no one can hear you scream.
188315,"Here's looking at you, kid."
387301,One ring to rule them all.
933016,The final chapter.
602529,The greatest adventure is what lies ahead.
895563,"At the end of the world, the adventure begins."
649167,Hakuna Matata.
436180,Saving the world takes everything.
685462,The Legend Ends
561678,Collide with destiny.
417214,"Houston, we have a problem."
936830,Free your mind.
967856,One ring to rule them all.
442422,The battle begins.
881335,The battle begins.
986883,The greatest adventure is what lies ahead.
353364,Enter the World of Pandora.
429120,Nothing is what it seems.
102139,The greatest adventure is what lies ahead.
958051,Heroes are made.
485718,I am Iron Man.
882442,May the Force be with you.
908366,I am Groot.
49470,I am Groot.
798249,Nothing is what it seems.
274424,The end is near.
220621,The battle begins.
693335,I am Groot.
757136,I am Iron Man.
5891,"Here's looking at you, kid."
622810,The Legend Ends
286706,May the Force be with you.
166672,Everything changes.
675801,Mankind was born on Earth. It was never meant to die here.
695497,One ring to rule them all.
617591,There and back again.
122808,I am Groot.
73907,"Houston, we have a problem."
400466,Wakanda forever.
418527,May the Force be with you.
831071,Heroes are made.
814345,The Legend Ends
436626,"A long time ago in a galaxy far, far away."
272331,Collide with destiny.
758883,You won't know until you've seen it.
525935,The final chapter.
339110,You had me at hello.
943434,Show me the money.
204963,"Go ahead, make my day."
586824,With great power comes great responsibility.
489847,"Lost in our world, found in another."
430034,The end is near.
446821,Just keep swimming.
848556,Life is like a box of chocolates.
342907,The final chapter.
611301,You won't know until you've seen it.
125152,Part of the journey is the end.
494502,"Houston, we have a problem."
818045,"Elementary, my dear Watson."
346861,Show me the money.
600785,Your mind is the scene of the crime.
986999,An unexpected journey.
490862,Free your mind.
834191,You had me at hello.
380991,May the Force be with you.
827323,May the Force be with you.
989883,Hakuna Matata.
370616,Everything changes.
246845,Be afraid. Be very afraid.
722985,Show me the money.
250191,"At the end of the world, the adventure begins."
77771,You had me at hello.
155721,Beyond the horizon.
568046,I am Iron Man.
139632,Beyond the horizon.
722705,Everything changes.
717562,"Here's looking at you, kid."
318056,You won't know until you've seen it.
778675,The final chapter.
633624,One ring to rule them all.
994701,May the Force be with you.
799239,Enter the World of Pandora.
802313,The final chapter.
591497,A new beginning.
20875,One ring to rule them all.
422503,I see dead people.
747261,Free your mind.
656115,"Go ahead, make my day."
202086,To infinity and beyond!
917888,Heroes are made.
736768,An unexpected journey.
965235,Hakuna Matata.
3857,You had me at hello.
944868,The final chapter.
707308,"A long time ago in a galaxy far, far away."
384305,Saving the world takes everything.
157748,Just keep swimming.
580332,Just keep swimming.
268987,"Houston, we have a problem."
80799,You had me at hello.
707267,Nothing is what it seems.
629198,"Here's looking at you, kid."
41589,May the Force be with you.
280652,Just keep swimming.
350490,You can't handle the truth!
816711,I'll be back.
949163,The battle begins.
826065,An unexpected journey.
825211,With great power comes great responsibility.
657649,Into darkness.
684969,Just when you thought it was safe to go back in the water.
199511,I'll be back.
85465,Enter the World of Pandora.
242432,"Lost in our world, found in another."
763895,You won't know until you've seen it.
405369,I am Groot.
813598,Wakanda forever.
933955,To infinity and beyond!
715861,Saving the world takes everything.
767895,With great power comes great responsibility.
263615,Beyond the horizon.
528612,Into darkness.
168834,There and back again.
302209,To infinity and beyond!
917763,Just when you thought it was safe to go back in the water.
343045,Show me the money.
345434,A Plan No One Escapes
8119,Everything changes.
54884,The Legend Ends
411808,"Go ahead, make my day."
909016,I am Iron Man.
152825,I'll be back.
104933,"Houston, we have a problem."
245614,Be afraid. Be very afraid.
424789,Part of the journey is the end.
30104,There and back again.
260978,Fight for what matters.
366462,With great power comes great responsibility.
325123,There and back again.
999209,"Go ahead, make my day."
386349,"Lost in our world, found in another."
571317,I'll be back.
