id,original_title,popularity,release_date
257,Oliver Twist,20.415572,2005-09-23
14290,Better Luck Tomorrow,3.877036,2002-01-12
38365,Grown Ups,38.864027,2010-06-24
9672,Infamous,3.680895,2006-11-16
12819,Alpha and Omega,12.300789,2010-09-17
77789,The Shawshank Redemption,96.267486,1990-01-14
38916,The Matrix,51.182364,1995-05-17
87161,Vertigo,53.159115,2018-03-30
25488,Pulp Fiction,78.75299,2005-06-25
80266,Avatar,99.899342,2005-05-01
37982,Monsters Inc,31.258963,1998-05-14
88717,Vertigo,68.488476,2013-10-31
39008,The Dark Knight,67.27944,2013-12-19
6292,Harry Potter,85.803778,2018-08-04
44502,The Godfather,65.123865,2007-08-08
69395,The Avengers,46.090922,2012-06-07
92913,Star Wars,31.426566,2011-06-03
28917,Braveheart,96.933139,1990-03-21
57236,Cars,33.905748,2010-10-10
98555,The Godfather,25.886892,2015-08-27
32153,Schindler's List,79.369318,1993-01-03
33088,Oliver Twist,50.016273,2013-02-23
8385,Toy Story,18.733025,2017-02-01
44467,The Matrix,36.226878,2017-06-09
58950,The Godfather,20.745083,1994-09-12
65119,Kingdom of Heaven,21.298072,1996-06-11
89824,The Dark Knight,8.041477,2002-06-18
23099,Gladiator,64.696233,1990-11-10
38473,Better Luck Tomorrow,37.441262,1999-05-13
84802,Lord of the Rings,6.42142,2007-02-08
83684,Casablanca,65.273619,2003-05-25
45105,Oliver Twist,30.036103,2011-07-24
71302,Psycho,16.624385,2004-02-12
68632,The Lion King,96.051926,1990-09-19
61892,Up,7.940356,2009-04-11
12814,Jurassic Park,38.973185,2007-01-14
13127,Oliver Twist,61.746304,2018-06-19
33983,Braveheart,99.344739,2002-02-17
72998,Finding Nemo,8.704798,2018-01-25
80709,Star Wars,93.185915,1992-06-14
33188,Up,88.14725,2019-06-15
27722,Braveheart,78.027434,2008-12-03
28594,Goodfellas,10.713572,1999-12-22
61717,Alpha and Omega,29.440857,2015-01-09
75707,Shrek,27.476094,2015-05-02
80808,Finding Nemo,53.658905,2000-01-03
51054,The Matrix,12.436553,2015-07-08
7832,Back to the Future,81.718232,2011-06-29
69801,WALL-E,68.376271,2004-02-15
48444,Batman Begins,86.175951,2019-11-30
98188,Fight Club,22.651175,2019-08-01
51766,Gladiator,62.237048,2006-08-21
89932,Harry Potter,85.170121,1991-06-06
28277,The Shawshank Redemption,5.519732,2008-12-10
32280,Psycho,55.283861,2003-12-29
32578,Up,72.858642,2010-07-20
31620,Finding Nemo,37.471676,2012-06-12
45846,Psycho,35.677237,2006-07-29
61985,The Lion King,3.713688,1992-05-20
28178,Ratatouille,49.225827,1994-11-15
88330,Grown Ups,59.832593,1992-06-11
97715,Inception,74.169261,1998-09-24
5315,Ratatouille,9.090202,2012-03-12
75417,Up,41.957921,1990-06-03
45645,Interstellar,26.125348,2001-12-06
22682,Star Wars,21.084395,2000-09-26
49041,Troy,24.942834,2006-04-12
26747,Finding Nemo,36.376548,1990-01-10
23941,Brave,73.412084,2010-07-11
11348,Goodfellas,43.851213,1999-02-22
72966,Alpha and Omega,6.785786,2020-12-01
58176,Inception,35.065477,2006-11-17
89383,Pulp Fiction,11.414821,2017-08-01
9759,Avatar,21.582636,2010-06-10
74949,Jurassic Park,13.367104,1995-02-11
36782,Citizen Kane,97.213697,2017-04-30
77691,Vertigo,88.068665,2005-08-31
75009,The Dark Knight,62.68227,2001-11-16
71801,Cars,25.430642,2011-04-12
84965,Lord of the Rings,17.841457,2016-09-02
4321,Harry Potter,84.274752,2005-11-02
13409,Grown Ups,7.735076,1991-11-10
26235,Monsters Inc,69.47536,2001-10-05
7837,Schindler's List,29.837621,1994-09-22
89024,The Incredibles,49.216514,1996-11-15
89803,Pulp Fiction,73.006543,1993-10-16
76635,Monsters Inc,4.115804,1992-09-21
50652,The Incredibles,17.96768,2005-11-29
41646,Citizen Kane,64.891323,2003-04-15
65716,Iron Man,92.013474,1990-12-06
53846,Lord of the Rings,26.181458,2017-02-18
14048,Gladiator,15.392962,2019-09-21
76163,Troy,92.51996,2019-08-15
48530,Kingdom of Heaven,86.600506,1997-02-08
67032,Gladiator,91.024052,2005-02-11
35867,Pulp Fiction,12.909497,1993-10-24
64061,Interstellar,92.393371,2012-07-12
75167,The Silence of the Lambs,58.340255,2007-04-22
61295,Star Wars,66.861226,2009-11-13
18429,Finding Nemo,45.684814,2011-09-03
76223,300,35.8621,2020-10-27
44651,Back to the Future,11.728953,2011-06-08
6401,Batman Begins,22.749764,2003-02-23
26083,Monsters Inc,58.969402,2017-04-25
16260,Se7en,32.027944,2017-08-29
29671,The Silence of the Lambs,12.409933,2004-01-18
41379,Lord of the Rings,71.108811,2002-03-12
47917,Schindler's List,53.089286,1998-10-22
68198,Casablanca,4.58785,2020-04-21
87674,Braveheart,67.416461,2009-07-14
38725,The Godfather,86.219449,2003-11-23
81051,Interstellar,77.684334,2014-04-05
38877,Harry Potter,92.505977,2015-06-11
49546,Harry Potter,34.120537,1996-01-06
75588,Fight Club,9.264044,2016-03-17
4372,Casablanca,71.555633,1999-12-14
97795,The Matrix,90.245731,1994-12-25
65140,Fight Club,32.240196,2005-10-23
3099,Inception,26.903207,2006-09-20
24152,Citizen Kane,71.628514,1992-10-19
90655,Psycho,72.956281,1991-11-09
56076,Shrek,83.040342,1996-11-03
86269,The Matrix,74.714532,1996-12-26
93861,WALL-E,40.34318,2008-08-26
4150,The Shawshank Redemption,42.589106,2006-02-24
51715,Troy,80.561215,1998-09-25
43957,Infamous,27.081502,2004-04-19
10134,Pulp Fiction,11.321793,1992-12-16
47101,The Godfather,22.185857,2013-06-29
89884,Grown Ups,50.781344,2011-10-09
14142,Kingdom of Heaven,57.263013,1997-12-10
52637,Star Wars,7.525138,2005-11-02
32282,Schindler's List,30.684665,2004-09-05
21468,300,75.054599,2008-12-06
93008,Casablanca,86.316014,2005-03-03
49118,The Avengers,13.428202,1995-10-20
2359,Indiana Jones,52.112282,1993-10-14
78409,Shrek,15.399196,1995-08-13
4879,Interstellar,72.344247,2005-12-05
79168,The Incredibles,16.12101,2015-07-09
36794,The Godfather,10.118618,1997-03-16
80046,Toy Story,44.351905,2017-01-15
81374,Fight Club,9.925144,1992-07-02
88747,Vertigo,81.699756,1996-10-25
2595,Vertigo,82.770816,2020-11-12
41861,Cars,51.416854,2016-09-08
65282,Monsters Inc,57.460165,2011-06-27
46843,Se7en,13.693156,1996-12-10
16830,Se7en,28.026129,1998-06-28
19554,Inception,12.539725,2005-09-23
89874,300,21.830064,1990-12-16
58327,Vertigo,39.755559,2018-06-26
58734,The Incredibles,68.343568,1992-11-21
73875,Gladiator,72.932317,2004-11-28
15662,The Silence of the Lambs,44.72493,2008-07-25
44956,Up,29.657562,2010-08-02
59013,Jurassic Park,81.059461,1992-05-14
41317,Inception,44.037873,2013-08-31
790,Indiana Jones,56.271599,2006-04-29
51028,Vertigo,27.041089,1995-09-16
2268,The Matrix,7.118357,1995-09-10
249,300,16.869174,2012-02-15
11156,Inception,71.455131,2014-03-11
91337,Goodfellas,28.017539,1994-08-06
59333,Psycho,13.075467,2011-07-02
88377,Spider-Man,64.381785,2000-01-06
17439,Up,48.061125,1993-07-09
92135,Interstellar,2.811413,2017-07-03
38114,Oliver Twist,99.087603,2010-06-09
28227,Up,38.531692,2015-02-21
82663,Avatar,65.692552,2014-12-04
54248,Toy Story,98.366316,2008-11-08
52686,Se7en,63.641226,2012-11-26
68881,Se7en,31.509375,2005-03-28
50975,Up,49.088458,2020-06-30
8214,Alpha and Omega,10.727963,2006-11-25
67816,The Avengers,17.339319,2003-06-16
66196,Forrest Gump,31.508872,1993-07-13
29286,Back to the Future,8.932715,1999-12-09
80516,Toy Story,11.793813,1995-12-22
79674,Vertigo,84.033749,2019-11-16
64790,The Avengers,25.335151,1997-04-21
97520,Troy,32.594216,2017-03-27
94608,Interstellar,17.771682,2020-06-05
19373,Monsters Inc,40.719297,1999-10-23
29634,Citizen Kane,69.930254,2008-01-15
41367,Jurassic Park,94.55985,2009-07-27
77986,Fight Club,54.109136,2018-08-10
97068,Fight Club,30.3725,2008-04-30
1449,Iron Man,51.23137,2020-05-04
27920,Lord of the Rings,13.202319,2011-01-11
65628,The Shawshank Redemption,67.875102,1991-11-22
51572,Star Wars,33.18264,1996-04-16
21764,Casablanca,94.513344,2006-01-12
54494,Iron Man,66.024863,2014-09-05
15352,The Incredibles,47.875619,2019-02-21
6085,The Godfather,23.44258,1999-03-19
69323,Star Wars,9.64788,1995-12-09
99954,Shrek,19.223344,2017-12-18
82552,The Incredibles,57.218214,2013-12-23
63599,Cars,52.199684,1992-09-01
59480,The Silence of the Lambs,1.441279,1995-11-05
85623,Pulp Fiction,74.534208,2019-05-05
13794,Star Wars,4.494483,1991-09-18
40600,Troy,8.262767,2001-12-02
66795,Harry Potter,71.333492,1994-03-11
3419,Indiana Jones,64.787467,2010-10-30
80984,Schindler's List,21.934756,1995-09-01
73864,Star Wars,66.451329,1990-02-28
22730,Iron Man,2.387557,2014-09-06
47922,Oliver Twist,28.169579,1993-07-18
94042,Vertigo,76.074877,2018-05-14
34336,Batman Begins,47.733079,2003-03-06
35386,The Dark Knight,85.630419,2018-05-12
24706,Pulp Fiction,14.792416,1991-10-27
60685,Brave,86.332312,2016-03-01
48607,Goodfellas,48.872983,2003-12-10
79035,Iron Man,10.5972,2002-05-16
921,Titanic,5.139071,2012-07-09
16835,Toy Story,0.629039,2016-11-25
35701,Ratatouille,63.886205,1993-04-15
4344,Ratatouille,22.59543,2017-12-30
37931,Cars,15.022164,1999-12-01
79768,Titanic,60.341035,1994-05-05
83419,Star Wars,41.210183,1991-11-30
84950,Oliver Twist,45.225868,2010-12-31
71382,Cars,13.83456,2016-07-24
95893,The Shawshank Redemption,25.694709,1994-05-17
43799,Kingdom of Heaven,10.351734,2005-11-03
29832,Up,33.829193,2000-06-13
91818,Schindler's List,31.206442,1996-02-16
28827,Finding Nemo,77.874472,2010-02-22
44081,300,98.680258,1992-01-08
40751,Up,99.918805,2014-12-30
90937,The Incredibles,38.901374,2012-10-24
91441,Indiana Jones,79.413322,1994-06-27
93278,Citizen Kane,28.272935,2014-12-24
15617,Indiana Jones,14.730164,2012-01-19
18105,Vertigo,64.175411,2014-10-24
42645,Monsters Inc,47.951427,2004-10-16
33385,Spider-Man,59.571789,2013-06-19
55002,Troy,36.946799,2013-08-08
49304,The Silence of the Lambs,30.554114,2006-09-21
11007,The Shawshank Redemption,92.815135,2007-08-14
29438,The Godfather,88.409231,2000-04-06
72764,Inception,12.816408,2014-12-02
96501,Indiana Jones,65.405094,2000-08-04
44100,Goodfellas,36.106738,1992-01-26
62598,Finding Nemo,56.969202,2014-10-22
71820,Harry Potter,21.116095,2014-05-27
83749,Fight Club,72.503372,2019-02-15
79884,Finding Nemo,31.32538,1999-07-19
10508,Fight Club,69.010088,2011-11-10
73735,Avatar,14.749221,1994-03-04
9036,Up,13.802591,2009-01-10
87565,Braveheart,35.094576,2019-12-09
58429,Kingdom of Heaven,99.719845,2008-03-14
41849,The Avengers,86.173844,1999-07-06
36789,Iron Man,62.266567,2020-05-12
11963,Vertigo,31.230103,1998-08-06
24581,Forrest Gump,16.822289,1994-11-01
35714,Ratatouille,74.519173,2019-03-26
80582,Toy Story,20.811824,1999-10-01
8364,Vertigo,41.43706,2004-09-28
61731,Toy Story,53.154825,2005-01-21
35517,Forrest Gump,9.708364,1995-06-02
87382,WALL-E,78.048078,2013-09-05
73664,Lord of the Rings,94.157133,2013-03-09
23220,Harry Potter,15.093985,2012-09-11
22253,Casablanca,86.822361,2003-12-30
52639,Se7en,48.728814,2003-10-11
75670,Psycho,14.010444,2002-01-26
96396,Inception,60.977175,2001-11-20
50779,Shrek,93.060301,2013-06-01
32504,Gladiator,95.760116,2003-01-30
90181,Spider-Man,72.117205,1995-03-27
92739,The Lion King,49.610562,2007-04-03
94572,Spider-Man,19.075033,2017-02-10
83061,Finding Nemo,60.193662,1998-07-30
79006,Forrest Gump,61.532344,1990-07-31
28458,Citizen Kane,11.553191,1993-08-26
94354,Fight Club,25.750962,1992-01-18
25440,Grown Ups,31.079854,2015-04-15
25214,Monsters Inc,86.033259,2004-10-05
95277,Grown Ups,58.553039,2012-02-08
34219,Vertigo,24.769732,2004-08-27
32313,Finding Nemo,31.350175,2014-07-01
21062,Cars,15.016745,1990-06-05
68114,Toy Story,4.904336,2020-07-31
34216,Oliver Twist,51.219609,2015-08-17
16102,Monsters Inc,3.668281,2012-08-16
326,Jurassic Park,99.208336,2000-06-29
24928,Gladiator,77.347572,2016-10-13
94483,Harry Potter,77.898253,1994-01-11
9130,Lord of the Rings,75.57432,2013-06-09
26817,Avatar,64.290508,2012-01-15
18285,Fight Club,7.462147,2007-11-03
60616,Pulp Fiction,45.870499,2020-08-19
4610,Grown Ups,28.256568,2011-06-29
17976,Troy,30.173576,2002-05-07
80902,Goodfellas,37.385567,1992-04-07
55837,Back to the Future,32.405983,1997-08-07
45476,Back to the Future,66.389546,2020-02-22
55236,Toy Story,1.241395,2006-10-26
15569,WALL-E,36.944101,2006-12-08
86333,300,94.472592,1990-10-15
61549,The Matrix,26.159278,2003-10-01
60952,The Dark Knight,62.322,2013-04-21
19470,Vertigo,56.261898,1995-02-13
187,Gladiator,49.182888,1996-02-12
45926,The Avengers,12.657415,2002-05-18
86601,300,83.665888,2013-03-04
84745,Gladiator,56.943792,1997-01-28
53733,Grown Ups,54.092898,2018-05-11
81285,Better Luck Tomorrow,94.947079,2009-03-01
22867,Citizen Kane,8.738636,2006-10-23
17637,Monsters Inc,49.408705,2020-08-27
93274,Alpha and Omega,70.748376,2010-11-10
9123,The Matrix,79.816699,1993-09-29
85237,Finding Nemo,0.586889,2002-08-24
19950,Schindler's List,68.378227,2017-01-26
22873,Fight Club,95.592729,2016-03-03
93316,Cars,73.158762,2002-08-06
95746,WALL-E,42.193785,2002-03-10
45982,Braveheart,87.662725,2002-05-27
8763,The Lion King,87.923301,1991-05-22
62278,Shrek,68.977414,2006-07-25
81766,Titanic,66.775752,2006-10-07
27642,Batman Begins,34.765894,2020-04-02
83939,Gladiator,24.628821,2004-02-06
23842,Brave,63.166307,2019-02-04
9009,Toy Story,1.284295,1991-09-18
43405,Iron Man,84.378297,2007-02-24
83549,Goodfellas,90.318422,2000-11-08
31988,Casablanca,16.820448,1996-08-21
28571,WALL-E,57.464276,1994-02-21
15154,The Shawshank Redemption,18.237635,2001-01-17
33726,Shrek,49.704678,2011-05-11
5140,Spider-Man,64.023348,2009-07-21
27797,The Incredibles,39.358409,2020-10-03
8720,300,89.53546,2005-12-10
77469,Inception,89.17296,1997-05-14
10094,The Matrix,53.308138,2006-02-23
89774,Kingdom of Heaven,58.256845,2009-03-12
1513,Jurassic Park,0.770066,2009-10-10
54974,Finding Nemo,34.124728,1994-11-18
25219,Better Luck Tomorrow,76.196947,2011-06-07
87821,Indiana Jones,99.409176,2011-05-19
57346,Batman Begins,94.55578,1991-07-08
52115,Oliver Twist,9.911524,2007-08-03
29375,Fight Club,42.010945,2020-03-13
93340,The Silence of the Lambs,5.937103,2013-09-23
78166,Iron Man,83.823816,2011-07-04
8193,Se7en,73.140931,2006-04-14
80288,Casablanca,92.213878,1997-01-29
37720,The Silence of the Lambs,50.419837,2012-11-24
90653,Gladiator,10.775617,2010-09-07
67486,The Incredibles,58.606553,2006-09-23
55030,Ratatouille,86.781738,2012-09-15
47007,Interstellar,5.480244,1991-10-12
47061,Troy,81.575924,2013-03-05
98542,Oliver Twist,62.548624,2003-09-08
81257,Titanic,13.656544,2005-02-08
51576,The Godfather,66.086349,1994-07-14
69689,Monsters Inc,6.678099,2014-06-25
45458,Braveheart,17.857946,1995-06-13
86654,Grown Ups,6.305305,2007-09-30
67386,Spider-Man,58.640797,2007-07-28
63258,The Avengers,29.129213,2004-12-22
12272,Oliver Twist,29.2003,2006-08-28
76940,Ratatouille,64.823004,2013-01-29
91442,The Matrix,11.44471,2010-10-20
4046,The Incredibles,63.503743,2003-08-19
79221,Iron Man,69.94055,2009-05-20
1422,Up,85.8157,2013-08-21
91520,300,67.308818,1994-05-29
80835,300,65.516466,1999-12-08
80249,WALL-E,65.829015,2000-06-10
62160,300,4.594987,1995-05-28
33419,Pulp Fiction,44.452661,2005-08-05
755,Finding Nemo,55.342027,2011-08-03
60504,Better Luck Tomorrow,66.676697,1995-12-11
675,Inception,29.475358,2001-09-15
23983,Spider-Man,67.95232,2013-10-08
58047,Grown Ups,39.887553,2005-06-03
83297,Forrest Gump,71.674909,2003-12-28
8700,Ratatouille,18.911805,2020-01-17
44780,Lord of the Rings,30.816024,2016-07-22
93967,Shrek,94.985124,1990-06-22
28014,Casablanca,75.912749,2001-06-29
93564,Oliver Twist,89.913109,2006-09-01
74731,Gladiator,20.419098,2001-01-12
50152,Shrek,94.316736,1998-07-15
68056,Finding Nemo,74.5466,2003-10-08
28143,Casablanca,59.261381,1990-07-07
45322,Indiana Jones,1.768715,2000-02-20
27019,Toy Story,5.664868,2002-10-22
18408,The Incredibles,77.358575,1993-03-14
55353,Gladiator,67.062888,2017-05-25
52124,Finding Nemo,21.760051,2007-01-01
2614,Infamous,44.40889,2016-02-27
31697,Batman Begins,65.768863,1990-12-14
85988,Ratatouille,2.018885,1999-11-07
26200,Vertigo,67.876341,2014-11-19
69775,The Matrix,40.454197,2016-12-04
70538,Goodfellas,9.939452,1991-01-02
6526,Kingdom of Heaven,16.772858,2017-10-18
88596,Alpha and Omega,42.950571,2010-01-30
87758,Schindler's List,62.822913,1995-06-15
25970,Finding Nemo,34.762067,2007-09-22
6244,The Dark Knight,11.454118,1996-10-01
2282,Alpha and Omega,82.718675,2009-06-03
1028,Vertigo,50.276384,2015-09-16
34050,Citizen Kane,28.648717,2020-10-10
14105,Pulp Fiction,68.489467,2016-01-09
61039,Iron Man,33.95946,1992-01-22
88025,300,36.490633,2013-12-28
685,Titanic,28.122277,1990-06-14
34056,Infamous,36.414271,2012-02-28
95825,Gladiator,26.60677,2012-06-25
90304,Finding Nemo,98.249367,2002-06-17
13077,Avatar,26.124288,2004-09-18
90359,Gladiator,64.882439,2017-06-29
65070,Citizen Kane,19.619618,2012-09-16
77015,Shrek,55.901543,2018-05-28
63611,Iron Man,51.138612,2011-09-20
79590,Grown Ups,55.593836,2010-10-10
94148,Spider-Man,35.962873,2000-05-23
44307,Better Luck Tomorrow,87.143496,1997-08-30
60326,The Lion King,30.139135,2000-12-15
82823,300,87.202294,1994-11-23
46362,Finding Nemo,40.93066,2008-02-10
21277,Troy,65.40147,2011-09-15
85837,Gladiator,1.501787,2002-10-15
27185,Troy,44.377113,1997-10-10
43021,Troy,65.140865,1991-01-28
53783,Psycho,30.112171,2001-05-14
7234,Cars,32.48338,2016-09-27
43298,Casablanca,40.000835,2005-01-31
83922,Cars,27.274912,2019-10-18
78715,Cars,60.505692,2014-02-24
61144,Goodfellas,5.391989,2001-02-21
12241,Oliver Twist,83.198516,2007-08-17
49936,Oliver Twist,96.018728,1990-05-16
48425,Kingdom of Heaven,16.981907,1997-02-12
88375,Brave,22.898966,2005-02-03
47100,Interstellar,94.911391,2009-02-20
3493,Schindler's List,16.832448,2011-08-20
956,Oliver Twist,11.080649,1990-06-26
20379,Goodfellas,79.429496,2013-09-25
39624,Star Wars,67.927253,2000-11-05
91581,Indiana Jones,68.146808,2000-03-06
15122,The Shawshank Redemption,23.051241,2016-01-05
6659,Psycho,37.903894,2008-04-10
15183,The Shawshank Redemption,16.353334,2008-11-06
51720,Grown Ups,16.579623,2007-12-12
51909,The Avengers,49.820397,2000-05-14
28981,WALL-E,67.434729,2012-06-14
63345,Goodfellas,32.411812,1999-09-06
6511,Brave,47.798469,1994-07-09
59063,Back to the Future,35.161558,2005-10-26
1157,The Avengers,91.520763,2014-07-05
91962,The Incredibles,70.489231,2016-04-26
41273,Forrest Gump,62.70272,1990-03-12
60838,Spider-Man,73.166826,2019-08-29
1330,Alpha and Omega,27.161608,1992-08-26
78226,The Matrix,93.014461,2008-12-29
99589,Better Luck Tomorrow,20.34917,2007-03-26
48778,Toy Story,14.23951,2012-05-17
30015,Gladiator,90.647058,2017-11-01
77623,Vertigo,26.361271,1991-08-15
10672,Vertigo,84.912182,2010-12-13
34706,Shrek,30.116971,1994-02-05
88793,Psycho,29.800086,1992-03-06
34064,The Avengers,95.798946,2013-11-28
39996,Jurassic Park,96.547328,2003-01-19
65725,Harry Potter,96.198256,1995-09-04
80196,300,14.151553,2017-04-20
80361,Forrest Gump,57.383427,2011-07-10
26993,Inception,4.12663,2009-04-28
20100,Batman Begins,68.803248,2018-11-26
26227,Interstellar,67.276706,2004-12-01
24464,The Incredibles,99.2364,2009-11-03
22409,The Silence of the Lambs,87.84306,2006-05-17
25559,Brave,22.209464,2019-01-05
23077,Back to the Future,44.657875,2020-07-02
75640,Back to the Future,26.100499,2005-07-27
87199,Pulp Fiction,5.250707,1992-07-28
37193,Forrest Gump,38.555574,2019-09-18
83838,The Avengers,11.21643,1992-10-30
90990,Inception,76.60689,2017-05-27
59384,Back to the Future,39.247847,1995-08-10
63106,Jurassic Park,3.608349,1997-07-05
85225,Brave,27.434639,1992-02-17
49019,Cars,33.607919,2000-10-16
48243,The Avengers,45.592471,2014-12-08
39047,The Matrix,68.278959,2001-05-21
55375,Avatar,78.894675,2020-09-08
69480,The Shawshank Redemption,98.587699,1996-12-27
19809,Spider-Man,85.495494,2004-09-22
37466,Psycho,46.032591,1995-08-14
73323,Harry Potter,10.996211,2001-11-15
74385,Kingdom of Heaven,66.567561,1996-06-02
44335,The Lion King,42.527073,2005-06-01
46388,Batman Begins,40.856624,1993-04-04
24067,Avatar,34.106036,2002-08-24
65686,Fight Club,17.300732,1997-09-03
98914,Brave,9.335009,2007-12-17
2439,Up,81.979585,2005-08-23
95303,Iron Man,18.903975,1997-11-09
678,The Godfather,70.133761,2009-12-20
41097,Iron Man,72.812803,2000-05-22
58779,300,31.081163,2000-05-19
41463,Lord of the Rings,55.844718,1999-06-21
41144,Braveheart,71.279643,2006-07-04
83007,The Incredibles,13.877336,1998-07-25
35281,Batman Begins,17.350637,2005-05-18
38061,Up,71.89709,2020-04-11
96248,The Godfather,28.346519,2014-07-10
76558,Ratatouille,11.165811,2008-09-03
84652,Alpha and Omega,52.264173,2000-01-26
17639,Vertigo,80.733045,1996-08-20
63843,Psycho,30.963271,2005-01-13
39605,Back to the Future,26.42295,2012-03-05
28053,Casablanca,21.172898,2008-05-31
8331,Monsters Inc,47.930359,2004-10-21
19903,Batman Begins,57.489733,2010-06-08
49468,Star Wars,13.889288,2005-02-26
32731,Pulp Fiction,80.242636,2006-01-23
62891,Indiana Jones,53.242341,1996-11-25
35878,Up,56.49479,1995-02-24
51754,Forrest Gump,12.197095,2004-11-12
983,Vertigo,62.512913,1997-07-07
82288,Ratatouille,67.992769,2002-12-27
34352,Titanic,40.679596,2003-01-30
19201,Titanic,60.121723,1994-10-29
38478,Vertigo,23.725104,2016-02-15
4332,Better Luck Tomorrow,64.108546,2006-01-23
99573,The Godfather,53.535474,2015-01-25
2630,Back to the Future,58.488629,1991-03-04
82885,Monsters Inc,25.544278,1990-01-31
60123,Troy,79.015992,2016-03-01
14206,Up,82.683171,2013-09-20
64171,Psycho,10.922814,2016-12-16
11292,Forrest Gump,86.828823,2000-09-18
12041,Avatar,77.701365,1991-01-26
75590,The Incredibles,55.547599,1996-09-23
60335,The Matrix,5.982438,2004-06-11
22812,Better Luck Tomorrow,52.565117,2010-09-06
23452,Citizen Kane,47.124266,2001-11-26
30600,Up,22.734509,2015-06-12
21879,Jurassic Park,83.4367,2018-12-06
66310,Titanic,32.393734,2003-01-03
85627,Goodfellas,58.235333,1991-04-15
12366,Schindler's List,45.330416,2010-01-23
98744,Alpha and Omega,87.907688,2003-11-30
4788,Jurassic Park,50.346324,2003-11-04
21421,The Avengers,28.160771,2016-02-01
91601,Brave,72.3534,1993-01-16
88486,Avatar,76.855865,2018-04-09
4293,Citizen Kane,93.49791,2017-12-07
84412,Finding Nemo,74.748781,2004-06-20
88795,Back to the Future,5.434243,2020-08-09
83304,Titanic,82.993308,2019-10-23
58991,Citizen Kane,48.491293,1993-11-06
99179,Iron Man,15.04807,1993-09-07
61308,The Incredibles,97.858271,2019-05-28
79639,The Lion King,65.17894,1998-12-15
25248,WALL-E,89.284164,2012-06-13
40155,Gladiator,18.177788,2010-02-28
56269,Monsters Inc,77.755356,1998-07-28
24267,Lord of the Rings,59.852642,2002-07-26
81661,Shrek,38.939422,2003-12-28
24877,Indiana Jones,21.760504,1995-12-26
95595,Titanic,34.404433,2002-08-29
45518,The Godfather,53.641785,1991-05-29
89089,Shrek,73.437187,2005-09-22
53630,Star Wars,43.87648,1990-11-15
2186,The Godfather,39.557476,2002-09-19
29935,Inception,1.351809,2012-12-11
73995,Iron Man,94.955601,2008-12-23
85975,Alpha and Omega,77.186735,2016-02-05
85434,Iron Man,99.591009,2011-10-14
99907,Shrek,92.073103,2013-05-21
378,Finding Nemo,86.36701,1999-07-13
65014,Se7en,6.279229,2001-05-05
31859,Casablanca,61.753318,1995-02-16
29568,Schindler's List,22.922835,1999-12-03
43043,Avatar,88.213599,2008-01-05
66694,The Silence of the Lambs,82.066956,1992-09-05
2056,Troy,17.45422,1998-10-26
96455,Lord of the Rings,78.753773,2013-02-23
40692,Citizen Kane,98.698189,2003-02-23
1818,Toy Story,36.072516,2020-02-23
58907,The Silence of the Lambs,36.841764,2001-11-26
11932,Goodfellas,3.000541,2009-06-09
94113,Braveheart,72.838585,2007-03-26
20260,Pulp Fiction,82.776466,2005-03-16
68336,Better Luck Tomorrow,5.1382,1993-06-28
42214,The Incredibles,94.555854,2012-07-28
11070,Harry Potter,7.810178,2012-05-20
44244,The Avengers,57.101583,1995-08-19
69355,Better Luck Tomorrow,92.770875,2009-02-25
80067,Inception,92.872322,1999-10-10
65092,Harry Potter,13.759366,1992-04-10
28343,Back to the Future,97.146608,2001-10-13
50556,Indiana Jones,27.407559,2010-07-28
53227,Psycho,34.493465,1997-03-22
23148,Cars,67.674103,1992-05-04
47767,Ratatouille,11.653305,2015-06-10
31624,Titanic,53.662515,2016-08-23
95611,Braveheart,81.68963,2003-11-21
72150,Cars,49.871253,2003-07-27
80428,Schindler's List,6.575459,2020-12-24
97968,Monsters Inc,80.602564,1992-03-31
99155,Pulp Fiction,24.409305,2007-09-02
76804,Se7en,80.660609,2000-08-14
85855,Alpha and Omega,93.847123,2011-05-14
2280,Kingdom of Heaven,75.603962,1993-10-27
2887,Cars,3.798614,2010-12-31
63061,Star Wars,66.124716,1999-11-24
50900,WALL-E,27.578941,2002-08-22
45328,Infamous,20.297453,2014-09-24
61574,WALL-E,76.202891,1992-10-10
53491,Oliver Twist,29.309439,1999-04-15
11114,Schindler's List,14.787154,2010-01-03
25887,Jurassic Park,17.504625,1996-03-17
23135,Gladiator,67.887768,1993-03-13
72877,The Avengers,46.016772,2016-03-17
4284,Alpha and Omega,21.258625,2013-10-23
2204,Gladiator,8.429493,2015-01-27
30274,Shrek,93.757712,2013-02-08
42227,Cars,99.754215,1995-08-17
41251,The Matrix,39.720122,1990-06-09
11995,Avatar,25.244979,2006-08-09
77448,Gladiator,4.656748,2004-11-12
53627,Lord of the Rings,31.074035,2004-04-04
15084,Back to the Future,58.482955,1998-04-26
69989,Goodfellas,52.678328,2000-12-23
50539,Avatar,41.423647,2014-06-12
33867,The Godfather,36.527617,2013-05-17
49652,Infamous,97.833889,2017-11-29
96758,Ratatouille,50.277025,1999-02-11
55098,Avatar,1.381915,1992-01-26
92285,Lord of the Rings,70.07487,2003-05-16
18620,Fight Club,58.531661,2019-03-11
933,Inception,16.239962,2007-10-30
11988,Indiana Jones,70.980018,2004-01-19
48273,Toy Story,2.479382,2011-07-16
69417,Kingdom of Heaven,72.679472,2000-06-15
67536,Interstellar,15.369231,1991-04-15
95830,Iron Man,98.463461,2020-04-10
38572,Troy,51.385039,1991-09-23
41295,Se7en,1.564425,2003-05-03
98787,Oliver Twist,83.887353,2006-01-02
34430,Braveheart,82.569544,2010-01-18
95183,Pulp Fiction,76.454043,2001-12-13
2129,Harry Potter,54.025272,1996-08-10
80347,Spider-Man,22.235806,1990-07-05
87481,Se7en,64.17883,1992-04-15
56707,300,84.874025,2001-02-06
1418,Troy,49.555847,1999-03-05
71082,Jurassic Park,7.181275,2015-06-02
59345,The Avengers,97.53868,2017-09-09
75099,Spider-Man,67.834288,2020-10-15
5424,Pulp Fiction,98.197705,1999-08-01
19534,Iron Man,19.105848,2013-10-17
16183,The Silence of the Lambs,20.737368,2005-11-27
97741,Alpha and Omega,10.497424,2020-12-16
38514,The Incredibles,21.440882,2001-05-23
21001,Shrek,11.279942,2015-01-31
76792,Batman Begins,27.667077,2000-11-03
72392,Brave,58.250769,2013-07-25
77628,The Godfather,82.064537,2018-11-17
56806,Better Luck Tomorrow,10.085725,2000-10-26
84575,Up,16.175154,1997-05-30
32470,Toy Story,29.336964,2001-11-22
5138,Brave,34.661631,2011-11-17
12446,Indiana Jones,88.974553,1997-08-19
32552,Back to the Future,23.063922,2004-10-19
88408,Titanic,13.228371,1994-02-10
11502,Monsters Inc,87.43811,1999-04-10
43510,The Lion King,88.328181,2018-04-09
73931,Kingdom of Heaven,78.630328,2019-08-01
74167,Grown Ups,38.443648,2002-01-08
37086,Inception,91.325883,2013-11-24
26929,Iron Man,44.213827,1992-03-23
68462,Monsters Inc,79.258924,2005-06-10
51569,Oliver Twist,43.773287,2000-10-10
49680,Kingdom of Heaven,48.448009,2000-02-09
47229,Inception,86.098575,2001-10-04
29808,The Avengers,0.593744,2010-11-02
55993,Grown Ups,27.761724,2002-11-07
69027,Titanic,64.565417,2003-03-22
7415,Psycho,92.232229,2009-08-18
92046,The Matrix,1.748548,2010-04-14
65460,WALL-E,46.697708,1998-02-06
23304,WALL-E,51.891345,2012-05-26
99272,The Shawshank Redemption,99.940016,1997-12-15
76241,The Godfather,69.862258,2015-08-12
90590,Back to the Future,13.070945,1999-10-12
78760,Citizen Kane,55.757185,2009-10-23
51719,Batman Begins,15.823825,1996-06-09
16322,Ratatouille,72.74939,2000-10-01
83519,Grown Ups,36.65696,2013-04-18
16078,Fight Club,66.263525,1991-08-06
55865,Psycho,89.508681,1995-09-13
66450,The Incredibles,79.269657,2010-04-26
673,Up,79.776963,2006-06-05
31340,Harry Potter,28.415431,2008-02-09
39249,Grown Ups,59.309073,2016-04-23
14878,Alpha and Omega,19.175838,1991-05-05
40241,Toy Story,22.490451,2007-06-11
1650,Infamous,70.929543,2020-01-28
57842,Interstellar,40.983452,1997-08-10
92055,Schindler's List,88.910796,2002-06-17
40135,The Avengers,48.974131,2013-07-15
86963,Cars,7.363362,1995-03-30
23845,Spider-Man,41.764936,1992-09-22
22989,Toy Story,13.829747,1991-08-15
65332,300,99.450938,2007-06-14
20684,300,2.866054,2001-12-23
30377,Gladiator,56.390046,2000-12-25
62310,Batman Begins,36.759153,2014-10-22
56111,Cars,60.88421,1992-01-19
21042,Finding Nemo,54.138827,1993-03-10
38049,300,91.849797,2020-04-22
71056,The Godfather,18.655029,2006-01-16
76631,Shrek,12.407163,2004-12-03
10062,Casablanca,87.100868,1999-08-19
66056,Iron Man,93.20961,2008-01-15
24863,Avatar,35.834001,1991-04-05
26041,Gladiator,95.651682,2014-12-30
78706,Casablanca,34.613348,2007-08-14
6767,Schindler's List,58.647753,2008-09-05
50920,Goodfellas,66.838517,2001-10-24
95050,Grown Ups,99.397154,1992-02-19
55266,Brave,17.446663,1990-09-14
76059,Casablanca,29.822258,1993-05-13
42482,Back to the Future,54.846989,2001-03-05
91312,Goodfellas,21.85932,2007-08-19
20078,Citizen Kane,58.212863,1991-10-08
15824,Indiana Jones,77.926821,2018-06-19
82102,Batman Begins,87.984801,2002-05-24
2647,Brave,33.954727,2005-11-27
54575,Fight Club,17.669165,1998-05-10
90108,Forrest Gump,68.728322,2010-05-07
49023,The Incredibles,68.809671,1991-09-05
78331,Avatar,44.070773,2008-03-24
29489,Up,59.564407,2008-11-19
15067,Iron Man,79.953983,2001-12-04
29824,Titanic,73.457099,1994-08-12
76910,Shrek,67.455107,2009-01-25
966,Indiana Jones,66.355924,2016-09-14
15187,Oliver Twist,72.558835,2009-05-10
93457,Pulp Fiction,60.944761,2008-08-30
27122,Oliver Twist,8.906512,1995-06-19
61602,Alpha and Omega,58.497901,1997-01-09
38352,The Avengers,89.018116,1991-08-19
78157,Star Wars,4.241893,1990-10-13
53292,Better Luck Tomorrow,40.205484,1990-04-17
69680,The Matrix,39.595569,1998-06-07
37894,Indiana Jones,25.778585,1993-10-18
8192,Inception,57.664635,2017-01-26
65494,Troy,17.477242,2016-01-24
43396,Jurassic Park,91.67663,2020-12-16
73260,Inception,15.986226,1998-03-31
69586,The Matrix,96.51821,2015-12-10
37994,Brave,1.656581,2003-06-09
85983,The Matrix,49.051707,2007-06-12
40005,300,4.103878,2013-04-05
47985,Forrest Gump,87.777333,2000-07-13
20592,Indiana Jones,79.975255,1998-06-09
81491,Shrek,22.891832,2010-12-10
58161,The Matrix,14.231313,2004-12-06
64329,Pulp Fiction,21.596059,2001-11-30
8552,300,8.293642,2004-06-01
214,Pulp Fiction,24.075623,1990-02-02
6429,Indiana Jones,7.276803,2010-12-31
92515,Schindler's List,85.325554,2011-02-18
13539,Cars,85.379067,2002-08-13
28064,Infamous,55.124109,2007-04-29
82673,The Silence of the Lambs,92.028846,2008-01-04
91118,300,35.35261,2019-08-29
59435,Troy,18.29379,2019-09-24
33320,Shrek,30.779031,1991-02-16
25984,Casablanca,12.805493,1995-10-15
11707,The Dark Knight,82.324661,2000-10-18
56220,Brave,76.161721,2016-05-14
44046,The Matrix,19.38393,2007-11-05
29589,Finding Nemo,54.778802,2002-03-06
27400,Cars,28.423381,2014-07-24
1145,Psycho,13.548627,2011-01-03
39078,Goodfellas,24.909191,2014-04-23
86683,Back to the Future,60.183688,2012-04-02
92585,Kingdom of Heaven,65.241875,1990-03-01
34817,Vertigo,19.09261,2007-02-24
16420,Citizen Kane,77.494298,2006-07-26
86889,The Avengers,57.70338,2002-06-27
30978,Toy Story,43.211437,2016-10-10
43605,Schindler's List,64.804194,1992-03-27
24735,Schindler's List,33.662087,2019-04-26
5857,300,26.750324,1993-10-18
76567,Se7en,92.667935,2006-02-05
77791,Braveheart,89.970506,2012-11-18
15231,Finding Nemo,47.786243,2018-02-28
62741,Citizen Kane,60.586864,1991-03-29
25091,Fight Club,65.866006,1995-02-14
85592,Ratatouille,65.733799,2016-10-20
45972,Schindler's List,53.051761,1991-11-03
44918,Forrest Gump,31.615608,2001-06-25
58978,Ratatouille,89.010857,2001-04-14
11787,The Matrix,56.412486,1999-06-05
17047,Batman Begins,90.772721,1996-09-12
97703,The Godfather,82.926301,2014-09-24
31687,Infamous,65.138648,2003-08-02
76377,Titanic,71.198125,2011-10-14
15402,The Shawshank Redemption,91.168057,2018-06-20
60056,Vertigo,63.314279,2012-01-27
35455,Braveheart,47.097689,2003-03-17
15447,The Matrix,44.504384,1990-06-29
39427,Lord of the Rings,97.99737,1995-08-26
80635,Brave,75.28537,2019-10-21
27427,Inception,67.29248,2012-05-07
50089,Inception,10.057682,2010-01-17
77797,Jurassic Park,59.009093,2005-05-13
76546,The Matrix,19.294316,2013-04-13
54695,Kingdom of Heaven,39.283224,2009-12-23
5862,Back to the Future,55.952081,2019-12-12
50926,Casablanca,1.293231,2009-02-25
7031,Troy,86.297464,2001-09-17
82940,Jurassic Park,44.150139,2003-04-08
2066,Alpha and Omega,62.457226,2003-09-21
59310,Alpha and Omega,20.594651,1992-03-17
2312,Interstellar,70.263758,2007-07-14
48969,Se7en,31.351609,2000-12-19
11520,The Shawshank Redemption,51.853732,2007-04-19
87453,The Incredibles,32.663211,2018-11-07
57880,Indiana Jones,64.63118,2004-10-19
75328,Braveheart,85.114234,1998-02-27
35796,Finding Nemo,64.287508,1997-10-08
30427,Shrek,18.228649,2003-09-19
50984,300,25.340169,2006-06-26
4124,Iron Man,52.512849,1997-10-30
95238,Up,27.494104,1991-04-23
18309,The Lion King,19.94856,2018-05-26
50501,Forrest Gump,5.142409,2012-03-08
81130,Iron Man,10.86343,2016-02-23
51254,Better Luck Tomorrow,56.699402,2011-10-14
10121,Indiana Jones,19.865383,2005-04-10
50252,Casablanca,50.09199,2011-10-25
2536,Kingdom of Heaven,64.3636,2016-02-12
97578,Toy Story,25.388813,2016-12-31
5147,Troy,94.978741,1999-06-12
53994,The Avengers,26.039472,1991-04-21
50166,Alpha and Omega,16.62903,2004-08-17
78068,Schindler's List,45.959137,1997-10-09
99201,Star Wars,44.494844,1995-03-09
70066,Inception,85.907293,2010-12-15
81121,The Lion King,5.211624,2009-03-30
3670,Better Luck Tomorrow,27.608392,2016-10-28
28311,Toy Story,87.967308,2020-12-17
90782,Citizen Kane,75.994514,1995-10-07
2380,Grown Ups,0.886946,2002-09-16
19049,The Matrix,53.025892,2008-03-19
78595,The Incredibles,24.852072,1996-12-08
16735,Citizen Kane,98.833095,1991-05-28
28338,Citizen Kane,98.364755,2018-02-04
75978,The Lion King,92.772126,2004-08-26
64489,Se7en,1.492703,2012-12-17
20612,Fight Club,90.542453,2002-12-18
53940,Batman Begins,33.004543,2005-12-28
29625,Alpha and Omega,64.370147,2006-01-03
81655,Harry Potter,45.194046,2002-06-03
81035,Gladiator,35.783103,2016-06-18
31221,Casablanca,29.050879,1992-01-29
37022,Forrest Gump,43.064508,2013-12-19
45058,Pulp Fiction,30.054634,1991-06-20
27244,The Matrix,92.638858,2001-05-24
8868,Better Luck Tomorrow,43.985315,2016-04-25
97619,The Matrix,94.491328,2009-07-25
2762,Braveheart,37.462672,2019-08-27
34970,The Silence of the Lambs,26.363339,2005-12-24
30318,Oliver Twist,81.010246,2002-08-23
24673,Jurassic Park,52.288566,1997-01-25
33267,Kingdom of Heaven,16.701729,1996-08-09
25489,Monsters Inc,92.836196,2001-06-13
70777,Ratatouille,96.228954,2006-10-31
92598,Oliver Twist,68.976688,2014-01-04
61596,300,97.198602,1996-07-17
49914,Braveheart,67.577018,2018-07-17
19745,Brave,62.509358,2014-08-08
33039,Goodfellas,82.679553,2002-09-04
27219,Brave,7.236943,2017-11-15
59605,Troy,44.568072,2020-10-24
49375,Indiana Jones,43.32917,1994-05-17
74882,Finding Nemo,62.271378,2000-07-25
28567,Spider-Man,35.043933,1994-09-01
87094,Ratatouille,45.622033,1990-01-22
50041,Monsters Inc,85.020972,1997-10-07
65871,The Incredibles,94.817579,2015-06-23
52079,Psycho,48.670208,1990-01-22
64887,The Godfather,70.668677,1995-04-13
82413,Star Wars,54.956808,2011-06-18
78849,Indiana Jones,86.826029,2016-08-20
72200,Goodfellas,26.543386,2019-06-24
94315,Forrest Gump,86.413589,2002-07-23
24455,Indiana Jones,51.75117,2005-07-06
18725,Grown Ups,45.886753,2008-01-11
93162,Inception,95.224701,2009-09-18
50197,Jurassic Park,30.854791,2004-04-01
57178,Casablanca,8.700558,2016-12-15
96546,Pulp Fiction,67.353825,2005-11-04
45941,Pulp Fiction,26.668774,2010-09-30
51062,Shrek,64.359412,2006-11-15
44897,Schindler's List,6.07111,2000-04-26
40993,Lord of the Rings,56.448304,2003-12-26
84067,Up,24.095255,2013-01-17
54079,The Lion King,7.989554,2002-11-15
38207,The Godfather,6.027544,2020-03-26
48185,Better Luck Tomorrow,95.778707,2015-08-15
17846,The Matrix,26.907509,2003-07-22
75228,Back to the Future,58.390939,2002-03-23
1674,Alpha and Omega,48.71763,1994-07-29
18727,The Godfather,36.60859,2015-07-14
22292,Harry Potter,54.487735,1990-08-06
91351,Se7en,56.188185,2003-05-06
54637,Batman Begins,83.806535,2018-03-02
1649,The Godfather,38.931739,1993-10-05
79777,Citizen Kane,35.606735,1998-07-15
8509,Iron Man,68.081991,2000-02-11
28066,Jurassic Park,37.491445,1998-08-25
1962,The Avengers,51.347699,2001-11-13
370,Titanic,17.727611,1996-05-18
19525,Kingdom of Heaven,28.742605,2000-06-26
43048,Pulp Fiction,20.517529,1992-10-23
96706,Lord of the Rings,84.145525,2002-10-26
55198,Shrek,79.901289,2004-02-05
81445,Toy Story,39.516574,2009-08-16
22986,Toy Story,44.309059,2020-04-29
1502,WALL-E,41.356636,2007-03-19
92823,Fight Club,19.681951,2016-01-02
50232,Schindler's List,78.442046,2020-12-08
99041,The Incredibles,82.97895,2008-03-17
14101,The Avengers,61.185517,1995-02-25
62362,Star Wars,74.343117,2017-04-18
38729,The Godfather,65.440378,2020-08-05
93527,Shrek,10.707126,1991-06-18
81016,Troy,55.331553,2014-05-08
34759,Better Luck Tomorrow,35.021482,2020-04-06
91230,Finding Nemo,22.40928,2019-01-07
48510,Grown Ups,66.653656,1996-04-21
63152,Cars,88.936529,1997-04-18
53324,Kingdom of Heaven,99.985354,2006-10-16
69575,Iron Man,57.940397,1991-05-26
30033,Kingdom of Heaven,67.40268,2011-07-11
32544,Oliver Twist,65.318214,2011-05-09
55055,Alpha and Omega,69.655927,2013-10-01
39198,Indiana Jones,25.00073,1995-12-27
79513,Monsters Inc,16.361069,2006-02-14
99269,Oliver Twist,41.039104,2013-08-06
99354,The Lion King,46.856316,2017-08-03
40090,Alpha and Omega,76.448648,2007-12-19
7483,The Lion King,62.461154,2009-12-29
56746,WALL-E,55.451369,2008-08-28
28406,Finding Nemo,50.099559,2007-02-28
42370,The Godfather,22.695304,2013-04-13
93936,The Incredibles,37.593196,2004-05-15
13198,Lord of the Rings,11.383548,1993-03-23
31599,Spider-Man,7.050111,2012-05-22
5075,Casablanca,1.813955,1999-03-11
8329,Titanic,9.220514,1994-08-26
93012,The Lion King,59.69394,2015-05-02
62805,Se7en,97.16663,2003-05-06
77054,Casablanca,3.353704,2003-02-26
2462,Fight Club,78.429147,2017-12-10
94528,Spider-Man,66.697851,1990-04-24
97962,Grown Ups,85.945306,2005-05-15
15064,Ratatouille,94.561782,2012-06-09
97112,Inception,81.392246,1991-12-12
80560,Forrest Gump,79.877765,1991-10-01
10923,The Incredibles,9.082742,2008-07-15
12576,The Avengers,36.21355,2019-04-03
65402,WALL-E,61.846357,1991-04-13
46772,Goodfellas,2.19793,1995-02-27
81392,The Godfather,47.723093,2019-10-22
53566,Titanic,1.326553,2001-01-25
72188,Jurassic Park,74.290367,2007-04-22
35924,Harry Potter,26.93504,2017-03-07
77445,Back to the Future,75.617811,1997-02-23
51141,Toy Story,48.266383,2019-05-30
43395,Alpha and Omega,11.245311,1995-09-10
54558,WALL-E,91.969539,2001-09-06
37097,Schindler's List,69.947516,1993-01-16
5771,Finding Nemo,72.577498,2008-09-17
52818,Infamous,23.470576,2002-06-16
5548,Pulp Fiction,12.995847,2014-07-24
86849,Psycho,95.470758,1997-06-29
18688,Monsters Inc,34.956093,1997-01-19
31384,The Matrix,23.827322,2008-10-29
14014,The Godfather,87.902209,2004-06-24
63379,The Avengers,46.602392,1996-10-12
54005,Jurassic Park,65.588388,1993-06-05
74457,Troy,26.992933,2009-08-27
65766,Iron Man,96.927828,2010-03-15
19763,Forrest Gump,47.665121,1993-09-19
25339,Toy Story,42.723191,2010-11-22
23364,Schindler's List,6.931108,1999-11-01
72427,Brave,70.948188,2014-07-25
90865,Back to the Future,54.332021,2003-12-17
54397,Jurassic Park,96.639018,2020-05-18
23252,Braveheart,13.199119,1990-03-02
20394,Harry Potter,39.409384,1995-05-12
13461,The Incredibles,25.777035,2003-01-01
7436,Se7en,66.929423,2007-04-08
16854,Finding Nemo,7.633496,2004-11-20
2038,WALL-E,99.264929,1990-01-20
77767,Se7en,71.573339,2011-03-05
55060,Vertigo,38.435739,2017-08-08
41771,Fight Club,37.148576,1994-09-23
13328,Vertigo,48.309543,2003-08-08
38189,Harry Potter,69.937846,2001-02-25
79574,The Avengers,59.352533,2003-07-30
64893,The Godfather,48.660228,2016-12-17
35100,The Lion King,19.943115,2015-03-15
32707,Batman Begins,17.792217,2007-08-29
68449,Jurassic Park,91.619701,2015-09-29
6266,Spider-Man,55.388906,1997-01-20
51484,Kingdom of Heaven,58.200667,2014-09-03
30135,Citizen Kane,43.564565,1992-12-10
9201,Grown Ups,70.958451,2008-05-30
75909,The Shawshank Redemption,80.258377,2005-04-01
16340,Cars,41.418374,1997-07-07
1828,The Dark Knight,5.735932,1998-02-06
46001,Fight Club,25.615037,2001-06-12
888,Iron Man,82.251234,1997-04-14
97294,The Matrix,56.240247,1999-04-29
5388,300,88.187744,2006-06-08
10998,Schindler's List,38.484347,2014-03-09
81184,The Matrix,31.839095,1992-03-05
78460,Titanic,0.641418,2019-10-04
3413,WALL-E,18.430718,2009-03-30
30934,Finding Nemo,33.848408,1992-11-08
19003,Citizen Kane,8.405604,2002-11-27
12633,Citizen Kane,60.657557,1998-05-14
74373,Gladiator,98.976694,2012-11-10
5843,Se7en,6.291968,2002-07-29
88082,Titanic,39.491652,2007-01-09
50314,The Incredibles,40.308234,2012-05-03
14645,Iron Man,7.44815,2017-07-18
56805,Citizen Kane,18.952605,2017-10-04
91497,Infamous,45.558074,2001-08-13
47881,Braveheart,95.578956,1991-04-30
35091,Braveheart,57.23264,2013-03-03
74442,Toy Story,10.434433,2006-07-19
95167,WALL-E,74.346209,2019-01-04
92696,Alpha and Omega,85.800162,2008-05-11
72229,The Incredibles,80.913675,2003-05-29
96059,Troy,81.924189,2007-02-25
96517,Finding Nemo,81.269497,2004-12-14
23026,Troy,22.668905,2007-05-13
94874,Troy,59.619016,1991-10-04
75140,Se7en,16.680795,1999-10-03
96253,Monsters Inc,33.172119,1993-04-09
5954,Up,42.018748,1993-03-23
36997,Brave,43.476648,2014-01-07
75656,Braveheart,44.069177,2015-12-30
47145,The Matrix,78.459424,2000-11-17
22396,Harry Potter,62.208378,1991-07-27
48449,WALL-E,64.357046,1995-07-30
80929,Braveheart,76.981734,1996-07-28
16923,Spider-Man,21.087654,2003-05-22
6238,The Lion King,46.710326,2011-10-06
96643,Schindler's List,85.590732,2016-04-29
8011,Oliver Twist,70.71748,2015-07-31
90588,Fight Club,88.069451,2013-04-01
60689,The Incredibles,45.595605,1990-06-07
26891,The Dark Knight,76.705011,2001-07-27
70764,Vertigo,26.965568,2003-07-03
73882,Indiana Jones,86.845085,2010-03-09
85239,Avatar,30.020018,1991-07-04
40546,The Lion King,34.389637,2010-11-24
37284,Goodfellas,71.907591,2015-08-24
27199,Back to the Future,74.901996,2018-02-11
70817,Star Wars,5.73394,2013-10-14
68020,Avatar,15.442013,1992-12-16
68155,The Lion King,25.346309,2012-12-23
19630,Casablanca,99.986674,2000-07-21
24982,The Lion King,82.333275,2000-09-10
76934,Schindler's List,71.647205,1993-05-29
26488,Batman Begins,96.362021,2000-05-18
32977,Alpha and Omega,68.875841,2006-08-27
95786,The Dark Knight,69.318619,2014-12-06
26572,Brave,89.868795,1994-02-17
54374,Shrek,30.544679,2006-09-29
57634,The Incredibles,0.674965,2017-07-02
40404,Se7en,71.63721,1995-01-05
41640,Ratatouille,16.033282,1992-02-14
23760,The Silence of the Lambs,29.080399,1990-03-28
81021,Cars,82.339206,1991-01-15
92683,Ratatouille,77.902548,2011-10-19
58263,Spider-Man,47.74002,2001-07-13
79548,Jurassic Park,10.881551,1995-02-14
33181,Cars,30.181826,2005-02-18
26451,The Shawshank Redemption,47.815087,2019-03-10
53631,Vertigo,76.933792,2013-01-07
20137,Up,98.478938,2006-09-07
17973,Alpha and Omega,62.745491,2008-03-19
39521,Grown Ups,5.809566,1997-12-21
74761,Jurassic Park,22.502596,2011-08-25
60073,The Matrix,26.323765,2014-12-21
78978,Grown Ups,63.626433,2005-01-27
77929,Indiana Jones,2.333298,2012-12-27
10149,Psycho,50.902573,2019-11-14
62273,Grown Ups,99.574091,2009-06-10
85618,300,76.983311,2003-12-08
34373,Braveheart,77.052355,2005-08-16
23064,300,74.665732,2015-02-27
64814,Ratatouille,68.498096,1991-01-31
42883,Harry Potter,30.187552,1994-06-06
98340,Kingdom of Heaven,78.399186,2020-09-19
94649,Up,64.765648,1990-11-29
68889,Schindler's List,23.275856,2017-09-13
11169,Goodfellas,97.910485,2006-09-26
22631,300,98.460181,2013-08-13
22683,Fight Club,37.704266,2003-09-05
59792,Oliver Twist,75.441737,2020-06-04
71685,Oliver Twist,68.296024,2005-11-14
97939,Se7en,58.599078,2011-09-01
57992,Better Luck Tomorrow,18.494783,2015-10-16
8614,Forrest Gump,47.050796,2017-08-26
60233,Back to the Future,73.128196,1995-06-12
36203,Lord of the Rings,98.839679,2006-01-05
52376,Better Luck Tomorrow,61.554741,2002-01-21
14542,Iron Man,75.342523,2014-01-17
7420,Up,91.432213,2012-04-22
93973,Schindler's List,61.57129,2010-12-16
90640,Harry Potter,76.569818,1999-04-27
64991,Goodfellas,46.077188,2010-01-13
74068,Fight Club,29.543197,1994-10-18
1530,Avatar,49.55743,2011-08-10
16431,Indiana Jones,9.35144,1999-01-25
30146,Inception,93.034722,2009-06-07
69061,Oliver Twist,31.387666,1992-08-30
73553,Troy,46.372744,2005-11-02
12006,Se7en,65.511187,1997-07-30
42829,Back to the Future,50.697208,1998-04-26
77097,Cars,28.636631,2001-12-01
2973,Up,98.437028,1991-06-24
52887,The Matrix,84.905234,1992-01-05
67523,Oliver Twist,10.727362,2002-11-21
65371,The Matrix,37.055197,2010-10-22
82858,Lord of the Rings,19.832155,1990-12-31
32380,Better Luck Tomorrow,48.127909,2004-04-30
37260,The Avengers,21.275194,2001-01-16
62263,Batman Begins,31.571209,1990-11-07
36024,Goodfellas,52.329408,2019-09-23
75994,WALL-E,14.836442,2002-03-11
99476,The Silence of the Lambs,86.164008,1997-06-10
1979,Titanic,36.583709,2013-02-04
76748,Harry Potter,91.472828,1996-12-04
61239,Toy Story,3.49398,2020-08-02
20281,Better Luck Tomorrow,77.284204,2011-05-18
34680,Finding Nemo,86.562653,2020-11-26
75811,Shrek,98.464735,1995-12-17
46510,Fight Club,13.62106,1997-01-27
34281,Interstellar,43.658019,2019-12-31
75700,Troy,76.150724,2005-02-05
65103,Alpha and Omega,51.599088,2012-09-15
26945,Up,82.168662,2016-12-16
40097,Finding Nemo,98.398398,2004-09-25
60444,Braveheart,75.786315,2020-08-17
20404,The Dark Knight,74.347767,2014-07-23
61884,Interstellar,57.00563,2003-11-04
23520,Up,46.584569,1995-07-27
6948,Infamous,83.584757,2013-06-08
84864,Shrek,23.671286,2011-05-04
37550,Indiana Jones,86.214442,1998-04-18
68877,Batman Begins,83.816727,2010-05-16
93982,The Godfather,73.850204,2002-08-16
13522,The Incredibles,69.740502,2014-07-09
36964,The Matrix,1.304136,1994-11-27
40967,Braveheart,99.046758,2010-01-21
27339,Interstellar,39.495278,2008-02-21
56396,Schindler's List,38.292471,2000-08-02
8135,Se7en,98.843085,2014-11-22
96523,Lord of the Rings,24.56797,2016-05-16
44926,The Shawshank Redemption,95.336607,2000-12-24
6881,Star Wars,38.826562,2020-07-28
16801,Troy,10.26943,2005-10-19
67988,Braveheart,52.545726,2008-03-10
71940,Kingdom of Heaven,70.769903,2000-09-23
51407,Indiana Jones,61.100808,2009-02-25
13651,Grown Ups,95.240983,2017-08-11
32958,Forrest Gump,38.680139,2000-04-19
79271,Vertigo,44.479452,2020-11-29
28908,Oliver Twist,24.970151,2008-09-16
56342,Finding Nemo,57.995107,2015-10-18
80521,Monsters Inc,93.994846,1997-10-10
72836,Avatar,34.888654,1997-11-11
54286,Interstellar,11.938392,1993-08-06
74266,Monsters Inc,36.929064,1997-03-25
67643,Toy Story,88.378329,2019-11-17
34386,Toy Story,90.067172,2009-12-30
56934,Batman Begins,12.635131,2000-12-14
83842,Kingdom of Heaven,76.570737,1999-03-01
78920,Brave,14.593349,1991-01-31
21638,Back to the Future,88.500098,1995-08-14
49740,300,47.782816,2015-11-04
16416,Interstellar,89.927236,2008-01-17
16376,Psycho,7.912431,2015-09-14
47820,Psycho,8.101414,2016-04-05
79096,Casablanca,93.565804,2001-08-15
88910,WALL-E,77.348005,2010-06-07
67070,Kingdom of Heaven,14.980928,1997-11-30
26879,Indiana Jones,89.104069,2013-12-02
15932,The Shawshank Redemption,85.45163,2001-02-05
37276,Jurassic Park,54.009547,2019-04-14
1514,The Matrix,16.923698,1991-02-27
28779,Spider-Man,42.532419,2008-12-30
36047,Troy,55.251356,2003-03-21
75175,The Incredibles,21.35106,2002-07-03
35043,Oliver Twist,85.916784,2014-04-17
54993,Interstellar,83.438405,2020-03-18
37317,Grown Ups,2.818884,2000-07-16
88410,Goodfellas,2.455006,2005-02-17
33240,Goodfellas,43.965645,1998-12-21
30182,300,92.458479,1991-11-02
43556,The Incredibles,76.927875,1996-01-12
27942,Infamous,95.867414,2007-07-23
98358,Cars,28.754256,2016-06-07
25391,Batman Begins,96.832321,1997-03-02
56299,Braveheart,53.384949,1997-09-13
69861,The Shawshank Redemption,61.29599,2016-01-23
4745,Harry Potter,23.275601,1990-04-08
68223,Ratatouille,46.407272,1998-07-16
24245,Batman Begins,75.744588,1995-06-14
84298,Cars,35.434327,2009-01-16
78973,The Matrix,7.431844,2004-07-29
92037,Cars,83.856446,1997-04-15
75771,Star Wars,3.822759,2006-11-02
74938,Cars,10.08103,1990-12-12
9658,WALL-E,63.891519,2012-02-17
84521,Vertigo,67.015946,2004-09-28
53684,Kingdom of Heaven,55.209374,1998-08-15
77753,Goodfellas,8.237038,1995-05-08
6532,Cars,77.796949,2003-02-20
46526,Up,60.021618,1997-08-17
5633,Batman Begins,67.212233,2011-08-19
49061,Lord of the Rings,0.788639,2013-10-05
99181,Citizen Kane,9.2458,2014-11-30
37857,Psycho,72.232421,2020-03-30
32472,Ratatouille,67.938545,2009-04-12
60289,Monsters Inc,20.236236,2003-10-18
46066,Braveheart,50.734755,1993-01-28
90860,Lord of the Rings,31.584309,2016-01-29
68866,Better Luck Tomorrow,62.677844,2012-08-26
49822,Jurassic Park,79.850115,2020-11-08
65642,Up,19.209474,2008-02-08
20792,Titanic,65.105878,1992-08-09
92061,Brave,43.721551,2008-04-13
82567,Cars,19.679068,1990-05-01
75438,Toy Story,39.954373,1997-05-22
91518,The Godfather,10.870701,1994-06-27
64068,Forrest Gump,65.937419,2008-05-01
21539,Psycho,99.820651,2011-11-04
88909,The Godfather,73.459939,2000-07-13
63576,Troy,85.272791,2011-12-03
85070,Toy Story,22.963773,2005-07-28
17470,Troy,11.065685,2016-02-15
65000,Se7en,0.713581,2007-01-25
25297,Pulp Fiction,73.094445,2012-04-11
5966,Shrek,82.402347,2011-09-15
95356,Brave,19.314285,2003-10-07
97439,The Godfather,48.089271,2002-04-10
53492,The Matrix,58.710159,1998-05-27
9523,Schindler's List,95.839776,1998-12-01
97287,The Dark Knight,91.437426,1997-04-21
6764,The Avengers,2.065964,2005-03-30
48259,The Silence of the Lambs,5.397847,2001-08-24
49022,The Avengers,95.910671,2006-08-03
31265,Ratatouille,6.280902,1991-02-28
81677,Infamous,58.409193,1992-01-04
97277,Infamous,8.387862,2020-07-03
56796,The Matrix,66.853706,1991-10-27
85681,Goodfellas,18.828839,1999-05-15
52468,Lord of the Rings,3.897889,2004-02-02
86666,The Godfather,28.243693,1996-06-28
68161,Grown Ups,53.368532,2012-11-25
50896,Finding Nemo,53.732542,2014-05-19
37347,Fight Club,76.472425,2020-02-27
7177,Grown Ups,6.517748,2003-11-13
89494,The Shawshank Redemption,1.314202,2009-11-15
70868,Indiana Jones,71.56362,2018-09-07
69551,The Shawshank Redemption,95.446919,1991-09-24
76371,Spider-Man,19.674554,2001-07-20
37115,Avatar,15.415648,2009-04-08
76166,Pulp Fiction,34.624021,1999-09-07
56391,Iron Man,70.372182,1999-09-13
95065,Lord of the Rings,76.299015,2010-07-27
75436,The Incredibles,93.700653,1993-08-03
55948,WALL-E,80.291508,1992-02-13
80634,Goodfellas,3.26198,1994-02-17
64590,The Silence of the Lambs,21.03455,1992-08-16
11350,Psycho,35.875228,1997-06-14
89511,Titanic,94.717702,1990-06-01
96165,The Incredibles,60.758194,2001-01-08
14656,Harry Potter,99.633579,2005-12-21
44707,Better Luck Tomorrow,32.10333,2016-04-07
75936,Kingdom of Heaven,92.177621,1996-06-20
88354,Cars,70.014116,1994-12-21
75972,300,88.762938,2012-03-31
16169,Interstellar,92.301172,1993-08-22
9662,Avatar,45.575965,2015-12-05
47672,Grown Ups,87.259348,2010-12-06
66398,Jurassic Park,98.332288,1993-01-15
50136,Oliver Twist,66.878143,1993-08-07
75177,Jurassic Park,26.275032,2007-11-08
54893,Kingdom of Heaven,27.297617,2011-12-18
7984,Interstellar,75.363533,2011-05-24
9989,Better Luck Tomorrow,33.200628,1997-07-06
94880,Iron Man,41.399151,2004-12-15
99304,Harry Potter,52.888942,2014-07-10
37567,Fight Club,91.212644,2019-03-03
1265,The Silence of the Lambs,71.276428,1995-03-08
80229,The Matrix,29.453161,1992-07-26
50080,300,13.800773,2006-07-11
53697,Finding Nemo,29.335178,1997-05-22
30796,Braveheart,33.685308,2004-12-16
72785,Ratatouille,73.395758,1991-11-28
1672,Shrek,42.811917,2015-02-08
30331,Iron Man,99.794681,1996-04-29
47931,Braveheart,3.932145,1998-11-22
70417,300,35.748018,2014-01-23
90650,Psycho,9.050252,2004-09-11
52241,Pulp Fiction,35.99396,1994-06-03
2229,Toy Story,43.654547,2018-03-26
47958,Indiana Jones,89.169026,2001-10-25
3331,The Godfather,42.823541,1997-04-05
21699,Troy,3.037566,2017-12-14
99267,Ratatouille,95.541203,1991-04-08
15367,Lord of the Rings,14.95298,1991-09-21
33082,Psycho,77.48417,1993-05-27
66863,Better Luck Tomorrow,20.42668,2006-08-01
28422,Vertigo,92.371682,2019-11-10
69677,Finding Nemo,23.041193,2008-06-06
82361,Indiana Jones,85.588987,2004-07-16
37683,Cars,41.748469,2009-11-19
66769,Jurassic Park,44.990737,1998-06-02
33145,Casablanca,63.106133,2004-11-15
49816,Spider-Man,48.998403,1996-02-24
55999,Up,34.005958,2005-10-28
45823,Iron Man,24.639137,1998-11-25
45244,Goodfellas,26.990371,2000-04-09
86535,Ratatouille,70.504813,2020-07-14
39118,Alpha and Omega,11.320529,1997-03-09
71789,The Matrix,56.375805,2001-12-13
21390,Back to the Future,38.261226,1991-04-11
72443,Braveheart,35.635613,1991-05-15
56183,Monsters Inc,71.691393,1995-05-26
11946,Interstellar,50.571156,2013-11-11
64378,Inception,8.180719,2014-04-20
25781,Psycho,91.001965,1999-03-08
15726,Forrest Gump,89.852959,2000-08-17
95957,Avatar,42.822961,2018-04-27
57524,Vertigo,1.868708,1991-10-30
21292,Forrest Gump,6.495022,2008-10-25
34867,Avatar,49.413909,2013-09-17
36101,The Avengers,8.602136,2003-06-13
34161,Gladiator,44.601055,1999-08-07
55317,Iron Man,19.3799,2001-11-15
24565,Troy,80.345949,1993-07-14
72247,Back to the Future,37.073604,2015-01-30
64476,The Godfather,38.159598,1999-10-13
5443,Back to the Future,2.981,2018-04-22
38261,Braveheart,65.549522,2011-10-29
4521,Star Wars,77.459715,2008-03-07
47095,Citizen Kane,26.715859,2012-07-15
23388,Brave,61.871211,2000-11-28
79319,The Matrix,64.866086,2009-01-09
68609,Alpha and Omega,63.151706,1991-11-20
66955,Better Luck Tomorrow,69.981537,2018-03-26
1670,Lord of the Rings,78.606316,2011-07-10
44805,Citizen Kane,75.925973,2007-10-26
4248,The Shawshank Redemption,57.61624,2011-05-01
9655,Se7en,93.918055,2000-09-13
36175,Goodfellas,78.155765,2020-12-26
55350,Star Wars,89.14041,2011-05-28
52181,Gladiator,51.028679,1990-08-21
95104,Ratatouille,70.197412,1996-06-08
91843,Goodfellas,86.376467,2000-05-19
69515,Grown Ups,54.207531,2012-02-25
26513,Pulp Fiction,87.466035,1998-07-01
27151,Cars,72.660801,2004-11-14
85748,The Dark Knight,75.50135,1999-01-17
70239,Avatar,92.770693,2003-08-13
32785,WALL-E,33.364641,2009-07-20
73037,Troy,59.669283,2012-02-29
42475,Star Wars,27.629682,2000-02-16
47708,Avatar,53.153794,2000-08-10
49584,300,44.643062,1996-11-16
40959,Indiana Jones,46.013581,2000-02-05
14417,Grown Ups,21.253426,2019-12-16
19552,Infamous,62.737321,2001-08-30
605,Fight Club,79.660033,2007-01-15
39362,Harry Potter,27.231461,2002-01-18
26481,Toy Story,12.830647,1996-06-30
41091,Vertigo,25.908248,2012-09-24
54763,Cars,75.645439,2011-01-30
92800,Avatar,6.808804,2019-12-02
61116,Spider-Man,61.971253,2005-03-04
4437,Iron Man,82.070944,1992-06-14
75489,The Avengers,80.264664,1998-11-29
90616,The Avengers,98.759962,2014-10-25
227,Harry Potter,79.103698,2003-07-10
34445,Avatar,13.916092,2013-10-09
6334,Gladiator,35.038615,2003-02-06
52503,Cars,22.089676,2020-09-27
17112,Troy,37.949841,1992-11-01
89702,Kingdom of Heaven,63.873068,2018-11-05
69842,Harry Potter,29.338343,2019-09-11
45999,Inception,13.312464,2016-02-29
43533,Spider-Man,71.5632,1999-03-09
7416,Kingdom of Heaven,12.160962,2001-08-19
28181,Indiana Jones,94.816386,2005-03-16
32214,Monsters Inc,62.048432,2013-05-25
89465,Gladiator,76.55851,1995-09-14
59976,Batman Begins,82.515953,1999-10-14
44139,Goodfellas,64.47964,1990-06-29
81248,Vertigo,70.348759,2010-12-17
76462,Grown Ups,79.139644,2017-02-26
3837,Ratatouille,45.68213,2000-09-16
36956,Vertigo,0.774079,2000-03-18
83813,The Silence of the Lambs,96.715311,2007-02-22
48882,Jurassic Park,24.650826,2014-05-26
58786,The Avengers,15.3941,1992-09-05
48434,Jurassic Park,91.961692,1998-08-17
87420,The Avengers,54.353127,2010-12-06
91223,The Matrix,27.928179,1992-04-26
49794,Iron Man,93.210631,2009-04-06
97124,300,85.608619,1993-07-20
3353,The Matrix,45.853274,2005-06-17
91414,Kingdom of Heaven,95.640169,1990-06-17
32388,Gladiator,9.775564,1990-03-16
20872,Finding Nemo,93.791988,2010-05-02
36296,Shrek,46.306305,2020-07-06
97921,Braveheart,46.412719,1999-06-09
17264,Shrek,45.605454,2008-11-23
5493,Alpha and Omega,43.334761,2019-12-02
52075,The Godfather,53.969146,2009-07-09
51606,Infamous,99.518433,2001-05-15
76555,Spider-Man,1.940731,2006-01-11
52386,Harry Potter,50.256951,2005-01-27
75025,Star Wars,28.721141,1993-12-11
3516,Goodfellas,17.56158,2020-03-07
52030,Casablanca,92.546875,2003-05-01
15560,Forrest Gump,38.756335,1999-08-10
71050,The Lion King,54.866539,2009-08-11
46890,Indiana Jones,93.072553,2015-05-28
87835,The Matrix,48.201034,2015-05-21
80990,Better Luck Tomorrow,29.175608,2008-11-09
39916,Cars,10.130219,2003-09-16
21497,Finding Nemo,60.03743,2014-05-07
35236,The Shawshank Redemption,91.203543,2001-12-12
40112,Braveheart,8.535819,1992-07-01
20273,Spider-Man,44.869265,2011-05-28
40816,Better Luck Tomorrow,66.630609,2014-06-02
14530,Troy,10.520769,1996-05-12
50427,Cars,8.332112,1996-10-19
20314,Gladiator,20.84736,2005-05-13
37762,Titanic,13.565588,2007-11-23
95764,Braveheart,38.093179,2020-11-02
84017,The Lion King,41.313627,2001-02-24
10202,Indiana Jones,45.548232,2013-01-06
45023,Better Luck Tomorrow,49.366509,2000-02-18
43222,The Godfather,6.296036,1996-11-14
55345,Spider-Man,66.465058,1990-12-26
9032,Troy,73.504839,2001-12-27
34207,Casablanca,14.154591,2005-05-12
13719,Vertigo,23.083288,2013-03-27
87414,Braveheart,28.416127,2002-03-17
88716,Interstellar,41.910655,1992-04-10
6100,Toy Story,40.455525,2013-10-10
21859,Up,20.964181,1990-12-29
80760,Goodfellas,7.810249,1997-07-01
1154,Infamous,29.401307,1990-03-21
64132,Star Wars,78.031915,1993-06-18
32202,300,6.3058,2018-08-13
74008,Vertigo,36.932585,2002-04-14
602,Ratatouille,19.682103,2010-01-24
81569,The Incredibles,71.394893,2020-12-07
7167,Jurassic Park,33.478863,2016-10-26
87398,Harry Potter,40.029163,2005-10-11
63136,300,91.751577,1997-10-27
66372,Oliver Twist,61.314147,1997-04-04
13811,Casablanca,82.470189,2017-10-09
59744,Better Luck Tomorrow,68.648672,2012-01-23
75481,Star Wars,96.020429,2010-05-05
78902,Pulp Fiction,57.371104,1995-06-05
29638,Pulp Fiction,25.367217,2016-01-30
39328,Psycho,69.588984,2019-09-05
9556,Oliver Twist,82.115466,2015-02-05
40161,Toy Story,96.774083,2012-02-23
88896,WALL-E,61.96615,2014-04-03
47105,Troy,82.285589,2009-07-27
46351,Vertigo,71.206357,1997-09-29
59048,The Shawshank Redemption,77.616176,2011-08-10
14831,The Matrix,59.978168,1997-05-16
84301,Brave,29.46108,1998-05-04
61407,Star Wars,9.216362,2013-04-28
48825,Harry Potter,72.131292,2005-07-30
26764,Fight Club,83.036721,2012-04-07
71097,Spider-Man,77.230208,2008-04-28
42363,Batman Begins,4.442306,2008-10-29
1484,The Shawshank Redemption,5.971041,2004-08-28
50555,Goodfellas,10.761552,2002-12-14
30920,Harry Potter,82.531919,1993-12-24
48589,Grown Ups,61.257498,2014-06-26
33433,The Dark Knight,59.175599,2018-07-18
17368,Gladiator,21.726543,2011-01-09
83662,The Shawshank Redemption,8.117329,2001-06-01
50313,Oliver Twist,79.713725,2014-05-02
31308,Vertigo,82.926229,2003-08-10
29660,Goodfellas,25.509528,2000-02-11
78361,Forrest Gump,82.682531,2011-12-27
53914,The Godfather,31.638691,2015-11-09
59731,Iron Man,81.291406,2009-12-04
70717,Grown Ups,7.333201,2015-12-13
26209,Goodfellas,34.800588,1998-04-11
30530,Up,77.156183,1998-08-26
63532,Iron Man,29.233001,1992-10-29
2460,Pulp Fiction,4.509471,2001-05-23
21831,Infamous,15.459013,2003-06-15
95734,Ratatouille,96.187799,2007-11-30
78603,300,60.224002,1992-04-05
54777,Pulp Fiction,18.107366,2016-12-31
65977,Spider-Man,64.945552,2003-03-08
29054,Up,62.519583,1992-10-15
78650,Spider-Man,41.076126,1999-04-22
22793,Batman Begins,66.844523,2007-08-25
95674,Se7en,11.624967,1990-12-13
84045,Forrest Gump,32.480714,1992-06-24
21432,Oliver Twist,4.239509,2000-01-28
73712,Lord of the Rings,91.489096,2008-04-28
60515,The Matrix,89.352111,2007-09-02
85550,Goodfellas,20.793444,1992-01-10
84834,Harry Potter,70.911707,1995-06-21
24912,Toy Story,81.399604,2016-01-15
93701,Spider-Man,41.016856,1999-12-11
64629,Pulp Fiction,81.785822,1996-04-24
52018,Lord of the Rings,49.493309,1991-10-26
83363,Star Wars,79.821906,2015-04-05
5319,The Lion King,75.856384,2007-03-07
96692,Grown Ups,56.409836,2001-09-25
32818,Forrest Gump,50.982123,2013-07-28
64308,WALL-E,29.631515,1995-07-03
98694,Indiana Jones,41.436934,2007-07-08
51277,Iron Man,39.478349,2014-04-14
45686,The Avengers,10.774395,1998-03-17
91081,Fight Club,52.645731,2014-01-23
66890,Gladiator,58.241303,2018-02-07
93969,300,96.916459,2009-09-21
20830,Iron Man,28.646882,2011-11-27
33498,Forrest Gump,40.246135,2006-02-09
44532,Vertigo,55.411645,1991-03-04
40654,Batman Begins,85.376993,2020-05-18
37418,Spider-Man,26.167452,2001-01-10
56412,Infamous,23.813703,2016-03-02
234,Monsters Inc,53.422343,2013-06-06
8269,Vertigo,13.292216,2000-12-28
72408,Grown Ups,69.794511,2012-05-06
5041,Toy Story,86.048694,1994-02-12
13648,Batman Begins,3.435731,2000-11-10
80699,Braveheart,19.899689,1994-02-10
5703,Monsters Inc,58.122298,2012-11-16
93406,Iron Man,82.865208,2008-01-13
26484,300,49.26247,2008-10-31
8069,The Avengers,78.543097,1991-08-04
56786,Vertigo,42.513971,2020-05-21
66311,Shrek,39.059701,2001-08-08
39052,The Shawshank Redemption,18.574459,1993-01-29
16560,Grown Ups,15.583598,2006-09-06
19140,Gladiator,74.654697,2000-07-26
12262,The Avengers,17.351281,2016-09-16
85012,300,41.070126,1990-09-19
38372,Shrek,54.727655,1992-02-29
27566,Pulp Fiction,26.807376,2010-07-25
15924,The Matrix,83.323871,2001-11-27
89752,Titanic,40.774344,1993-03-05
99500,Interstellar,37.984882,1994-07-23
442,The Incredibles,18.228626,2011-07-18
57223,Avatar,22.36989,2018-11-26
95338,Psycho,29.482327,1997-06-19
85148,WALL-E,35.258242,2002-11-02
33121,Toy Story,70.279132,2011-03-01
14770,Titanic,99.632382,2010-07-18
3037,Kingdom of Heaven,50.902548,2004-09-28
63732,Gladiator,70.682645,1991-06-05
73884,Goodfellas,24.748981,2003-12-01
62145,Pulp Fiction,94.736098,2011-03-27
28689,Grown Ups,81.133868,2003-10-05
28244,Up,68.665083,1996-01-08
77692,Citizen Kane,31.68259,1991-04-28
69033,Titanic,8.619507,2001-11-06
26269,Ratatouille,96.838343,1990-09-22
38804,The Godfather,72.657745,2008-01-31
34716,Infamous,14.088974,1993-10-27
77106,Forrest Gump,55.408319,1994-09-10
23258,The Godfather,61.295385,2020-10-15
45579,Inception,44.62345,1990-05-01
20005,Grown Ups,47.440404,2004-02-19
91937,The Godfather,54.825945,2012-10-13
83552,Better Luck Tomorrow,80.24985,2015-01-02
80806,Forrest Gump,81.263181,1991-03-17
81892,Finding Nemo,96.079524,2019-11-06
65457,Cars,17.604064,2002-01-28
50288,Fight Club,11.469634,2008-07-11
37344,Finding Nemo,61.248714,2014-12-16
61980,Back to the Future,70.531655,2014-05-26
14603,Se7en,34.324398,2000-11-12
69609,The Dark Knight,98.492442,2013-07-17
16654,The Godfather,84.198857,2005-10-16
45671,Interstellar,49.566627,2006-10-15
88515,Interstellar,72.557905,2002-10-24
62296,Cars,45.579345,2004-09-20
77925,Interstellar,20.362423,2014-07-24
82529,Schindler's List,16.35716,1990-01-08
20374,Ratatouille,29.35295,2019-05-23
21748,Titanic,89.625119,2013-12-20
35460,Grown Ups,37.885458,2017-06-02
53231,Harry Potter,90.717315,2013-06-06
18744,300,79.911654,2007-05-15
29563,The Matrix,60.888126,2008-02-11
29165,Gladiator,89.793555,1992-01-18
61930,The Incredibles,19.351589,2007-01-17
53270,Finding Nemo,8.084098,2004-07-26
46588,Finding Nemo,75.162315,2017-01-30
56760,The Dark Knight,90.588915,2001-04-26
84711,300,38.617885,2000-07-19
70988,300,0.963175,2003-06-17
94578,Vertigo,76.749945,2017-05-26
82030,Monsters Inc,36.81147,2018-09-01
51329,Schindler's List,58.769333,2000-01-04
30410,Kingdom of Heaven,21.334994,2005-10-20
1861,Titanic,68.291308,1997-11-07
12647,Toy Story,53.42371,2001-02-17
24968,Titanic,3.297576,1993-11-12
20847,Iron Man,1.108716,2020-07-08
69611,Kingdom of Heaven,44.054461,2017-02-19
18975,Braveheart,16.811588,2002-08-20
28911,WALL-E,90.610767,2003-06-20
1296,Goodfellas,10.883689,2015-07-30
70637,Oliver Twist,71.760489,2000-01-08
42881,300,35.320115,2016-06-15
3602,The Incredibles,93.529673,2002-04-12
50267,300,13.726619,2019-02-04
33311,Shrek,77.883574,2010-12-09
12624,Oliver Twist,95.942932,2001-11-18
42019,Avatar,95.71901,2017-07-05
42875,The Avengers,25.992253,2020-10-04
2627,WALL-E,29.998487,2005-04-29
88557,Grown Ups,15.373771,1999-02-08
55415,Forrest Gump,37.577424,1993-03-30
17597,Star Wars,68.368443,2010-10-15
10091,Monsters Inc,1.570269,1993-02-28
74786,The Shawshank Redemption,65.205594,2018-06-16
26675,Forrest Gump,2.273764,2013-03-26
64496,Better Luck Tomorrow,66.906616,2001-11-07
92024,Avatar,84.122673,1997-02-06
62617,Oliver Twist,36.335995,2016-11-05
67059,Harry Potter,40.959116,1996-04-03
31691,WALL-E,72.901368,1999-05-31
75915,Spider-Man,81.022646,1997-03-25
11934,Cars,99.964848,2005-08-20
27681,The Godfather,54.290621,1995-01-05
17255,Fight Club,85.53107,1999-10-01
61069,Star Wars,6.083519,1997-04-21
93133,Se7en,11.154985,2017-08-04
77968,The Dark Knight,87.1064,2011-11-24
84135,Brave,38.154051,2014-09-10
77139,The Matrix,22.992635,1992-08-24
78045,Kingdom of Heaven,40.820838,2013-01-31
50679,The Dark Knight,52.799006,2016-01-11
1676,Schindler's List,32.748878,2018-07-11
93885,Iron Man,20.166583,2000-02-17
85544,Toy Story,4.182025,2013-10-18
69197,The Silence of the Lambs,76.875043,1992-03-18
1847,The Avengers,90.445594,1993-12-15
21956,The Silence of the Lambs,2.212344,2018-06-04
42669,Back to the Future,35.271719,2000-06-23
93811,Forrest Gump,89.320187,2005-03-24
28112,The Matrix,2.556912,1998-06-27
93899,The Dark Knight,73.282214,2019-01-09
84047,Infamous,24.708034,2009-10-25
69132,Cars,77.41683,2016-02-13
18865,Schindler's List,68.086685,1994-06-21
87646,Pulp Fiction,94.150376,2016-10-14
91859,Brave,31.008958,2015-03-31
14583,WALL-E,15.579951,1996-09-06
23990,Braveheart,49.756231,2007-02-07
35733,Jurassic Park,98.490423,2002-02-20
54333,Titanic,4.52182,2015-02-22
41426,Casablanca,18.248395,2000-02-25
38565,Fight Club,85.799104,2014-08-16
13378,The Dark Knight,68.786821,2012-04-29
44090,Harry Potter,42.77837,1999-05-22
74356,Star Wars,49.618963,1994-07-18
60614,Citizen Kane,25.95244,2014-08-21
3886,Grown Ups,96.263678,1998-09-15
75291,Harry Potter,34.631506,1991-01-23
32719,Back to the Future,38.296833,2004-01-16
37129,Spider-Man,47.172275,1999-03-15
80293,Monsters Inc,21.758024,2006-08-30
9262,The Shawshank Redemption,20.050461,2001-05-06
90366,Se7en,60.263724,1999-05-02
16200,The Matrix,77.582599,2008-01-31
67426,Ratatouille,75.340895,2014-08-10
81454,WALL-E,56.778384,2006-06-12
58130,Back to the Future,64.072632,1994-07-11
60474,The Lion King,56.587344,1999-02-09
8335,Star Wars,87.555284,1990-12-29
59365,Grown Ups,39.050132,2020-07-22
87061,Citizen Kane,12.767799,2018-05-01
13897,The Silence of the Lambs,43.831808,1995-03-16
39978,Lord of the Rings,87.143771,2017-10-09
42557,Harry Potter,90.127809,1999-08-04
88115,Braveheart,59.154029,2000-06-29
19166,Star Wars,6.692728,2007-01-10
96492,Iron Man,72.374373,2017-01-12
27417,Finding Nemo,65.478307,1994-02-28
76471,Pulp Fiction,45.44303,2004-04-18
9581,Cars,16.718589,2012-07-17
50507,Cars,60.843404,2009-09-21
3300,The Shawshank Redemption,48.488951,1996-08-05
70677,Se7en,6.512303,2000-04-03
55677,Citizen Kane,40.08174,2019-02-16
69705,The Shawshank Redemption,93.900236,2006-05-01
89782,WALL-E,41.442062,2000-12-08
32377,Better Luck Tomorrow,43.226678,2002-11-21
61675,Oliver Twist,55.964838,1997-03-21
14622,Harry Potter,30.06403,2007-11-22
58654,Finding Nemo,7.816835,2016-06-13
19151,Psycho,60.325873,2008-03-03
35644,The Avengers,49.759634,2011-01-11
75863,Infamous,68.482577,2010-12-18
64711,Gladiator,47.903035,2005-02-15
88236,Spider-Man,25.109819,2011-01-26
63594,Goodfellas,38.745238,2017-10-26
43817,Schindler's List,1.843465,2014-12-17
28580,Goodfellas,15.937718,1997-03-27
17272,Brave,78.707896,1990-04-01
59200,Ratatouille,93.201379,2004-09-03
65589,Harry Potter,36.829587,2002-11-12
83900,Casablanca,92.781726,2004-05-28
65790,Jurassic Park,63.729345,2016-01-23
36297,Brave,28.406237,1997-07-10
71681,WALL-E,60.175534,2005-08-25
89101,The Godfather,80.907484,1998-09-24
87082,Toy Story,78.691765,2010-04-29
98821,The Incredibles,88.567632,2011-02-05
18696,300,78.82481,2010-05-17
94634,Fight Club,69.70645,1990-06-13
90533,The Silence of the Lambs,38.678278,1999-01-07
75049,The Dark Knight,18.383848,2016-02-28
22993,Up,11.709298,1998-05-27
9510,Harry Potter,81.360746,2009-10-17
33980,Finding Nemo,76.789816,2006-08-26
65861,Jurassic Park,89.496487,1990-05-18
44372,Vertigo,7.529684,1995-01-15
96855,Fight Club,63.712726,2012-09-20
60059,Alpha and Omega,72.186571,1994-09-15
89078,Casablanca,41.549236,2018-02-25
27138,Citizen Kane,53.376569,1995-09-30
35083,Toy Story,49.907365,1994-08-13
63517,Kingdom of Heaven,43.776837,2020-06-25
22611,Fight Club,29.416335,1991-11-12
76270,The Shawshank Redemption,98.906316,2006-12-19
65765,Star Wars,88.395403,2019-11-02
80690,The Dark Knight,78.764129,1996-06-11
54167,Casablanca,84.265736,2009-08-27
9760,Psycho,83.815512,2010-08-12
23964,Troy,7.940541,2008-05-24
7533,Titanic,57.688401,1993-02-12
92192,Goodfellas,47.335108,1994-07-30
54036,The Matrix,20.274626,1997-03-27
18452,Back to the Future,26.490591,2011-03-24
7432,Citizen Kane,14.559461,1997-11-27
76571,Citizen Kane,47.592566,2018-05-06
14461,Gladiator,26.00467,2004-01-22
81794,Batman Begins,21.647091,1995-04-19
81950,The Godfather,55.096963,1993-10-16
91992,Infamous,21.658532,2006-02-20
13420,Grown Ups,59.166706,1990-08-01
70184,Up,15.976161,1995-11-28
15609,Jurassic Park,70.70949,1991-02-14
44810,Schindler's List,30.66849,1999-04-16
61889,Cars,76.457991,2009-05-31
5547,Up,79.753686,2006-05-14
61493,Indiana Jones,98.586421,2012-02-24
52869,Forrest Gump,2.145413,1993-10-03
53547,Batman Begins,81.084922,1997-01-12
34607,Jurassic Park,48.448025,2001-08-20
34537,The Lion King,12.711574,2006-06-08
35580,Shrek,75.891275,2016-08-24
92819,The Dark Knight,7.048004,2008-07-10
90903,Avatar,86.834228,2020-03-09
31536,Avatar,63.421589,2013-07-17
32970,Finding Nemo,19.273945,1993-05-28
58853,Toy Story,68.248239,2008-02-24
74038,Avatar,17.146229,2017-03-04
94819,Psycho,56.758821,2006-04-15
87035,Grown Ups,0.995407,1993-06-05
30076,Avatar,93.755103,2015-02-27
63698,Interstellar,6.865998,2018-04-01
60321,Jurassic Park,75.106877,2015-09-17
48002,Troy,70.648871,1995-08-19
21893,Iron Man,65.330758,2004-07-28
54961,Oliver Twist,4.391411,2016-12-30
1085,Better Luck Tomorrow,65.723372,2001-10-08
61120,Pulp Fiction,61.475147,1997-01-06
92213,Monsters Inc,63.447026,2004-12-18
82474,Psycho,54.059661,2000-07-15
91842,Indiana Jones,33.379837,2003-12-30
6943,Spider-Man,23.798694,2005-12-30
20274,Finding Nemo,45.903529,2011-08-07
20383,Kingdom of Heaven,38.798848,2016-06-01
48400,Psycho,68.928036,2011-03-09
28200,Cars,27.431628,1993-10-21
37985,Goodfellas,79.274256,2008-02-11
11591,Grown Ups,97.996752,1995-02-13
36559,Batman Begins,70.005801,2001-08-04
13586,Back to the Future,51.475943,2016-08-10
85876,Inception,17.547651,1996-08-25
85746,Schindler's List,98.222148,2003-09-08
50058,Harry Potter,27.634234,2008-09-27
26654,Casablanca,57.053465,1998-07-07
61608,Cars,44.529016,2019-11-21
6455,Cars,20.33226,1994-02-09
16979,Iron Man,78.191346,1991-08-05
21848,Finding Nemo,12.226407,1996-03-14
27767,Better Luck Tomorrow,43.267663,2015-06-03
98912,Fight Club,21.531237,1993-09-15
78240,Up,55.183451,1990-10-06
76464,Braveheart,86.149807,2000-07-19
39649,Up,89.134219,2017-10-03
19726,Inception,53.284674,2002-11-04
56397,Pulp Fiction,24.541706,2005-03-26
68945,Batman Begins,38.654957,1992-05-29
79079,Better Luck Tomorrow,69.03184,1992-12-09
78936,300,29.138416,2001-02-25
53952,Psycho,15.769002,1998-01-15
16535,Schindler's List,28.188588,2013-08-26
58169,Vertigo,12.590407,2009-07-02
41774,The Lion King,28.027222,1990-11-28
27283,Gladiator,4.82926,2018-09-06
60737,WALL-E,6.70701,2012-03-22
4991,Schindler's List,85.914705,2011-03-28
43785,Braveheart,18.235926,2001-02-19
93790,The Avengers,84.457048,2012-04-03
19340,Batman Begins,99.589741,2017-06-04
37646,Avatar,39.352615,1994-09-13
61429,The Silence of the Lambs,45.054615,2009-08-20
1080,Batman Begins,28.95416,1994-03-24
31472,Se7en,12.359849,2016-10-31
53461,Monsters Inc,63.870564,2017-04-22
51230,Se7en,84.879172,2008-01-25
64630,Se7en,67.104178,2001-11-06
96760,The Lion King,11.379544,2002-04-04
32692,Monsters Inc,60.865313,1996-03-06
27821,Oliver Twist,64.108507,2011-10-23
63256,The Incredibles,69.130054,1998-08-13
17196,Grown Ups,7.412772,2003-10-14
97756,300,69.961899,2018-07-15
24999,The Avengers,60.662303,1992-02-22
2787,Jurassic Park,86.877738,2004-11-29
23221,Gladiator,16.932302,2009-10-16
9930,Harry Potter,6.682528,2014-09-18
14324,Casablanca,81.381449,2017-05-29
88695,Infamous,10.742805,2018-04-17
34082,WALL-E,38.323722,2005-06-18
15135,Oliver Twist,86.95748,2006-08-12
28286,Infamous,28.188166,2008-12-13
68542,Spider-Man,44.448254,2003-05-25
8050,Gladiator,61.612151,2004-07-31
12927,Vertigo,64.095043,2010-09-09
67003,The Avengers,59.612241,2019-08-16
74976,Iron Man,6.53452,2001-10-08
52113,Jurassic Park,77.952044,2002-03-28
21372,Goodfellas,79.598139,1996-11-25
68173,Interstellar,10.879091,1994-03-28
66371,The Silence of the Lambs,74.0956,2001-05-10
71281,WALL-E,50.637729,2007-10-13
76162,Spider-Man,1.753252,2000-09-19
92100,The Godfather,69.571376,1994-11-02
61721,Inception,46.350649,2017-12-12
9534,Batman Begins,13.102973,1992-04-22
88395,Cars,17.996535,2015-06-05
70152,Back to the Future,75.898194,2000-09-10
42052,The Godfather,94.555893,1990-02-15
88663,The Godfather,16.816759,2003-08-04
27692,Psycho,40.535709,2005-09-01
38423,Better Luck Tomorrow,32.308316,2006-11-15
84305,Star Wars,58.884345,1997-12-08
21604,The Matrix,19.927858,2011-05-07
28963,Ratatouille,58.112969,2011-05-07
90713,Indiana Jones,83.203383,2009-06-16
92155,Fight Club,64.291218,2004-10-11
25003,Se7en,19.830425,2000-04-25
46670,Forrest Gump,75.024833,2019-04-28
9883,WALL-E,46.289663,1991-04-22
93490,Kingdom of Heaven,11.736299,2003-10-18
49805,Brave,33.049669,2008-07-17
60397,Braveheart,24.524943,1997-12-11
66966,The Silence of the Lambs,84.422375,2019-10-24
32475,300,23.08077,2009-07-04
16738,Finding Nemo,51.4346,2011-04-20
77826,The Lion King,65.404779,2005-11-27
87823,Back to the Future,6.103575,2017-02-24
714,Jurassic Park,14.523026,2005-05-17
38596,The Silence of the Lambs,78.816822,2003-03-29
45928,Inception,34.717178,1997-12-21
49737,Alpha and Omega,70.350704,2018-12-31
66307,Indiana Jones,76.047149,2004-08-20
13663,Harry Potter,64.446865,2020-04-21
56848,The Incredibles,58.380698,2002-09-08
38919,Toy Story,49.75353,2012-10-01
69271,Jurassic Park,39.599197,2010-04-03
97224,Grown Ups,15.372042,1996-04-07
55730,Pulp Fiction,97.300432,2013-10-11
12358,Fight Club,64.370847,2007-05-09
74129,The Avengers,19.828586,1995-02-08
15628,Schindler's List,83.730289,2000-11-06
773,Kingdom of Heaven,82.332629,2018-08-17
39903,Batman Begins,75.421568,1993-12-23
31418,Harry Potter,12.010861,2020-09-27
21531,Citizen Kane,2.281636,1995-06-14
78215,Kingdom of Heaven,70.968364,1993-09-06
26529,Avatar,20.848086,2011-04-25
56834,Psycho,84.153756,2017-08-19
61008,Toy Story,67.436329,1994-06-29
35060,The Shawshank Redemption,37.753446,1995-05-09
30500,Pulp Fiction,49.007209,2003-07-17
26686,The Incredibles,50.522472,2003-03-15
34870,Harry Potter,38.202874,2007-12-01
12680,Avatar,18.347521,1991-07-13
39053,Troy,99.437281,2012-09-28
9293,Goodfellas,75.04724,2011-10-14
50974,Interstellar,16.063339,2006-10-05
65156,Interstellar,3.939572,1999-06-27
75023,Cars,34.760903,2006-09-22
26337,Citizen Kane,55.667601,2000-05-15
98380,Pulp Fiction,93.825022,2013-02-24
45032,Brave,13.673653,1990-11-26
26065,Goodfellas,44.302462,2007-04-20
10305,Goodfellas,18.272848,2004-08-06
13744,The Dark Knight,7.438428,2007-11-26
55508,Up,60.332915,2019-08-05
48388,Schindler's List,10.828233,2011-09-07
8738,Jurassic Park,72.158878,2012-01-28
72324,Ratatouille,55.574509,2007-12-25
49223,Citizen Kane,23.635846,2007-11-19
43959,Cars,79.552025,2019-12-04
72393,Se7en,70.111402,2019-02-08
27760,Shrek,62.815525,1991-01-19
78796,Shrek,21.778496,2004-04-18
46483,The Matrix,70.799177,2000-08-25
82257,Indiana Jones,54.292259,1999-12-09
73090,WALL-E,53.66256,2003-07-23
71802,Back to the Future,12.392719,2006-12-08
54044,The Lion King,13.945907,2007-01-27
74745,Schindler's List,3.713911,2013-03-12
29189,The Lion King,24.925944,1995-02-12
52797,Infamous,49.593868,1994-11-01
13795,Troy,36.219372,2008-12-29
95158,Avatar,71.433127,2010-09-06
904,The Shawshank Redemption,41.04695,2010-03-29
58096,Fight Club,9.777595,2002-03-02
81643,Star Wars,72.599174,1999-05-12
7801,The Incredibles,18.82317,2019-12-24
7262,Citizen Kane,31.844949,2003-02-18
53981,Interstellar,50.311561,1996-10-25
39044,Star Wars,55.639314,2013-09-29
72512,Avatar,29.849089,2003-07-14
16551,The Lion King,46.340857,2015-09-16
73896,Inception,7.137015,2008-03-25
52459,Indiana Jones,16.427847,2011-12-06
9800,The Incredibles,60.104452,2011-12-25
996,Fight Club,0.955594,2016-10-29
80087,Psycho,18.803732,2016-09-24
85507,WALL-E,63.02059,2019-12-06
18987,Back to the Future,23.609371,2008-06-16
97255,Avatar,81.883789,2002-07-11
71366,Monsters Inc,39.556241,2010-12-16
12398,Pulp Fiction,71.559796,2017-03-01
26721,Psycho,88.564497,2017-02-12
5719,The Lion King,45.097141,2001-01-20
29550,Batman Begins,67.664623,2016-11-10
42405,Finding Nemo,84.418262,1993-03-24
97836,Ratatouille,25.010137,2002-06-16
84635,Up,88.579553,1990-01-02
15465,Indiana Jones,86.100324,2002-08-04
26179,Ratatouille,6.513026,2018-03-01
16715,Toy Story,47.369413,2015-09-30
58256,Citizen Kane,11.559557,2002-12-29
63642,The Godfather,88.672374,1993-04-27
6037,Indiana Jones,24.343696,2016-01-16
93172,Infamous,37.412217,2004-01-12
93636,Star Wars,93.828282,2011-10-07
13443,Avatar,56.426042,2013-01-14
89498,Interstellar,92.743675,2009-11-13
93214,Better Luck Tomorrow,46.427907,1991-12-11
77118,Kingdom of Heaven,98.286455,2002-06-13
14988,Kingdom of Heaven,95.548378,2000-02-12
74114,Casablanca,2.501806,2007-06-26
37965,Up,40.913205,2004-06-06
73249,Shrek,95.020313,1999-08-22
39200,Jurassic Park,81.518437,1993-01-07
16223,Interstellar,21.59373,2006-01-29
33699,Iron Man,88.549122,2005-05-09
72288,Star Wars,20.557508,2002-05-15
33576,Interstellar,93.650375,2014-03-21
87046,Alpha and Omega,8.763085,1992-07-03
24738,Brave,94.66004,2018-05-30
7995,Oliver Twist,8.692036,1992-03-11
35223,Jurassic Park,23.173109,1998-05-19
48061,Indiana Jones,56.833471,2000-08-08
15290,Star Wars,19.209311,2006-08-05
35705,Pulp Fiction,39.22973,2018-11-04
22188,Better Luck Tomorrow,17.308523,2017-06-04
51993,Jurassic Park,55.999158,1999-10-28
99885,The Shawshank Redemption,61.287294,2013-05-09
18337,Indiana Jones,22.435266,2004-02-01
5269,Kingdom of Heaven,29.510608,1996-03-24
2583,Citizen Kane,73.942415,1996-04-12
33913,Psycho,9.115909,2002-03-13
98797,The Lion King,45.56385,1993-05-18
50415,Lord of the Rings,29.362688,2000-11-29
28819,Better Luck Tomorrow,41.528196,2006-06-13
96795,Titanic,83.626209,1992-07-13
4981,Jurassic Park,97.920201,1992-01-15
33180,The Godfather,18.448939,2013-07-02
11859,Gladiator,6.580844,2011-03-17
5006,Batman Begins,20.095753,1996-02-26
39433,Titanic,87.319552,2009-11-18
97971,Batman Begins,88.006326,1990-10-30
99752,Harry Potter,29.030932,2019-10-08
16770,Avatar,33.321131,1998-11-13
9551,The Dark Knight,66.566845,2013-01-07
95625,The Lion King,34.50548,1997-07-14
59579,300,90.455297,2015-11-25
81272,The Lion King,80.20565,1998-10-17
32020,Avatar,36.102515,1998-07-05
92080,Ratatouille,97.242496,2006-10-06
46382,Up,74.620629,2020-04-11
27361,Pulp Fiction,75.851322,2001-09-18
14994,The Incredibles,96.05463,1990-11-30
87868,Titanic,43.35163,1996-01-13
30633,Better Luck Tomorrow,4.620688,1997-02-15
31955,Braveheart,99.100423,2016-04-26
53673,300,93.560919,1990-06-23
64397,Grown Ups,96.63351,2009-05-25
90318,Psycho,47.650588,2015-06-15
61869,Ratatouille,16.874583,1990-01-30
38412,Titanic,19.983439,2013-08-11
88620,Jurassic Park,47.589312,2010-09-21
79312,Indiana Jones,67.701056,2015-02-22
63083,Goodfellas,46.781826,2014-08-26
81020,Toy Story,39.761609,1991-09-28
47670,Jurassic Park,96.367474,2016-11-10
22015,Schindler's List,64.947562,1996-01-28
80371,Spider-Man,41.031957,2011-03-15
11961,Monsters Inc,69.139206,2020-09-25
60928,Brave,79.279905,2018-05-22
50364,Harry Potter,37.054555,1997-11-04
57652,Up,47.771092,1990-04-19
7962,Braveheart,64.366022,1990-09-25
25710,Avatar,63.940238,2007-02-23
9059,The Silence of the Lambs,17.961455,2001-04-16
81178,300,49.9483,1990-04-19
72997,Lord of the Rings,26.282693,1998-05-04
91311,Forrest Gump,91.402401,1999-07-19
2274,Harry Potter,49.898785,2008-03-10
96277,Spider-Man,76.776068,1997-01-14
31901,The Shawshank Redemption,4.89056,1995-04-16
68886,Up,38.470162,1990-08-03
7975,Casablanca,16.299783,1994-07-12
5816,Cars,39.601755,2014-01-31
5119,Jurassic Park,79.606469,2015-05-28
17525,Grown Ups,92.727976,1999-06-27
8790,300,91.666742,2006-11-10
286,Goodfellas,12.327723,1992-09-18
48016,Star Wars,30.501978,1996-11-03
71243,Cars,66.207382,2003-09-01
52129,Monsters Inc,20.752104,1997-01-10
43505,Harry Potter,5.61681,2019-02-07
77848,Lord of the Rings,95.391459,1999-01-04
13176,Indiana Jones,33.285155,2019-03-01
22614,Psycho,42.281526,2003-05-19
1563,Back to the Future,27.610959,1992-06-24
42282,Pulp Fiction,32.857508,1992-02-22
16622,Oliver Twist,96.422866,1995-01-21
97499,Ratatouille,19.582481,2006-07-09
88608,Citizen Kane,49.745731,2004-02-02
23144,Back to the Future,63.994892,2014-06-04
10379,Titanic,22.825763,1992-07-24
87547,Psycho,71.705456,1996-10-10
46291,Avatar,68.406324,2011-09-26
64573,Avatar,95.497467,2013-05-19
54680,Iron Man,46.306388,1992-06-14
74512,Toy Story,38.777401,2013-06-11
56608,Finding Nemo,36.428275,1999-05-03
672,Braveheart,36.749711,2001-03-01
14767,The Godfather,4.245564,1991-02-02
48650,Goodfellas,24.003939,2020-04-04
90254,The Dark Knight,12.444095,1996-10-18
72162,The Incredibles,88.120364,1990-02-01
11750,Interstellar,6.093507,1992-03-21
36367,Infamous,36.837519,1991-06-02
54566,The Shawshank Redemption,22.332003,2004-06-13
58022,WALL-E,64.736516,2018-03-27
23711,Vertigo,32.970814,2004-05-20
95943,Batman Begins,2.151449,2018-05-21
82071,Up,89.436744,2017-03-19
87714,Fight Club,63.826104,2010-09-06
37343,Cars,0.637244,2019-06-11
64445,Vertigo,68.127725,1998-06-09
63595,Back to the Future,22.02936,1992-12-20
34581,The Avengers,96.380131,2013-10-31
77710,Up,44.7632,1996-05-26
38054,Gladiator,22.707184,1992-03-14
83779,Fight Club,3.509761,2012-11-20
94890,Citizen Kane,6.343428,1992-07-04
88824,Interstellar,6.114819,2015-11-05
53675,Spider-Man,3.633219,2005-07-28
67724,Pulp Fiction,55.073849,1990-01-17
70242,Se7en,84.737754,2000-04-08
14782,Back to the Future,34.932341,1994-02-02
3096,Ratatouille,35.199559,1990-05-13
83313,Ratatouille,10.853354,2020-04-25
15394,Jurassic Park,0.617896,1997-08-14
64510,Shrek,95.199639,2015-04-13
54859,Shrek,46.04109,2007-01-04
3266,Kingdom of Heaven,73.870229,2012-08-06
93782,Troy,86.88687,2004-11-29
63526,Avatar,11.640537,1996-09-11
20072,The Shawshank Redemption,26.631025,2009-11-18
52688,Better Luck Tomorrow,50.447032,2002-04-24
18512,Braveheart,30.089819,1991-02-01
38366,Casablanca,5.800447,2019-02-25
24401,Inception,89.339719,2014-09-14
98808,Harry Potter,25.359242,2010-01-14
89076,The Godfather,7.74166,1996-09-19
52843,Psycho,42.522274,1994-04-10
97543,Titanic,80.53783,2011-11-06
45067,Brave,17.260594,2018-10-21
41277,Jurassic Park,43.970883,2011-04-20
55623,The Godfather,18.959717,2014-12-09
54259,Pulp Fiction,81.902709,2011-05-02
81423,Shrek,52.522639,2001-03-01
62764,Indiana Jones,58.048168,2014-08-11
78499,Casablanca,74.881082,2005-05-22
25959,Interstellar,94.000492,1997-01-01
94427,The Godfather,11.026994,2012-02-06
51177,Oliver Twist,84.63258,1991-12-07
57944,Iron Man,47.685753,2012-12-02
89790,The Matrix,64.229756,1996-09-20
36670,Toy Story,85.351183,1993-05-22
718,Inception,33.001871,2007-02-12
15717,The Matrix,87.018319,1994-07-18
93379,Inception,63.326052,2010-11-24
68605,Citizen Kane,28.26155,2007-04-13
1237,Up,92.019395,2017-06-02
21049,The Silence of the Lambs,6.25454,2012-09-02
92848,Pulp Fiction,59.259177,2001-04-13
11955,Spider-Man,2.178308,2018-04-19
73916,Pulp Fiction,8.62681,1995-12-10
1160,Gladiator,10.46695,2019-12-12
95341,Vertigo,89.479383,1994-05-16
40713,Batman Begins,56.090927,1993-09-13
26446,Harry Potter,26.37112,2010-08-19
48056,Psycho,39.36823,1990-05-14
89837,Titanic,83.885783,1998-09-26
19588,Toy Story,57.226423,1994-04-08
31371,Psycho,3.647042,1998-08-17
11546,Up,87.187139,1995-06-29
94541,Citizen Kane,54.077171,2014-04-12
69469,Titanic,20.02131,1992-08-20
33916,Fight Club,71.663081,2007-12-30
79713,Citizen Kane,53.622222,2013-07-03
57277,The Dark Knight,19.339297,2013-09-01
41753,Schindler's List,65.183769,2004-05-14
43574,Monsters Inc,64.319748,1990-01-12
57195,Casablanca,95.494845,2011-08-19
64216,Star Wars,26.794299,2001-05-23
92983,Shrek,55.062643,2000-06-05
51692,Oliver Twist,32.442151,2013-11-20
74089,The Silence of the Lambs,30.168957,1994-09-22
23824,Infamous,50.811315,1997-04-04
60360,Braveheart,71.62853,2020-08-15
10862,Iron Man,60.678962,2018-01-22
52713,Finding Nemo,12.174871,2011-07-01
52616,Grown Ups,92.276498,2011-12-25
36172,Indiana Jones,71.020033,2020-02-23
40193,Jurassic Park,58.142997,2017-07-09
74043,Spider-Man,14.851359,2006-09-22
14824,Se7en,13.921419,1996-11-13
94459,Fight Club,29.699297,2015-08-03
60842,Grown Ups,92.347959,1994-08-06
12989,Titanic,15.123876,1994-10-18
24980,Star Wars,65.639342,2011-03-01
90627,Interstellar,64.66517,2019-02-27
82151,Up,9.64867,2000-02-05
87479,Up,70.879934,2003-02-10
97528,Indiana Jones,47.883536,2020-10-16
10690,Brave,50.325217,2019-06-14
75388,Cars,1.046339,2008-10-08
17706,The Godfather,89.731408,2001-09-09
14563,Grown Ups,61.231817,2020-12-11
3889,Finding Nemo,60.650535,2010-08-17
75782,Star Wars,39.217124,2011-11-22
16679,Troy,70.3256,2007-03-02
80006,Star Wars,83.38624,2017-11-18
27687,Pulp Fiction,49.753103,1993-02-25
90602,Pulp Fiction,54.735776,2019-05-15
89689,300,21.231224,2015-09-14
99487,Fight Club,35.643708,2002-02-17
43420,Goodfellas,47.082003,2018-11-10
35936,Toy Story,66.296839,2001-09-11
70107,The Matrix,93.208452,2010-03-26
90928,Troy,14.139415,2005-06-17
42919,The Dark Knight,53.13883,1997-06-18
63023,300,61.290783,1995-04-12
89916,WALL-E,82.637025,2013-10-27
86336,Up,84.43593,2007-09-27
50405,Star Wars,66.238446,2011-08-28
77944,The Lion King,19.865465,1991-11-22
72062,Iron Man,78.091275,2004-10-25
54088,Psycho,58.065713,2004-01-27
99922,Grown Ups,96.152723,2017-08-18
976,Se7en,95.345026,2008-04-04
40088,Monsters Inc,55.390502,1999-12-07
58462,Star Wars,94.364398,1994-04-30
77415,Grown Ups,3.060575,2008-04-12
6499,Se7en,91.592709,2006-06-04
45533,Grown Ups,96.473478,1991-02-11
22899,Vertigo,97.918037,2013-12-15
574,Toy Story,77.91076,1992-02-10
52149,Inception,18.47574,2005-09-03
75255,Inception,97.478445,2000-06-02
75092,Fight Club,43.081545,1996-10-31
7431,Troy,47.387614,1996-07-20
35255,Citizen Kane,2.005038,1991-03-10
37680,Shrek,34.661129,1993-03-17
91161,Star Wars,26.085929,2010-12-10
11026,Gladiator,45.256543,1998-10-27
95166,Brave,27.283895,1999-06-15
99965,Batman Begins,45.004518,2010-06-14
20767,Schindler's List,15.182813,2020-12-04
27119,Kingdom of Heaven,95.226689,2002-03-27
73123,Cars,66.580927,2020-02-07
45111,Jurassic Park,98.851107,1992-11-15
54582,Avatar,0.979359,1990-10-27
45371,Pulp Fiction,83.6633,2012-04-09
5738,The Dark Knight,8.884958,2013-02-24
96919,Forrest Gump,77.497449,2010-06-29
35670,Schindler's List,92.285898,2000-07-17
33595,Back to the Future,14.497586,2008-09-25
58968,The Incredibles,95.63652,1997-08-23
84114,Shrek,43.908083,1991-06-12
38441,Troy,34.748671,1992-05-22
59704,Titanic,79.678708,2008-10-11
55957,Alpha and Omega,85.381333,1997-09-26
63199,Back to the Future,83.733696,1999-12-22
62411,Lord of the Rings,62.590212,1997-02-25
4784,Vertigo,29.971887,2010-12-06
90054,Monsters Inc,28.016266,2019-07-20
52231,Troy,23.251217,2019-06-14
72192,Psycho,15.074092,2001-03-22
46018,Oliver Twist,39.561171,2010-11-23
1666,Forrest Gump,85.6768,1997-12-30
51361,Se7en,99.619147,2005-08-13
72610,Alpha and Omega,69.512671,2016-01-04
39224,Cars,16.037088,2009-05-04
77268,Fight Club,67.519524,2002-10-18
19671,Avatar,27.898162,2010-05-05
73492,Vertigo,71.904622,2003-05-15
12482,Goodfellas,24.010443,1997-05-29
57810,The Godfather,16.824467,1990-03-03
58409,Up,63.630171,2018-02-20
17209,Pulp Fiction,68.672548,2002-07-04
76966,Casablanca,18.884818,2011-10-13
55629,Indiana Jones,51.444798,2008-05-17
82367,Harry Potter,88.124596,1996-10-22
49411,Harry Potter,68.639262,1993-11-03
2842,Batman Begins,67.750085,1998-10-07
10967,Pulp Fiction,72.493611,2019-09-16
29157,Ratatouille,35.327181,2012-10-18
35206,Finding Nemo,20.991606,1990-02-04
63122,Up,73.483423,2004-10-28
67710,Iron Man,81.288118,2020-08-09
68382,The Incredibles,89.632724,1991-10-18
99322,Finding Nemo,79.626279,2017-10-01
42333,The Avengers,34.935868,2013-07-08
76573,The Avengers,46.963789,2004-10-21
87980,Iron Man,78.101019,1993-12-30
39306,Titanic,53.990691,2006-04-25
35926,Iron Man,55.937064,2015-06-21
65582,The Avengers,94.283256,2009-06-22
18826,Psycho,95.782012,2000-02-02
49937,Titanic,76.240981,2016-05-15
40481,The Avengers,81.051888,2018-01-31
43549,Oliver Twist,26.81559,2011-05-15
91568,Up,59.584749,2010-02-23
72140,The Godfather,48.053602,1998-04-30
8617,Infamous,4.584285,1998-10-22
43666,Troy,88.411752,2011-09-28
13221,Back to the Future,29.923382,2013-07-08
64035,Forrest Gump,93.210896,2013-06-11
40207,Citizen Kane,63.831659,1991-04-28
32637,Monsters Inc,81.398356,1991-12-04
73508,Grown Ups,46.147535,1994-03-16
71881,Citizen Kane,19.147782,2014-07-30
62059,Vertigo,87.534606,2001-12-04
98861,Avatar,78.371467,2011-05-21
60799,Better Luck Tomorrow,75.577116,1997-09-16
53169,Monsters Inc,21.672593,2011-08-21
13619,Oliver Twist,52.403913,1992-12-19
43816,Gladiator,32.601512,1995-08-05
6863,Braveheart,61.471277,2018-09-24
45530,Shrek,53.476531,1992-04-25
10917,Indiana Jones,18.149536,2016-10-02
6750,Lord of the Rings,62.561137,2005-03-04
45768,The Lion King,4.298522,2012-06-28
74875,The Matrix,7.538398,1991-04-03
17130,Monsters Inc,18.686636,2012-11-01
18859,Batman Begins,58.091018,2005-05-19
39280,Harry Potter,76.069,2013-12-17
61882,Titanic,78.355854,1999-11-04
23290,Batman Begins,28.025506,1998-02-04
30227,300,38.7285,1997-07-29
27916,Se7en,23.758171,2003-02-08
44553,Gladiator,4.113986,2004-08-10
17914,Kingdom of Heaven,49.758175,2017-11-23
37645,The Godfather,54.73389,2017-07-29
21147,Gladiator,93.540835,1999-11-16
4262,Avatar,71.331813,2016-08-05
32333,Grown Ups,93.463158,1997-10-20
11049,Batman Begins,28.310587,1991-12-08
16634,Jurassic Park,72.598629,2018-08-07
21552,Up,60.02999,2005-11-03
41967,Cars,30.031346,1996-06-22
80923,Spider-Man,21.509394,1990-04-03
68403,Harry Potter,29.458457,1991-06-08
94058,Batman Begins,97.978662,2004-09-24
58612,Oliver Twist,2.809552,1993-09-01
45713,Vertigo,90.530942,1992-03-29
86639,Finding Nemo,77.282729,2016-10-29
89751,Braveheart,54.587278,2011-11-09
71895,Oliver Twist,85.895261,2020-09-24
78836,WALL-E,5.670683,2018-04-19
61756,The Silence of the Lambs,54.650612,2004-05-13
17403,Finding Nemo,28.899619,1998-11-17
47748,Braveheart,1.475559,1992-10-16
26311,Se7en,62.095187,1995-07-03
86031,Alpha and Omega,65.947183,2020-12-29
41047,Pulp Fiction,59.282214,2016-05-18
8291,The Avengers,39.354172,2011-06-05
33998,Star Wars,80.525039,2006-08-28
49415,Interstellar,34.644294,2003-07-18
13700,Se7en,60.593847,2007-05-13
52796,Avatar,99.607763,2001-06-24
51923,Batman Begins,84.661919,2001-01-18
73160,Forrest Gump,64.605369,1997-08-16
79593,The Godfather,67.579871,2018-11-14
76451,Infamous,84.179619,1995-08-14
83958,The Godfather,17.993042,2006-01-01
51609,Pulp Fiction,11.465747,1995-09-07
50440,Troy,22.479033,1995-10-13
5368,Se7en,74.581714,2011-09-30
86604,Alpha and Omega,77.088388,2014-01-10
4592,Finding Nemo,3.30568,2010-08-06
94745,Finding Nemo,6.467783,2015-08-13
61655,The Avengers,98.165727,2011-12-15
44366,The Avengers,49.464237,2015-09-12
78804,Forrest Gump,53.822392,2004-09-07
72514,Fight Club,61.412131,2010-10-12
53239,Spider-Man,96.462111,1999-02-28
40723,Star Wars,16.37025,1994-12-25
99163,Back to the Future,63.491649,2005-12-11
79896,Harry Potter,8.042784,2006-03-23
62258,The Silence of the Lambs,51.587759,2001-06-23
61306,The Silence of the Lambs,44.306479,2005-07-31
81963,Oliver Twist,27.18472,2000-10-08
70200,Iron Man,44.334995,1997-03-30
25225,Citizen Kane,69.976663,1994-05-05
70618,Finding Nemo,84.177727,2017-03-04
53925,Shrek,78.598022,2006-10-06
4004,Monsters Inc,58.693899,2008-10-07
45967,Grown Ups,89.749391,2017-09-10
79474,The Shawshank Redemption,69.538126,2020-08-21
63585,Citizen Kane,83.907405,1997-10-05
45487,Citizen Kane,40.124186,2008-11-13
37924,Back to the Future,69.988141,1991-11-01
51189,Spider-Man,7.913307,2017-12-27
17511,The Shawshank Redemption,95.735226,1992-04-19
80625,Spider-Man,63.116253,2009-05-09
55610,Alpha and Omega,85.742406,2003-12-18
36520,Schindler's List,48.797108,1995-08-07
61984,Kingdom of Heaven,3.568934,2014-03-24
88189,Forrest Gump,49.458065,2012-12-06
30653,300,72.715925,1998-06-13
53363,The Lion King,7.000051,2006-03-01
2423,The Incredibles,10.480004,2017-02-26
56048,Toy Story,5.903129,2019-08-27
15714,Up,12.428117,1999-11-11
62343,Psycho,61.626963,2017-12-20
26380,Back to the Future,87.502072,1993-10-12
73079,Finding Nemo,47.356904,2000-06-03
92496,Pulp Fiction,80.974029,2004-09-04
83407,Toy Story,40.158821,2011-02-19
15762,WALL-E,85.599416,2016-02-18
52325,Se7en,16.17724,2017-04-14
7527,Casablanca,57.606702,2020-04-24
53584,Casablanca,52.256467,2009-05-29
23281,Oliver Twist,10.732421,1994-02-18
53098,Forrest Gump,24.205039,1995-02-06
47939,Infamous,48.719653,1990-06-01
4519,Iron Man,77.298675,1994-02-16
49138,Up,90.52456,2007-08-06
40790,Iron Man,73.697389,2010-06-11
74831,Titanic,29.654926,1997-05-21
73006,Avatar,10.726795,1992-02-06
48087,Avatar,52.75924,1996-08-16
30903,Vertigo,34.764579,2006-08-21
75804,The Shawshank Redemption,56.550315,2000-07-28
27414,Citizen Kane,40.095426,2010-06-22
68515,Spider-Man,38.229873,2016-04-19
75662,The Avengers,91.242163,1999-04-01
30214,The Avengers,66.919754,2020-09-26
2311,Brave,67.135762,2014-08-26
58072,Fight Club,13.805202,2015-10-10
65583,Interstellar,39.271596,1994-03-06
93979,Finding Nemo,76.395376,1994-04-20
62437,Spider-Man,56.911353,2015-06-28
25957,Forrest Gump,46.306154,2020-05-05
85274,300,97.289591,2014-07-11
15437,Brave,14.068699,2001-04-18
56534,Jurassic Park,16.495776,1996-10-25
79782,Grown Ups,56.543078,2013-12-27
7511,Ratatouille,40.815166,2005-02-15
91317,Back to the Future,48.328027,2012-01-11
12473,The Lion King,55.013503,1995-04-15
26455,Lord of the Rings,13.183282,1992-12-29
18222,The Dark Knight,27.377067,2017-03-18
53605,Shrek,53.946998,2014-08-14
20912,Back to the Future,19.758639,2012-02-25
38390,Se7en,84.039168,2010-02-06
12872,300,78.457043,2005-06-15
1960,Back to the Future,57.032936,2016-06-01
74300,Se7en,49.74523,2002-03-25
54885,Cars,92.991053,2008-02-05
97562,Indiana Jones,75.35755,1994-02-21
49504,Spider-Man,4.293823,1999-10-22
59705,Inception,22.726593,1995-07-03
82491,The Matrix,7.761714,2010-02-03
29696,Fight Club,99.471128,2000-05-18
16826,The Silence of the Lambs,42.507995,1996-08-02
2644,Inception,13.852549,2009-03-18
69087,Batman Begins,36.137923,1992-08-18
43212,Goodfellas,98.004928,2015-02-04
2399,Oliver Twist,14.728668,2006-08-11
43317,Avatar,36.015887,1992-10-10
30939,Citizen Kane,27.942177,2016-07-13
77643,300,79.126579,2001-08-26
21856,Cars,3.037878,2008-05-30
55859,Up,94.698111,1997-03-01
61029,The Matrix,86.935324,2014-05-08
54846,Troy,36.754604,1995-11-14
88356,Avatar,90.174625,2011-06-18
28075,Star Wars,42.860515,2014-05-16
43949,Cars,29.546276,1995-10-02
5489,Toy Story,40.997022,2004-11-14
8024,Jurassic Park,82.587346,2010-03-27
27100,The Avengers,56.332465,1997-10-30
71044,The Shawshank Redemption,22.113323,2006-11-03
93510,Indiana Jones,7.433801,2012-03-21
80590,Braveheart,60.852424,2019-05-24
61158,Batman Begins,81.932175,2010-12-26
67116,The Avengers,85.623567,1997-09-13
16684,Cars,82.381239,2002-11-16
42197,Avatar,51.586582,2006-03-30
37565,Finding Nemo,38.082874,1991-11-12
2427,The Silence of the Lambs,97.552562,2004-05-22
86267,Avatar,92.279895,2011-09-01
95365,Harry Potter,75.32684,1990-06-18
60640,The Avengers,43.292191,2013-10-20
43604,Lord of the Rings,97.359855,2005-09-13
38435,Cars,37.703353,2003-11-14
75395,Back to the Future,68.606036,2008-03-16
45143,Monsters Inc,29.783661,2018-03-06
71205,Se7en,83.649979,2012-01-03
75126,Forrest Gump,86.083298,1993-04-18
83717,The Matrix,51.157508,1993-06-20
53941,Monsters Inc,56.436403,1997-02-09
49195,Indiana Jones,94.881685,1995-01-02
35655,Se7en,14.640907,1994-08-12
41856,Indiana Jones,47.402869,2003-10-15
95837,The Avengers,53.078093,2017-10-24
7894,Forrest Gump,81.736059,2019-09-11
87030,Casablanca,77.892869,2003-04-02
90767,Titanic,60.405838,2002-10-31
32763,Braveheart,15.981538,2000-03-24
64131,Batman Begins,40.917321,2006-05-30
46702,Pulp Fiction,9.57506,2008-09-17
29345,WALL-E,15.46002,1995-11-25
78005,Indiana Jones,23.037447,2008-12-21
49487,Forrest Gump,33.699157,2002-12-06
60747,Kingdom of Heaven,44.297486,2014-05-28
19074,Interstellar,72.206645,2017-10-28
52487,Fight Club,2.806631,2011-11-01
30478,Ratatouille,87.261751,2015-02-27
5528,Titanic,99.212009,2009-07-29
79901,Iron Man,96.429515,1993-04-25
14015,Spider-Man,42.785022,2001-12-11
54331,Se7en,40.236373,2005-10-19
77588,Avatar,52.471362,2009-03-09
78211,Batman Begins,66.628262,1998-11-08
35063,Goodfellas,28.120442,2003-02-14
66489,Pulp Fiction,65.666229,1995-08-10
90726,Troy,31.269781,2013-02-17
36056,Kingdom of Heaven,66.236316,1993-03-12
66529,Vertigo,65.442955,1998-02-15
34501,Braveheart,0.582495,1995-05-14
86944,300,87.189353,2003-10-28
88798,300,19.658607,2006-10-25
94406,Forrest Gump,99.279623,1998-08-08
69396,The Incredibles,55.228988,2003-11-06
47430,Iron Man,38.957318,2003-11-21
34387,Goodfellas,9.62555,1998-04-03
40255,Iron Man,68.257853,2012-08-11
27736,300,36.298724,2020-11-26
39642,Monsters Inc,96.316113,2014-11-16
85580,The Avengers,85.798605,1998-04-08
9643,Vertigo,12.879066,1991-11-27
77535,Shrek,46.039863,2006-04-26
13298,Better Luck Tomorrow,44.688845,2007-08-23
93452,Avatar,71.023155,1991-03-21
49287,Alpha and Omega,27.658314,1994-12-23
13606,Casablanca,83.70412,2002-02-03
49092,Grown Ups,94.174498,1994-11-28
54625,The Lion King,55.457792,1999-02-13
44292,The Shawshank Redemption,92.761577,2002-11-27
34435,The Avengers,32.873375,2017-03-23
80863,The Shawshank Redemption,32.07461,1990-07-23
58280,Forrest Gump,72.472664,2015-06-12
74676,Finding Nemo,44.714166,2003-12-14
19901,Shrek,27.977409,1994-06-27
41751,Inception,31.309132,1991-06-29
58658,The Dark Knight,83.320191,2011-05-03
5640,Brave,64.87624,2012-06-26
61012,Monsters Inc,79.250714,1991-10-17
26550,The Dark Knight,41.571116,2009-06-09
79938,Batman Begins,93.912568,2003-03-25
80231,Casablanca,89.125307,1994-10-31
10254,Alpha and Omega,4.061027,2017-04-21
72709,Titanic,36.811656,2011-04-15
89233,The Matrix,7.85525,2003-06-16
46390,Kingdom of Heaven,24.161207,1995-07-11
10314,Brave,92.605609,1991-05-06
21059,Oliver Twist,89.644068,2000-02-09
57568,Gladiator,6.081598,1998-04-07
31009,The Matrix,4.059656,2017-12-20
44086,Ratatouille,64.766386,2012-01-17
45945,Pulp Fiction,23.966825,2010-08-07
31898,300,0.721103,1998-05-19
53618,Star Wars,83.379392,1993-03-06
64747,300,38.735726,2013-03-19
22576,Goodfellas,42.011129,1994-08-20
54152,Gladiator,11.368318,1996-07-08
3680,Brave,47.786731,2018-05-31
57977,Batman Begins,77.733517,1994-06-06
79646,Kingdom of Heaven,30.313468,1996-08-23
9904,Titanic,82.873262,2000-03-27
39656,Kingdom of Heaven,65.197218,1991-02-20
36881,Schindler's List,41.802926,2013-02-24
25881,The Lion King,50.712187,2019-06-01
59137,Gladiator,11.621002,2001-01-27
74664,Brave,89.442772,1997-05-29
58799,Kingdom of Heaven,89.438719,2000-03-26
45612,The Matrix,38.553928,1990-03-21
50495,Oliver Twist,66.065887,2015-11-19
20455,The Dark Knight,76.579508,2008-11-14
28947,Cars,82.657482,2020-02-24
34125,Cars,72.604635,2000-08-08
18832,Ratatouille,50.363152,2002-09-13
53448,Schindler's List,69.935669,1991-02-03
69640,The Matrix,94.76846,1993-04-05
4549,Fight Club,47.407599,1999-03-14
36996,The Lion King,8.635399,1992-10-01
65946,Back to the Future,80.954467,2017-07-05
20172,Gladiator,72.264936,2001-09-05
96000,Monsters Inc,30.044524,2019-04-27
54096,Inception,59.030753,1998-02-03
2137,WALL-E,7.748705,2017-01-29
19406,Indiana Jones,48.163438,2017-06-23
70434,Inception,40.203941,2005-09-02
19945,Ratatouille,25.452512,1996-07-27
17418,Fight Club,15.798472,1993-02-12
87269,Pulp Fiction,34.699733,1999-01-03
81496,Up,93.644462,1992-08-15
28499,Spider-Man,51.613029,2000-05-13
68283,Forrest Gump,20.512762,1990-05-31
76299,The Matrix,83.625249,2003-03-14
50434,The Avengers,27.3072,2004-01-27
19183,Cars,80.371158,2006-01-06
29096,Gladiator,2.160083,2001-12-17
63683,Finding Nemo,92.375784,2007-09-16
42003,Interstellar,53.68493,2019-04-07
24520,Troy,76.441212,1995-10-27
12778,Jurassic Park,31.764829,2010-03-10
60831,The Silence of the Lambs,84.678526,1997-10-01
58345,The Incredibles,69.319495,2010-07-07
39964,Lord of the Rings,5.187362,2005-02-09
34880,Batman Begins,4.541652,2002-03-26
78904,Ratatouille,36.422871,2019-08-11
79192,The Dark Knight,5.661943,2004-08-30
23979,Infamous,4.808533,2013-07-28
30062,Iron Man,38.074664,2019-09-10
23255,The Matrix,23.467254,2018-04-09
46871,Shrek,35.408231,2011-01-26
66049,Fight Club,40.648523,2012-08-15
69243,WALL-E,9.02525,2004-07-18
81914,Forrest Gump,60.791339,1999-04-02
87619,WALL-E,35.114933,2020-01-29
62953,Inception,76.194131,2012-04-24
5648,Vertigo,99.127775,2001-12-08
44575,Jurassic Park,38.462504,1998-05-04
83035,Grown Ups,74.32352,1999-02-11
69684,Spider-Man,29.876252,2020-08-11
65585,Psycho,81.220003,2011-11-25
7489,Casablanca,68.458674,2006-01-04
10650,Vertigo,25.296899,2006-05-24
2549,Psycho,46.33359,1996-06-24
65542,Shrek,80.712342,1992-01-16
51710,Iron Man,71.090967,2002-08-08
93357,Monsters Inc,3.646948,2009-01-31
60889,The Godfather,0.65377,2002-12-21
71570,Kingdom of Heaven,75.508735,2001-06-23
54807,Shrek,45.638319,2017-03-22
73092,Citizen Kane,51.392817,2006-11-28
93149,Monsters Inc,96.482607,2005-08-08
47848,Infamous,13.655458,1998-05-16
86819,Vertigo,3.705405,2012-01-15
23909,Indiana Jones,19.302639,2002-07-15
97807,Goodfellas,71.397709,2014-01-30
197,Indiana Jones,18.625596,1996-11-20
79484,Back to the Future,53.100502,2009-05-02
18054,Monsters Inc,85.636812,2014-03-08
86852,The Incredibles,84.117726,1991-03-02
36441,Toy Story,21.422535,2011-05-26
91989,Goodfellas,89.770522,1995-07-20
90596,Batman Begins,99.386221,1994-02-02
40586,The Matrix,97.414834,2020-01-20
67854,Batman Begins,89.173514,2014-10-09
71521,Harry Potter,6.780097,1994-08-11
9287,Gladiator,62.904469,1993-03-30
90393,Batman Begins,44.27619,2019-09-06
91338,Psycho,28.290058,2004-06-29
65419,Avatar,31.893965,1997-06-16
56447,Iron Man,94.336558,1998-12-16
29376,Oliver Twist,95.226314,2011-04-14
12022,Se7en,10.575459,1997-07-30
36148,Jurassic Park,20.765177,2011-08-05
40257,Psycho,91.837778,2020-11-29
77154,Fight Club,61.585532,1999-08-02
53538,Kingdom of Heaven,70.776059,2001-06-01
57791,The Godfather,35.077497,1998-06-30
77376,Psycho,24.509659,2013-03-07
37345,The Matrix,44.825318,2014-09-07
45737,Alpha and Omega,34.405067,2007-07-09
68654,Braveheart,94.481175,2010-07-03
93881,Braveheart,16.909116,2006-07-03
89303,Up,99.175724,2020-07-27
7936,The Incredibles,90.692299,2020-09-24
25825,Up,57.32974,1999-05-10
33910,Oliver Twist,34.571391,2011-12-28
66236,Se7en,72.502605,2010-05-11
77131,Toy Story,48.326115,2017-08-29
7942,Forrest Gump,37.806112,2020-08-20
91714,Inception,33.586055,2005-12-30
18741,Back to the Future,8.477454,1994-02-01
46685,The Incredibles,43.750709,1993-08-16
18590,Lord of the Rings,25.159986,1990-07-22
6162,Finding Nemo,2.438601,1997-04-02
6275,Alpha and Omega,23.713577,2011-05-19
26992,Cars,23.859235,2010-03-31
13952,Alpha and Omega,30.571494,2019-05-09
92312,Schindler's List,94.563087,1995-11-23
18206,Inception,90.015108,2000-01-23
63907,Batman Begins,3.685661,2014-05-24
18315,Batman Begins,24.199118,2000-08-30
62755,Grown Ups,44.504667,2003-12-22
7244,Shrek,28.139293,2012-02-01
2897,Citizen Kane,39.826609,2015-05-28
73812,Iron Man,83.146482,2001-07-02
74616,Interstellar,57.143485,2008-04-20
37113,Toy Story,42.220406,1990-09-30
89853,Jurassic Park,48.841379,2015-07-17
98591,Back to the Future,27.833916,2005-01-29
70693,WALL-E,21.395633,2008-05-23
11012,Harry Potter,21.632361,2013-06-06
2883,Harry Potter,79.961901,2002-06-24
88982,Lord of the Rings,19.748196,1994-01-25
15601,Kingdom of Heaven,91.161144,1994-05-28
48700,Vertigo,45.21061,2003-07-01
11233,Grown Ups,53.580225,1999-02-15
8484,Indiana Jones,61.291979,1992-01-06
68030,Batman Begins,30.971523,2010-10-15
82427,Better Luck Tomorrow,89.608387,1996-09-06
34625,Indiana Jones,61.028016,2015-07-12
4251,Harry Potter,90.00049,1991-03-28
58480,Up,50.99633,1996-11-03
53972,Se7en,4.377207,2009-09-06
51458,Ratatouille,3.599187,1998-07-08
91577,Ratatouille,31.115326,2016-12-17
31086,Brave,84.808988,2014-06-09
20066,Braveheart,27.011353,2018-12-23
95264,Forrest Gump,48.701483,1993-05-01
5409,Spider-Man,20.553346,1994-08-07
74540,The Dark Knight,75.130461,2006-02-06
13981,The Dark Knight,67.140075,1998-12-27
42135,Troy,90.298723,2015-06-21
39000,Monsters Inc,35.829379,1994-08-25
6332,The Godfather,98.496683,2006-10-13
13105,Grown Ups,87.827967,2000-02-02
42085,Finding Nemo,45.119966,2010-09-27
2602,Gladiator,86.097373,2019-10-31
5446,The Lion King,42.770001,2001-06-23
31168,Citizen Kane,78.85735,2004-08-02
83414,The Incredibles,36.327061,2019-07-14
86600,Schindler's List,25.904077,1993-05-03
22596,Finding Nemo,73.892546,2019-11-04
67094,Forrest Gump,96.477737,2009-07-10
17188,Monsters Inc,72.780853,2007-03-10
90568,Jurassic Park,97.654839,1993-01-06
31566,Better Luck Tomorrow,92.093086,2017-07-29
14144,The Godfather,42.916342,2017-08-01
9393,Ratatouille,50.75012,2012-02-07
60496,Schindler's List,19.447486,1999-12-13
71083,Shrek,44.198482,2010-12-21
80379,Up,76.83681,2011-03-15
37590,Titanic,52.487205,2003-10-22
53378,Finding Nemo,97.35748,2002-09-19
85424,Kingdom of Heaven,11.935391,2003-11-18
3322,The Avengers,51.020196,2016-11-17
40903,Kingdom of Heaven,53.44513,2003-11-12
68363,Back to the Future,15.307846,2018-09-15
68863,Ratatouille,79.808254,2019-11-29
67592,The Lion King,81.905313,2018-03-26
88838,Spider-Man,89.790272,2014-12-24
33237,Oliver Twist,93.735335,1992-01-04
52943,Harry Potter,74.869622,2008-12-19
90493,Better Luck Tomorrow,84.253314,1996-02-07
365,Brave,7.762727,2010-08-29
9863,Spider-Man,38.690048,2010-12-08
7805,Brave,28.855899,1990-06-08
28956,Better Luck Tomorrow,79.489303,1997-06-15
30088,Casablanca,31.200548,2013-07-31
96593,Better Luck Tomorrow,50.35444,2012-04-16
93273,Iron Man,42.666287,2010-04-22
62375,The Incredibles,75.97166,2000-06-19
8966,Up,57.886909,1992-12-21
43897,Finding Nemo,39.770293,1990-06-16
71146,Grown Ups,13.537287,2007-06-01
56057,Casablanca,16.7481,2009-08-15
59665,Forrest Gump,72.289666,1990-09-04
65705,Interstellar,3.834356,2008-08-26
41988,Avatar,44.132385,2017-08-02
43313,Schindler's List,73.127242,2000-07-06
98761,Back to the Future,36.799406,2004-01-15
54999,The Incredibles,65.24134,2016-03-20
38586,Fight Club,77.01217,2018-12-29
70256,The Matrix,88.065268,1999-07-18
58084,Up,22.825252,2013-08-04
50375,Indiana Jones,70.573117,1997-05-26
91693,Star Wars,56.097731,2006-08-15
33351,Inception,46.176074,2010-07-15
64229,The Silence of the Lambs,42.141135,2019-10-24
73253,Casablanca,87.347777,2017-12-30
99389,Se7en,18.335934,1995-05-23
32022,Spider-Man,77.953561,2001-04-01
53789,Monsters Inc,8.115177,2020-01-14
95697,300,55.009447,1999-11-11
21998,Brave,16.417125,2012-03-26
87267,Titanic,46.221531,1992-10-28
66235,Iron Man,48.500383,2011-10-01
59915,Ratatouille,73.339748,1992-12-19
57678,Toy Story,21.295097,2008-07-15
79175,Psycho,29.85267,2013-12-13
28891,Inception,50.34558,1990-04-14
25562,Back to the Future,75.768798,1993-12-29
45992,Kingdom of Heaven,54.675331,1993-05-20
29748,Kingdom of Heaven,79.507172,1993-06-04
36902,Grown Ups,65.638703,2004-05-22
54428,Cars,91.955271,1993-12-18
92723,Troy,67.042785,2009-06-25
89364,Psycho,34.968721,2020-10-30
78635,Pulp Fiction,10.528522,1994-11-10
22977,Up,70.579192,2019-02-22
65083,The Shawshank Redemption,98.262025,2013-03-21
33832,Ratatouille,49.017973,1995-03-16
96293,The Shawshank Redemption,13.943017,2003-04-25
46650,Batman Begins,32.372824,2012-07-30
21613,Harry Potter,41.325205,2017-07-06
15890,Up,14.171156,1999-04-08
90623,Brave,33.543316,1996-07-01
7439,Brave,79.98265,2001-08-08
36753,Brave,32.052235,2013-01-11
4289,Up,99.865099,2011-02-04
86687,Se7en,29.442452,1995-05-13
13122,Grown Ups,10.368888,1993-07-26
67869,Gladiator,78.92711,1997-06-23
89088,The Avengers,12.543858,2014-10-24
8922,Up,5.237192,1993-03-14
36885,Alpha and Omega,39.910649,1992-10-14
49845,Harry Potter,90.212687,2006-03-13
78326,The Avengers,57.261575,2019-01-25
10185,Vertigo,91.820102,1995-08-28
41583,Interstellar,87.406379,1993-05-16
80546,Up,8.057652,2018-05-27
20470,Infamous,6.046176,1993-11-28
7495,Batman Begins,30.132728,2002-12-16
64820,Kingdom of Heaven,88.370317,2013-05-14
70373,Iron Man,50.746255,2012-11-05
56052,Batman Begins,95.813686,2003-08-15
83793,Up,30.209766,2009-04-16
65573,Indiana Jones,44.913528,2003-04-02
83424,The Dark Knight,3.078171,1990-06-06
24654,Up,87.432624,2006-11-05
17936,Jurassic Park,16.416809,2020-09-08
51009,Indiana Jones,98.658784,1998-10-19
42408,Psycho,30.796408,2009-05-25
25539,Grown Ups,94.553029,1992-02-22
2539,Se7en,67.196574,2006-06-05
61268,Jurassic Park,57.703041,2003-08-19
98428,Titanic,12.463712,2007-08-24
79904,Titanic,10.861347,1993-04-30
20197,300,26.956167,2002-01-13
7877,Gladiator,36.072826,1999-11-02
40746,Up,61.887281,1990-12-14
11954,Goodfellas,17.199278,2020-04-28
14328,Infamous,69.407995,1996-12-10
47509,Toy Story,6.081124,1994-08-03
26008,Gladiator,86.57916,2002-04-02
76245,Fight Club,87.770598,2020-06-28
94411,Indiana Jones,89.667,2005-01-21
66947,Back to the Future,42.746503,2017-01-27
76243,Fight Club,13.456762,1991-12-25
25259,300,51.206135,2009-11-23
64387,Infamous,75.962667,2019-01-15
41678,The Silence of the Lambs,27.265318,1992-06-24
53078,Cars,66.868494,2016-04-27
62294,The Dark Knight,2.368678,1995-10-26
37090,The Lion King,81.360017,2012-05-30
53061,Batman Begins,22.158814,2019-12-08
23311,Spider-Man,91.283068,2005-07-01
94827,Ratatouille,54.473177,2003-05-04
43412,Braveheart,37.858516,2001-10-21
69179,The Matrix,73.857772,1999-08-26
55109,Monsters Inc,31.646905,2010-12-05
13657,Up,71.65117,1995-10-15
65620,Up,31.599125,1999-09-11
10065,Brave,84.805766,2019-09-19
68103,Brave,98.119737,1998-04-23
45940,Monsters Inc,65.949667,2017-03-06
33251,Citizen Kane,54.03528,2010-10-15
59268,Kingdom of Heaven,46.259399,2011-05-28
29143,Troy,92.954258,1992-07-09
25641,Fight Club,44.055882,2000-08-01
70174,Goodfellas,81.104214,1997-04-29
37677,The Godfather,0.885057,1991-03-30
38961,Interstellar,89.297253,2002-08-13
5158,Citizen Kane,38.98107,2016-03-19
41775,Avatar,28.211278,1994-08-03
56657,Batman Begins,15.512293,2017-10-03
79377,Pulp Fiction,7.615791,2003-05-09
11063,Fight Club,88.280585,2001-06-09
48640,The Godfather,33.504091,2014-05-15
47361,Iron Man,97.259481,1992-11-20
99062,Titanic,42.38371,1991-02-03
28259,The Lion King,94.801481,2001-02-17
77654,Kingdom of Heaven,66.000657,2011-07-26
23637,Titanic,15.825194,1995-08-02
79974,Ratatouille,30.944782,1990-09-29
28484,Brave,94.125845,2006-06-17
87110,Se7en,43.199194,2007-08-20
33214,The Silence of the Lambs,6.084888,2016-04-17
25937,Avatar,34.358994,1997-12-22
4203,Titanic,87.686162,2002-03-02
88872,Fight Club,99.757224,2007-05-18
4724,Inception,3.450018,2011-12-01
92892,Titanic,47.367875,1998-03-05
59422,Spider-Man,24.974365,2012-02-05
42635,Toy Story,98.166545,2009-12-09
77297,Troy,38.708285,2002-09-06
49925,Interstellar,93.396094,2002-09-26
80533,Kingdom of Heaven,61.256544,2006-01-30
49053,Spider-Man,89.236689,2007-01-03
40618,Interstellar,94.937213,2008-08-09
65840,The Shawshank Redemption,10.934832,2004-07-08
46520,Pulp Fiction,20.572871,2013-02-20
69624,Titanic,26.902154,1998-02-17
99548,Kingdom of Heaven,53.750326,2018-03-13
71564,Iron Man,24.499552,2018-05-07
78548,Lord of the Rings,93.410507,1999-02-19
50280,The Incredibles,18.488988,1992-02-20
66985,Psycho,17.516438,2008-07-11
4572,Psycho,15.587051,1999-10-23
44303,Vertigo,43.881128,2001-05-11
10164,Monsters Inc,5.000345,2007-02-28
81755,WALL-E,68.166863,1990-03-02
19260,The Matrix,25.245357,1996-09-02
30279,Interstellar,93.380455,2014-09-27
38403,Troy,18.385908,2015-02-18
79943,Batman Begins,8.345791,2005-04-09
64725,Lord of the Rings,40.54326,1993-11-09
74258,Gladiator,24.903596,2005-03-01
34874,Monsters Inc,86.974797,2017-01-22
30917,Cars,52.275401,1992-03-29
34359,Interstellar,47.933651,2008-01-20
99088,The Godfather,77.936194,1991-08-04
94639,Fight Club,65.437555,1999-04-30
7433,Brave,1.457419,1996-06-26
53321,Iron Man,68.702083,2019-01-20
17772,Finding Nemo,71.383542,1997-10-10
55505,Back to the Future,17.847982,2013-11-08
42263,Oliver Twist,71.083478,2011-07-20
25945,300,99.388204,2019-03-08
54497,Troy,29.758523,2002-01-30
97783,The Matrix,4.337916,1990-11-24
98432,Brave,85.116623,2013-11-22
59661,Citizen Kane,20.889224,2010-12-24
50987,The Incredibles,77.951997,2018-07-19
62703,Finding Nemo,41.002493,2014-05-27
25047,Interstellar,90.431764,2014-01-29
4180,Monsters Inc,94.226762,2006-01-09
13900,The Lion King,39.908946,2007-09-11
26666,Inception,98.097167,2000-01-19
57135,The Lion King,3.263471,2011-12-07
17290,Troy,57.116638,1999-11-01
94862,Forrest Gump,74.008426,2013-10-17
24358,Infamous,43.063441,2001-06-17
11417,The Shawshank Redemption,66.043499,2008-03-19
33594,Fight Club,31.086913,2008-11-21
60042,The Silence of the Lambs,8.202334,2013-11-07
46296,Indiana Jones,83.573545,2012-04-09
91029,Goodfellas,29.987906,1998-09-22
94777,The Silence of the Lambs,19.966889,2018-02-16
95774,The Avengers,20.387927,2005-07-04
33253,The Lion King,82.344761,1998-09-07
23470,Brave,7.04083,2014-09-28
26753,Batman Begins,50.040544,2016-04-12
19861,WALL-E,19.833098,2000-05-04
44091,Inception,65.351174,2019-06-05
57737,Avatar,80.001169,2018-09-19
92094,Casablanca,56.384212,2007-09-11
96146,Vertigo,61.679992,2011-03-04
93410,Pulp Fiction,62.534397,2007-01-02
7883,Fight Club,57.514076,2015-08-31
97515,Avatar,22.297773,2008-05-20
31520,The Incredibles,65.52427,1999-07-13
4799,Star Wars,77.535546,2001-08-27
41230,Monsters Inc,82.500108,1991-06-12
32531,The Shawshank Redemption,8.397619,2008-05-10
56305,The Silence of the Lambs,40.071878,2013-10-13
71268,Fight Club,37.23695,1997-10-15
33684,Alpha and Omega,92.384371,2018-10-10
47067,Cars,66.116304,2018-09-07
21002,Grown Ups,47.541321,2007-05-12
18886,Better Luck Tomorrow,95.985742,2006-09-10
2509,Cars,16.499769,2013-06-13
29541,Pulp Fiction,36.473956,2010-04-14
6641,The Dark Knight,63.091441,2004-07-10
7195,Jurassic Park,51.25586,2019-01-27
30340,Toy Story,59.263136,2017-02-20
81153,Up,76.285375,2016-07-03
14905,300,69.760904,2010-04-19
3534,Finding Nemo,65.883437,1990-04-16
71118,Vertigo,71.675588,1992-11-11
33721,Oliver Twist,78.262447,2006-03-09
95261,The Incredibles,21.444129,2012-02-26
9987,Cars,68.973984,2002-01-26
45215,Schindler's List,66.616022,2000-07-07
1901,Up,70.648661,2014-10-22
36008,300,24.821032,2011-10-19
68028,The Silence of the Lambs,28.483523,2010-12-27
76673,Inception,77.205897,2017-07-31
86518,Shrek,38.110808,2009-12-19
39848,The Shawshank Redemption,92.340771,1997-07-05
62233,Avatar,11.813971,2018-01-31
64547,Infamous,17.661726,2011-12-18
63409,Alpha and Omega,18.942244,2000-07-16
39941,The Silence of the Lambs,28.904562,2007-11-29
1053,The Matrix,90.113027,1993-10-07
29300,Star Wars,37.97257,2018-11-04
72923,Forrest Gump,46.411421,2012-05-17
1159,Goodfellas,42.567174,2001-08-30
52705,Se7en,80.783035,2000-08-26
24215,Alpha and Omega,37.942501,1995-03-18
74064,Lord of the Rings,83.333555,2002-05-10
15468,The Lion King,48.454104,2005-04-15
41796,Interstellar,24.709836,2017-07-09
94416,Interstellar,43.364169,2000-03-03
33078,Batman Begins,39.969867,2007-01-25
21858,Infamous,24.541217,1991-09-24
26912,The Godfather,12.680694,2003-01-22
83589,Fight Club,84.211741,1995-01-08
34315,The Dark Knight,51.801755,2017-05-11
64098,The Incredibles,24.659121,2007-07-24
10145,The Avengers,42.900208,2010-08-04
20097,Vertigo,60.783423,2019-05-24
66527,Alpha and Omega,72.113973,2012-09-15
53325,Oliver Twist,62.202376,2016-04-18
75466,The Avengers,23.780663,2001-11-17
47300,WALL-E,11.484754,2001-04-21
33452,Toy Story,7.838988,2012-08-25
54115,Grown Ups,11.248273,2009-11-09
69083,Grown Ups,34.903325,2000-07-13
78392,Inception,35.818537,1995-01-06
59597,Oliver Twist,97.831346,1996-01-20
32689,Lord of the Rings,2.749285,2019-05-20
64976,Spider-Man,63.411728,2010-11-03
72339,Monsters Inc,51.361044,2019-05-07
28001,Psycho,14.995087,2008-08-02
39697,Finding Nemo,94.894319,2006-08-20
13095,Finding Nemo,81.196339,2001-03-24
50911,Jurassic Park,22.474938,1990-08-04
56840,Troy,29.548436,2006-09-15
98733,The Silence of the Lambs,20.406243,2003-10-15
74571,Infamous,31.189127,2000-05-16
68390,Schindler's List,23.178343,1997-08-05
59492,The Shawshank Redemption,26.15507,1991-08-25
13635,WALL-E,51.901091,1995-02-16
9562,Brave,34.084434,2018-04-06
33464,Up,49.238878,2007-09-05
10022,Fight Club,3.551607,1990-06-27
49603,Shrek,74.277956,1991-11-23
23605,Batman Begins,92.863742,2005-10-19
90199,Brave,99.646798,1995-09-09
18785,Psycho,20.458851,2005-11-23
78154,The Shawshank Redemption,38.710284,2014-06-02
50845,Spider-Man,97.379372,2005-01-19
52846,Shrek,21.606349,1995-04-19
56994,Up,54.176351,2006-12-26
98108,Interstellar,80.028389,2000-01-23
42656,The Lion King,3.335262,1995-08-16
58302,Inception,10.956287,2017-03-29
96556,300,20.057699,1995-08-15
80496,Gladiator,45.828125,2009-05-15
45051,The Avengers,2.013332,2005-03-21
90559,Inception,43.411052,1992-11-03
72988,The Shawshank Redemption,16.570666,1999-02-27
14031,Better Luck Tomorrow,85.048978,2012-02-07
82894,Indiana Jones,48.890768,1991-11-11
21712,Better Luck Tomorrow,7.585329,2020-09-30
4708,Vertigo,46.552301,2008-04-27
7226,Casablanca,48.284626,2009-10-29
75880,Brave,30.319467,2002-03-01
1692,The Lion King,37.092781,2005-07-21
45066,Better Luck Tomorrow,97.071738,2010-10-26
98137,Infamous,25.09746,1998-12-13
25236,300,67.820344,1998-12-25
97629,Gladiator,66.274647,1998-06-30
26402,Interstellar,42.52258,2012-12-07
56230,Shrek,93.24843,2002-10-30
94823,Troy,77.069693,2002-07-03
42308,The Matrix,2.594406,2000-10-07
63545,The Lion King,48.819145,2016-11-30
36064,Kingdom of Heaven,11.841898,1996-10-14
42939,The Avengers,29.045898,2019-08-24
71916,Back to the Future,24.251252,1992-08-13
40554,Fight Club,75.677078,2011-04-14
4172,Casablanca,25.287937,1999-03-04
12758,Finding Nemo,99.286107,2007-12-17
74478,Better Luck Tomorrow,13.26627,1994-11-22
9608,Better Luck Tomorrow,41.458335,1991-12-25
15004,Psycho,49.194358,2009-12-24
53297,The Avengers,43.563548,2006-06-14
28063,The Avengers,9.786068,2008-05-25
38928,Spider-Man,22.962424,1995-08-04
17932,Casablanca,52.315981,2013-07-22
2888,Fight Club,80.082191,1991-05-30
38354,The Shawshank Redemption,68.995722,2016-06-11
49687,Casablanca,54.676054,1993-01-27
2457,Se7en,97.769864,2016-06-14
5538,Troy,76.216566,1996-10-30
71544,Troy,86.720318,1999-11-12
11903,300,1.765282,1992-06-20
86308,Schindler's List,22.009416,2008-01-29
41542,Ratatouille,72.124542,2012-08-14
8935,The Matrix,28.190972,2012-04-20
60886,Iron Man,35.720476,2016-08-02
71109,Infamous,59.278276,2016-06-14
59627,Se7en,54.494865,1998-08-16
57561,Star Wars,22.46563,2020-11-16
58995,Toy Story,87.929321,1993-05-01
58731,The Dark Knight,62.964051,2019-01-29
41202,The Godfather,68.695391,2010-02-20
27334,Oliver Twist,82.938285,2020-02-10
84833,The Avengers,10.693118,2006-05-02
56060,Psycho,47.666633,2019-07-24
62061,The Avengers,9.088039,2010-03-06
96067,The Incredibles,7.799446,2017-04-06
15771,Alpha and Omega,72.262333,2009-02-10
5769,Shrek,79.076845,1991-08-15
2225,Gladiator,5.71896,2004-01-27
60246,Pulp Fiction,84.325508,2017-10-25
9475,Oliver Twist,28.489222,2001-09-13
43092,Forrest Gump,65.664248,2000-12-31
90221,300,68.723749,2000-07-15
74031,Grown Ups,69.793198,2008-07-02
27883,Pulp Fiction,58.161878,2003-12-16
49958,Oliver Twist,11.767342,2016-06-25
67078,Titanic,11.614155,1997-05-20
1122,The Lion King,14.525064,2013-07-27
83647,Back to the Future,92.131419,2004-03-04
55588,Toy Story,21.437872,2003-04-15
32610,300,15.729046,2006-02-12
38786,The Avengers,98.852126,2000-03-31
21274,Infamous,0.935708,2006-02-08
4179,Harry Potter,77.779721,1990-10-22
48312,Pulp Fiction,84.596159,1992-08-22
62926,Pulp Fiction,66.382226,2014-05-28
12030,Se7en,97.498608,2005-11-30
84507,Alpha and Omega,33.673247,2002-03-07
63281,Kingdom of Heaven,9.252382,1993-10-24
62478,Star Wars,24.448747,1990-12-04
56832,Back to the Future,10.367869,1999-08-15
32063,Schindler's List,48.959963,1996-07-07
25449,The Lion King,96.500771,2013-09-21
12322,Troy,51.998309,1992-04-11
84251,Kingdom of Heaven,32.874051,2014-11-08
1023,Alpha and Omega,90.677138,2015-04-22
43819,Interstellar,61.531325,2014-02-12
47904,Gladiator,93.034861,1990-09-02
63221,Casablanca,96.534854,1994-12-06
20040,Batman Begins,93.696704,1991-11-20
82335,The Godfather,69.372768,2018-07-24
47536,Back to the Future,50.432166,2002-10-15
35021,Iron Man,29.3719,2014-02-20
57418,Harry Potter,94.163318,2010-09-26
42575,Iron Man,54.72729,1991-11-10
34895,Vertigo,99.540435,1998-03-20
98959,The Incredibles,91.870054,1998-01-06
19389,The Lion King,38.183282,2007-05-22
42298,Inception,87.601329,2011-06-10
28596,Finding Nemo,53.707342,1993-09-03
65699,Harry Potter,74.390764,1996-06-08
54263,Inception,48.353339,2014-05-01
14107,Interstellar,98.944335,1992-05-07
1143,Kingdom of Heaven,40.188172,2002-09-04
60777,Jurassic Park,10.031527,2012-05-13
32192,Lord of the Rings,85.893649,2006-11-28
98173,Schindler's List,75.735658,2018-11-29
8032,The Incredibles,13.055166,1992-11-11
95945,Psycho,50.729043,2005-12-09
6762,Better Luck Tomorrow,68.023826,1992-09-14
44043,Gladiator,41.2761,2003-12-29
27843,Shrek,90.914185,1996-12-12
34766,The Avengers,94.34427,2004-02-23
38597,Finding Nemo,86.914689,2012-06-06
50004,300,53.314456,1998-03-31
34241,Batman Begins,45.62924,1999-09-06
5879,300,58.710676,2001-04-26
60475,Interstellar,51.94698,2016-05-24
93069,The Incredibles,10.322373,1996-12-06
14931,Vertigo,78.912384,2007-11-29
11890,Schindler's List,94.135186,2007-06-19
4015,Brave,49.318531,2007-10-25
10399,Back to the Future,6.624391,1994-03-19
36615,Better Luck Tomorrow,32.622159,2007-03-12
29215,300,12.698142,1999-08-22
46908,Ratatouille,98.050585,1998-08-23
32684,Troy,14.122887,1994-11-29
50246,300,8.51944,2004-04-02
32664,Toy Story,52.43226,2000-08-31
84584,Infamous,6.969163,2018-08-13
85318,Lord of the Rings,63.58716,2010-02-21
62073,The Godfather,86.970905,2008-03-18
89746,The Matrix,25.414354,2007-07-17
57443,Toy Story,92.75202,2011-10-27
78101,Pulp Fiction,64.786171,2012-06-27
83778,The Dark Knight,16.67006,2005-02-15
50078,Indiana Jones,64.620446,2002-08-10
61441,The Godfather,7.740732,1996-04-03
84853,Fight Club,35.278454,2017-03-05
64462,Se7en,2.089322,1997-05-10
10883,Avatar,44.436187,2012-02-29
11081,Goodfellas,83.285353,2013-03-13
73053,Indiana Jones,69.883207,1992-12-14
96151,Jurassic Park,20.278996,2006-03-20
85702,Indiana Jones,18.677085,1992-04-23
39301,Casablanca,70.567118,1998-08-18
67169,Psycho,66.788541,1999-04-24
30576,Inception,14.652308,2011-01-07
48649,Monsters Inc,67.372932,1999-10-15
75460,Se7en,78.184467,2013-04-25
22148,The Silence of the Lambs,76.74757,2020-04-09
46521,Star Wars,40.85713,1997-07-24
19095,Avatar,81.507261,2015-01-05
20272,300,39.286326,2015-05-09
60727,Cars,64.748424,2011-02-17
49613,Avatar,76.151344,1993-09-01
43303,The Avengers,75.670014,2015-10-26
17170,The Dark Knight,35.022947,2003-10-09
21687,Indiana Jones,57.295989,2011-07-21
3130,Brave,61.58725,2016-08-14
64001,Avatar,23.867401,2004-12-22
7391,Alpha and Omega,1.315632,2001-04-03
24414,Fight Club,10.378791,1995-01-02
11421,Better Luck Tomorrow,3.941,2008-05-30
94994,Psycho,30.215427,2000-06-21
58874,Interstellar,32.931506,1994-01-15
87054,Brave,86.666135,2009-11-14
97452,Interstellar,12.930476,2004-06-26
7036,Schindler's List,18.916556,2019-08-26
49638,Ratatouille,62.192674,1993-10-02
66970,WALL-E,47.18055,1995-12-08
51354,Psycho,99.32922,2004-06-21
28237,Oliver Twist,76.315165,2004-08-09
68342,Alpha and Omega,27.398841,2013-06-02
64219,The Silence of the Lambs,72.292919,2013-10-16
38417,Shrek,23.219653,2006-08-09
11106,Se7en,68.317423,2008-03-12
75080,300,4.134084,2004-07-30
72791,Schindler's List,20.359923,2017-01-06
54694,The Shawshank Redemption,10.711802,2000-06-09
70428,Spider-Man,43.180264,1996-08-04
16138,Star Wars,55.561978,2000-08-11
51848,Troy,26.313324,2001-01-17
92736,Infamous,97.861639,1997-11-23
3054,Braveheart,41.352916,2000-12-12
88852,Indiana Jones,56.396286,1995-01-07
877,Gladiator,46.620824,2019-11-12
52656,The Shawshank Redemption,86.385651,2010-12-17
35199,The Matrix,37.386076,1995-05-21
98754,The Godfather,94.337506,1994-01-03
80748,Braveheart,80.594058,2014-06-22
54363,The Silence of the Lambs,8.027615,1998-04-12
83019,Lord of the Rings,88.38698,1992-01-12
24357,Monsters Inc,18.56651,2015-04-10
47835,Star Wars,6.425216,2001-08-08
32896,The Dark Knight,22.554239,2008-08-13
3147,Fight Club,8.977649,2006-10-19
91629,Better Luck Tomorrow,62.408822,1990-10-11
35804,Psycho,45.025642,1997-07-28
49640,Titanic,47.745903,1998-07-05
30104,Iron Man,61.851131,2005-11-24
24096,Braveheart,50.089219,1996-02-08
12657,Forrest Gump,99.164331,2016-04-22
53669,Ratatouille,62.560828,2018-08-21
82443,The Dark Knight,58.828187,2011-10-07
80653,Star Wars,41.733418,1998-07-26
14270,Shrek,44.915817,2008-06-07
59222,Gladiator,98.95476,2006-08-16
55128,Lord of the Rings,1.046332,1990-06-28
32172,Se7en,15.967757,2001-01-05
53001,Shrek,34.63225,2009-03-14
79441,The Shawshank Redemption,90.489065,2017-06-23
57435,Interstellar,93.82401,1996-06-22
57850,Batman Begins,6.231581,1990-11-19
6004,Spider-Man,14.591564,2011-12-03
87970,Toy Story,88.281701,1990-01-14
30538,Brave,27.592361,2013-02-06
74706,The Shawshank Redemption,40.409357,1994-08-28
25029,Vertigo,0.956848,1994-07-06
6601,Finding Nemo,49.400068,2005-06-24
71088,Star Wars,86.59762,2018-08-24
98199,Monsters Inc,36.777158,2014-05-22
73042,The Lion King,88.151428,2015-02-14
53659,The Godfather,35.018989,2010-03-26
41787,The Lion King,65.987654,2013-09-23
82149,Up,29.716477,2004-04-01
50840,Toy Story,51.71618,1994-11-19
65141,Se7en,82.917033,2001-07-24
52244,Monsters Inc,84.916447,2012-12-16
24140,Avatar,8.114477,2017-12-01
27489,Citizen Kane,92.965141,1995-11-19
9626,Infamous,52.421458,2015-05-31
67428,Interstellar,22.311342,1996-03-01
91712,The Lion King,83.216561,1992-06-15
56224,Finding Nemo,63.704494,1995-12-19
65425,Iron Man,51.046156,2004-01-08
10988,Se7en,81.264468,1995-09-14
46936,Indiana Jones,20.783364,2014-07-29
90902,Inception,58.325549,2017-01-15
79032,Troy,96.200065,2015-03-13
42401,Toy Story,63.890724,1999-02-15
56617,Finding Nemo,60.08126,2018-11-21
74226,Brave,3.430897,2016-01-07
98768,Goodfellas,18.673622,2015-12-08
8851,Titanic,61.408378,2000-05-26
26190,Kingdom of Heaven,70.41506,2002-04-20
1222,Brave,90.032864,2005-07-04
70887,The Silence of the Lambs,87.197845,1999-08-26
7462,The Matrix,36.305154,2019-09-01
13308,Oliver Twist,69.141554,1998-08-30
63247,Batman Begins,46.65982,2016-04-20
18071,Interstellar,47.965089,2007-11-11
7215,Ratatouille,94.561964,1998-07-27
89331,Finding Nemo,73.412406,1999-09-03
13374,Interstellar,96.831067,2002-07-26
93802,The Shawshank Redemption,77.600097,2001-04-06
93030,Grown Ups,72.700129,2020-06-08
72578,Better Luck Tomorrow,43.044599,1991-06-04
94065,Back to the Future,11.09406,2018-08-22
62967,Citizen Kane,63.221054,2009-02-25
90416,Infamous,47.100948,2018-10-22
49934,Iron Man,59.261006,2003-06-11
9442,Up,28.593657,2009-04-07
60938,Inception,20.003402,1994-07-24
28058,Psycho,26.88172,2017-12-23
99655,The Matrix,65.927728,1999-08-04
72154,Titanic,95.32183,2013-08-21
89989,The Matrix,99.196787,2002-02-26
37108,Iron Man,80.961148,2000-06-15
76268,Fight Club,95.777129,1997-09-24
48289,The Shawshank Redemption,28.741184,2004-10-11
88817,Vertigo,0.85272,1991-09-02
62012,Toy Story,19.808625,2008-02-19
37627,Interstellar,63.62798,2007-12-10
96496,Gladiator,89.982159,1991-12-12
78429,Titanic,91.534926,2019-08-26
81494,Alpha and Omega,83.149802,2001-08-23
62252,Troy,76.354616,2017-12-17
47721,Casablanca,30.767026,1992-09-23
60855,Ratatouille,9.230241,2019-06-16
9901,Goodfellas,52.757295,2015-02-23
84791,The Avengers,33.858744,2002-04-07
93166,The Avengers,13.252916,2011-08-09
65325,Alpha and Omega,46.09957,2019-06-17
36828,The Silence of the Lambs,52.795126,2010-09-07
67422,Ratatouille,77.538532,2000-06-16
76847,The Godfather,80.908075,2013-09-04
99729,The Silence of the Lambs,47.117643,2014-08-14
6191,Forrest Gump,92.113225,2018-05-28
63364,The Silence of the Lambs,78.971888,2012-10-25
75491,300,43.532435,2005-02-28
14837,Brave,35.349945,1993-05-05
26052,Forrest Gump,32.129251,2018-02-19
12174,Finding Nemo,46.63963,2013-03-15
87694,Alpha and Omega,33.365363,2001-06-12
99470,Shrek,47.148342,2007-11-08
84605,Citizen Kane,57.937793,2002-10-29
3996,Indiana Jones,17.018804,2008-06-19
16908,Infamous,79.890444,2014-08-24
17010,Ratatouille,11.705502,1995-01-30
1033,Ratatouille,40.732239,2000-06-16
39881,Vertigo,16.93941,2005-07-20
86579,Titanic,30.740888,2015-04-12
6367,Batman Begins,46.099544,1999-02-25
61639,WALL-E,75.00091,1991-06-22
43923,Spider-Man,62.895154,2017-10-10
38619,Titanic,36.392167,2007-02-03
19270,Iron Man,59.299054,2015-08-13
18244,Toy Story,29.984082,1991-05-23
24726,Titanic,83.928536,2018-02-04
4295,Finding Nemo,48.576076,1995-06-17
6082,The Shawshank Redemption,71.817447,2009-06-22
81073,Gladiator,31.539347,2018-08-29
34968,The Lion King,67.89547,1995-03-05
99781,Inception,92.713672,2010-03-17
26973,Back to the Future,11.222674,2010-08-04
31019,Spider-Man,59.264787,2015-01-02
97657,Gladiator,50.342574,2018-09-21
19948,Schindler's List,54.327467,1991-12-04
47317,Se7en,19.862857,2016-09-16
82569,The Matrix,3.19642,2019-04-24
67981,Up,7.591412,2000-08-15
27255,WALL-E,28.776149,2020-09-24
59754,Interstellar,85.512173,2018-11-15
38628,Kingdom of Heaven,80.782626,2009-03-27
13755,Fight Club,99.544271,2005-09-04
40253,Spider-Man,74.183061,1993-07-13
72617,Lord of the Rings,35.446594,1995-04-16
58089,Psycho,91.86634,1996-12-10
13153,Jurassic Park,79.171581,1999-10-25
73787,Star Wars,70.045196,1993-01-01
37614,WALL-E,53.847016,2015-10-24
12047,Forrest Gump,71.844664,2000-01-14
18193,The Matrix,95.897669,2008-10-29
49835,Forrest Gump,86.296832,1995-03-20
57996,Citizen Kane,19.849061,1991-01-31
66323,Vertigo,10.213774,2019-06-21
35940,Gladiator,2.149349,2005-07-28
73513,Back to the Future,71.425405,2012-01-02
88480,Brave,28.251638,1998-03-02
81756,WALL-E,71.962772,2010-10-30
66158,Vertigo,18.823128,2020-10-02
92116,The Dark Knight,43.954766,1993-08-28
74607,The Silence of the Lambs,1.853423,2012-03-01
27480,Gladiator,11.310366,2016-09-21
83207,Citizen Kane,8.602411,2003-09-25
31874,Oliver Twist,79.163722,2019-11-15
38525,Vertigo,90.487646,2015-10-02
53215,Brave,17.86563,2020-10-16
30504,The Dark Knight,52.688338,2017-12-10
51627,Casablanca,15.445513,2005-04-25
77540,Monsters Inc,78.035634,1999-10-26
6543,The Avengers,82.165467,2004-02-28
53476,Inception,78.623777,2002-12-20
80282,Oliver Twist,25.52398,1993-10-06
84719,The Shawshank Redemption,34.088625,2013-06-20
22831,Troy,21.252435,2012-09-06
96532,Indiana Jones,0.829516,2013-10-11
27056,Goodfellas,6.928797,2015-08-05
73433,Se7en,98.638803,2003-08-04
44551,Forrest Gump,91.365656,1992-07-31
42223,300,8.405312,1991-10-23
46222,Harry Potter,46.396642,2016-04-25
71510,Infamous,97.469846,2017-03-09
56554,Kingdom of Heaven,5.920475,2011-01-05
93884,Indiana Jones,67.041038,2017-04-26
5811,Star Wars,11.095917,2012-04-11
2420,Jurassic Park,35.121889,2018-12-12
9520,Better Luck Tomorrow,5.184063,2007-01-16
8776,Jurassic Park,60.039417,2011-04-23
3282,Goodfellas,70.395165,2011-11-03
66224,Indiana Jones,4.623719,2000-01-16
11299,Better Luck Tomorrow,50.662269,2013-09-03
4467,Fight Club,30.252545,1999-10-16
70199,Monsters Inc,71.069188,2000-01-04
21169,Goodfellas,51.271209,2019-05-05
85344,Braveheart,2.171558,2013-04-04
19714,Avatar,26.916061,2020-03-06
62309,WALL-E,49.002798,1998-12-20
16915,Casablanca,10.085055,2019-11-05
97664,300,88.617301,1998-07-17
34971,The Dark Knight,89.708386,2013-09-12
54279,Inception,11.703615,2013-03-20
74655,Back to the Future,88.388598,2009-08-22
16498,Oliver Twist,57.467485,2016-03-04
47590,The Shawshank Redemption,86.630477,2003-08-12
62853,Cars,62.963843,2016-06-26
76394,Schindler's List,91.733056,2006-01-09
15421,Cars,46.253313,2005-06-11
42464,Shrek,99.818701,2009-04-23
66577,Cars,85.824002,2017-01-02
7717,Oliver Twist,63.120504,1999-12-29
96297,Oliver Twist,39.504751,1994-11-05
8084,Titanic,61.766772,2009-08-20
83508,Psycho,73.031957,2014-07-27
95109,The Shawshank Redemption,34.596677,1990-01-25
27204,Inception,54.324025,2015-10-14
53924,Star Wars,89.075193,2008-08-03
54647,Avatar,95.258031,1994-12-02
18004,Indiana Jones,62.005928,2003-09-22
9269,The Matrix,15.426286,1998-02-14
86756,The Shawshank Redemption,76.844233,2006-12-03
39511,Ratatouille,25.141365,1998-08-21
68532,Avatar,6.963311,2020-04-13
85109,Batman Begins,37.410194,2015-09-19
97534,Alpha and Omega,27.245007,2010-03-16
69070,Troy,51.720917,2011-05-28
23342,Kingdom of Heaven,0.732793,2006-07-11
88897,Batman Begins,68.125908,1992-08-01
16051,Forrest Gump,44.447189,2014-01-17
56204,The Godfather,26.316834,2007-01-31
57039,The Avengers,27.484664,2015-08-12
99935,Oliver Twist,4.709825,2010-04-17
24094,Interstellar,22.649982,2001-10-26
66919,Shrek,12.293966,2013-10-06
19230,300,43.934874,1990-10-22
374,Grown Ups,49.678082,2013-06-25
53201,The Avengers,82.438764,2002-10-16
86309,Kingdom of Heaven,56.790207,1991-07-13
98691,Brave,58.939401,2001-02-18
74510,Jurassic Park,10.178853,2007-01-11
21894,Jurassic Park,35.386989,2013-09-15
1970,Toy Story,79.753171,2001-03-09
27070,Oliver Twist,58.632988,2003-08-10
732,Harry Potter,37.844284,2001-02-01
78402,Casablanca,43.38799,2018-08-27
21953,Better Luck Tomorrow,12.031319,2011-05-05
57946,Vertigo,3.110659,2002-04-26
98092,Lord of the Rings,14.850737,2012-09-01
93668,Gladiator,30.022492,1996-06-27
68271,Oliver Twist,28.675437,2011-03-15
98803,Lord of the Rings,70.463041,2006-05-20
63495,Interstellar,16.465096,2002-04-04
23010,WALL-E,76.037728,2009-06-11
43945,Back to the Future,71.05359,1998-03-16
63731,WALL-E,15.567565,2014-08-11
91078,Inception,66.236229,2015-06-05
68097,Iron Man,33.124477,2003-04-29
73288,Iron Man,11.079362,2008-04-01
72638,Star Wars,62.483098,2010-01-31
86272,Gladiator,79.407235,1997-04-30
10739,Ratatouille,96.26373,1997-12-18
93391,Titanic,55.243289,1998-03-08
67804,Se7en,56.861711,2000-01-15
81824,Interstellar,46.589054,2012-04-22
1519,The Incredibles,31.204983,1991-05-01
40992,WALL-E,14.738611,1998-10-16
4978,Brave,30.368728,2007-05-21
59188,The Shawshank Redemption,33.728404,2017-02-14
71680,Kingdom of Heaven,73.758451,2009-07-14
81976,Toy Story,13.307388,2012-02-03
38995,Inception,19.083676,2012-02-26
79963,Avatar,97.225547,2016-07-05
88355,Cars,7.554342,2009-09-18
21207,Interstellar,92.968239,1995-12-18
22698,Shrek,15.062587,2005-09-28
8625,Goodfellas,53.892066,2002-11-14
49952,Psycho,39.924182,2012-06-15
54346,The Matrix,40.314084,2000-04-25
19118,The Shawshank Redemption,70.319439,2020-01-25
44228,Forrest Gump,65.766753,1993-11-23
5212,Better Luck Tomorrow,94.332578,2014-06-01
87258,Cars,71.975866,2016-07-08
96452,Jurassic Park,60.899843,1997-06-01
30926,Vertigo,17.999625,2016-05-14
87017,Avatar,47.925306,1994-09-21
29270,Kingdom of Heaven,49.968399,2004-05-14
48781,The Matrix,64.067528,1994-02-14
11956,Se7en,36.92249,2007-07-23
52964,The Incredibles,14.965396,2002-05-17
49777,Inception,87.908116,1999-11-08
7212,Grown Ups,3.72539,2007-06-07
27537,Iron Man,13.92761,1991-03-02
32762,The Avengers,45.887393,1991-10-25
51912,Ratatouille,88.935554,1997-11-19
65641,The Shawshank Redemption,10.701936,1996-08-10
34235,The Matrix,73.896172,2007-09-02
85014,Up,29.008763,2016-08-27
39738,Forrest Gump,8.054701,1995-11-15
27395,Up,89.549008,2011-06-15
1814,Back to the Future,97.253216,1991-08-06
98503,The Incredibles,13.618539,2003-12-10
80664,Kingdom of Heaven,89.658539,2007-04-15
56606,WALL-E,64.98615,1993-03-28
19342,Citizen Kane,20.546935,1995-08-23
23132,Ratatouille,67.316892,2017-06-06
12142,Grown Ups,81.228669,2009-12-14
30119,Braveheart,49.633491,2013-04-28
44801,Forrest Gump,90.978783,2007-12-07
29454,Star Wars,53.086021,2000-12-21
22868,The Shawshank Redemption,18.949844,2017-10-29
67834,Grown Ups,71.075766,2010-12-11
98387,The Lion King,67.850695,1998-10-14
19067,Braveheart,64.223282,2000-12-13
35234,The Godfather,88.044448,1996-12-05
33792,Pulp Fiction,53.030599,2018-02-03
49562,Infamous,70.570831,1996-04-15
49338,Monsters Inc,95.488678,2007-10-15
41079,Forrest Gump,14.207503,2020-08-02
566,The Silence of the Lambs,38.958937,1996-05-02
67896,Schindler's List,22.268226,2017-04-04
76261,Brave,32.721598,2002-04-25
88198,Toy Story,51.3028,2017-03-30
40846,The Godfather,84.618323,2020-02-01
95105,Better Luck Tomorrow,40.251286,2013-10-06
41912,Vertigo,56.012046,2004-09-20
99635,Psycho,81.317669,2014-12-19
41538,Troy,92.848974,2000-12-07
98183,Braveheart,35.291528,2012-04-18
29699,Fight Club,18.206576,2013-12-07
72945,Monsters Inc,58.42324,2008-09-21
6370,Up,89.629785,2008-06-06
63341,Inception,25.223759,2009-07-31
85764,Ratatouille,50.195004,2017-10-20
22355,Vertigo,48.853713,2015-05-08
39177,The Incredibles,92.745729,2015-01-17
19404,300,45.942435,1997-11-13
97873,Casablanca,53.85765,2017-03-11
88187,The Silence of the Lambs,14.256239,2020-11-07
30736,Schindler's List,46.094466,1999-08-17
12639,Fight Club,34.508511,2006-07-03
70355,Goodfellas,22.555294,1991-07-13
84036,The Shawshank Redemption,51.112994,2013-12-23
85499,WALL-E,77.203317,2012-05-02
51526,The Godfather,18.08157,1992-11-24
86978,Batman Begins,14.586227,2011-02-26
95325,Brave,12.86729,2019-01-28
41018,Indiana Jones,76.427942,2013-11-16
45721,Star Wars,78.913865,2020-05-14
40055,Forrest Gump,88.927385,2017-11-07
69748,Braveheart,96.431071,1998-05-28
79981,Infamous,38.052282,2016-02-21
17236,Lord of the Rings,34.373909,2018-01-20
50139,Troy,99.152131,1994-02-09
66630,Harry Potter,14.643154,2020-06-17
76838,300,4.651011,2009-05-09
99278,Casablanca,38.823291,2000-02-23
18186,Back to the Future,9.261064,2009-04-07
63787,Interstellar,38.633113,2020-11-20
75084,Interstellar,41.453379,2000-07-08
98999,Vertigo,64.054213,1991-11-19
22323,Grown Ups,74.542209,2017-05-28
11835,Jurassic Park,64.955916,2004-06-02
99393,Toy Story,70.865274,1992-08-12
13513,The Shawshank Redemption,37.214236,2009-04-23
43175,Toy Story,45.924479,1999-10-30
27329,Schindler's List,71.581045,2011-02-19
751,Troy,15.167066,2001-07-18
80682,Finding Nemo,71.348648,2015-05-30
41294,Spider-Man,95.179419,1996-06-13
81701,Better Luck Tomorrow,17.979403,1992-02-09
44420,Lord of the Rings,39.746159,1999-01-15
11850,Grown Ups,58.346295,1995-09-20
61330,The Godfather,71.956096,2000-09-06
97597,Better Luck Tomorrow,25.576537,2009-09-15
83097,The Incredibles,58.664744,2004-04-04
34254,Up,93.537925,2020-03-29
45144,The Godfather,36.06651,1995-12-14
97241,Up,57.120844,2002-12-28
30832,Cars,62.596422,1991-09-05
71655,Goodfellas,88.786188,1996-05-08
34666,Toy Story,31.439841,2017-08-02
91376,Avatar,87.358834,1992-04-23
84924,Pulp Fiction,67.510164,2014-09-27
3756,Avatar,71.835262,1995-05-03
93558,The Incredibles,7.097411,2008-09-17
67304,Back to the Future,35.975931,2013-01-04
22992,Troy,12.24078,2014-03-24
28275,Better Luck Tomorrow,56.375866,2000-04-02
13664,Gladiator,83.844094,2015-06-24
96731,Forrest Gump,41.293692,1992-07-02
55075,The Silence of the Lambs,22.947604,2010-08-05
39545,The Matrix,30.808525,1994-06-26
88948,Fight Club,57.532242,1994-06-13
94245,Jurassic Park,76.869551,2009-06-01
76944,Forrest Gump,69.141091,1990-08-14
38324,Infamous,94.245963,2001-05-08
73416,The Godfather,88.445293,2002-09-30
37208,Titanic,10.938742,1995-10-28
50925,Lord of the Rings,70.51719,2011-07-23
77645,Braveheart,39.668558,2006-05-11
88259,Schindler's List,33.946312,1994-04-30
7857,Indiana Jones,47.850145,2014-09-21
45037,Oliver Twist,76.743547,2014-10-24
29061,Troy,41.970346,2000-08-09
50347,Interstellar,82.197352,2012-03-06
47355,Psycho,47.457512,1995-06-02
77820,Harry Potter,6.50766,2008-01-17
34553,Spider-Man,63.219574,2016-11-14
62436,Star Wars,78.187511,2005-10-10
71699,Schindler's List,31.940233,2009-01-10
89935,Psycho,22.603149,2003-07-24
44683,Harry Potter,64.197729,2003-12-18
6251,Star Wars,35.587871,2000-09-16
43163,The Matrix,90.626117,2019-08-23
21166,Better Luck Tomorrow,76.798315,1991-06-25
22620,The Godfather,46.388695,2004-03-16
36334,Finding Nemo,97.568844,2003-05-08
84255,Casablanca,34.778228,2010-07-18
72283,Harry Potter,44.739849,1990-12-07
88328,Fight Club,65.069207,1994-08-28
15162,Oliver Twist,51.447219,1994-09-18
25098,Monsters Inc,34.766546,2019-08-03
1448,The Lion King,42.070096,1993-10-25
72831,Interstellar,86.436201,2016-09-09
81333,Casablanca,20.221831,2005-04-27
25673,The Lion King,32.103331,2010-03-30
36516,The Matrix,20.252649,2007-11-23
856,Better Luck Tomorrow,51.464837,1996-08-10
37897,Schindler's List,16.509197,1993-10-06
73877,Fight Club,17.528145,2000-09-11
74826,Gladiator,83.512176,2004-07-12
24693,The Dark Knight,70.451243,2000-12-28
35230,Alpha and Omega,19.256203,2002-02-23
40911,Forrest Gump,38.973265,2011-10-25
3711,Indiana Jones,91.730203,1997-07-08
58206,Lord of the Rings,87.076034,2014-02-20
45929,WALL-E,65.621953,1994-03-29
23826,Spider-Man,28.756348,1999-10-26
41286,Psycho,37.642158,1990-08-29
34069,Schindler's List,65.498417,2018-06-23
15909,Braveheart,56.267017,2010-11-07
66738,Shrek,56.28242,1994-05-20
62965,The Dark Knight,42.625411,2002-11-24
5039,Finding Nemo,9.47795,2008-07-17
49308,Up,12.593984,2007-03-19
47267,Indiana Jones,83.614482,1993-04-18
61740,The Silence of the Lambs,88.470338,1999-04-22
53634,Inception,89.423047,2012-09-13
3833,Finding Nemo,47.721206,1993-04-09
170,Schindler's List,93.583651,2006-02-25
8932,Finding Nemo,83.852905,2010-03-09
29266,Goodfellas,38.723959,1993-03-03
76314,The Godfather,22.689988,2011-11-24
60574,The Matrix,72.992246,2002-05-22
8280,The Shawshank Redemption,72.667758,2013-01-30
95879,Kingdom of Heaven,89.072812,2003-04-16
90961,Batman Begins,5.521475,1999-06-24
89065,Forrest Gump,35.580634,1995-02-10
4393,Back to the Future,3.969263,1994-02-07
63210,The Silence of the Lambs,21.431651,2003-08-13
66613,300,40.260795,2011-07-24
83989,Psycho,12.74547,1995-06-29
15222,Jurassic Park,82.317476,2001-08-26
84585,Spider-Man,20.686704,1993-07-28
22438,Star Wars,41.428147,2006-05-06
80157,Alpha and Omega,80.267123,2001-06-10
78366,Braveheart,12.11421,2000-10-26
12648,The Incredibles,62.152216,2005-07-07
73927,300,94.081053,1994-09-06
80124,Toy Story,45.701635,1995-06-07
45011,Kingdom of Heaven,24.39291,2019-04-24
92891,The Matrix,94.348488,2015-04-08
27936,300,5.891381,2017-08-18
83119,WALL-E,31.503961,2019-03-04
64604,Interstellar,81.824869,2008-07-17
42920,Fight Club,15.816677,1996-11-03
79406,Schindler's List,8.866342,2007-05-31
32249,The Silence of the Lambs,46.07167,2012-12-12
53947,Avatar,33.511257,2011-09-14
78919,Casablanca,79.81735,2019-11-06
60847,Goodfellas,34.045895,1993-10-08
27196,The Avengers,67.147597,2009-08-13
47074,300,56.239337,1997-12-27
22196,Inception,59.900804,2009-08-11
24010,Fight Club,51.358593,1994-06-30
45294,Schindler's List,13.978345,2012-12-28
32864,The Shawshank Redemption,6.67237,2010-06-16
3816,Schindler's List,54.617893,2019-06-24
19475,Fight Club,65.117669,1996-12-26
17754,Infamous,72.670187,2003-05-25
46208,The Silence of the Lambs,72.352997,2002-09-08
92501,Toy Story,74.161021,1997-10-08
90513,Jurassic Park,2.52204,2005-10-12
10543,The Incredibles,22.738041,1997-07-07
58525,The Shawshank Redemption,73.094327,1998-08-07
94555,300,12.796387,1995-09-07
9414,Vertigo,19.064787,2018-05-20
12770,Se7en,66.130415,1994-03-01
92068,Pulp Fiction,80.913714,2019-07-14
39437,The Incredibles,16.666918,2018-07-06
26889,Se7en,55.30734,2004-04-10
80915,Star Wars,18.543758,2002-02-11
82873,The Shawshank Redemption,21.254765,1992-06-13
55193,WALL-E,48.456518,1994-09-08
10318,Jurassic Park,67.550431,2020-08-20
72887,Psycho,57.631736,2009-04-28
82472,Troy,9.696085,2005-04-28
45626,Gladiator,28.913323,2004-05-07
9222,Star Wars,93.847456,1998-12-18
78789,Lord of the Rings,62.950443,1994-09-03
14035,Back to the Future,65.983255,2007-10-30
36571,Inception,21.508968,2016-04-19
2010,300,95.844314,2006-01-01
64091,Spider-Man,21.04782,2010-01-26
53028,The Silence of the Lambs,25.490601,2006-06-24
15766,Alpha and Omega,51.254613,1991-08-20
52273,The Dark Knight,49.849271,2000-05-23
73823,Better Luck Tomorrow,3.74647,2019-01-18
34109,Grown Ups,74.506023,1997-06-23
42999,Pulp Fiction,10.097179,2004-10-23
50479,Spider-Man,5.876515,2017-06-16
97389,Troy,50.962597,1998-09-11
73539,The Incredibles,5.300659,2002-04-06
13679,Avatar,20.467144,2003-06-18
18554,The Avengers,39.399356,2007-11-20
8688,Finding Nemo,60.510123,2015-01-21
94436,Psycho,78.383277,2013-11-16
95100,Grown Ups,29.310319,2010-09-08
73516,Infamous,47.382672,1990-01-08
10037,Infamous,95.431214,2020-12-13
62497,Ratatouille,39.326363,2009-03-24
62482,Toy Story,71.10994,2019-06-08
86136,The Matrix,27.500664,2004-01-29
32253,Psycho,62.509812,1992-03-05
60467,Vertigo,80.570657,2011-05-24
3389,Batman Begins,91.465349,2007-04-04
50051,Ratatouille,93.783288,2002-10-11
39188,WALL-E,30.552308,1994-12-01
2905,Batman Begins,20.487654,2006-01-10
54059,Monsters Inc,81.496858,1993-04-09
33704,Shrek,63.146777,2005-01-14
19781,Fight Club,41.739851,1999-05-18
13387,The Godfather,4.109287,2014-10-16
66480,Lord of the Rings,31.117864,2019-05-01
43442,Gladiator,11.578753,2006-10-19
53011,Batman Begins,49.450146,1996-04-16
53682,Jurassic Park,82.826231,1991-07-29
68934,300,31.603183,2008-11-26
30202,Better Luck Tomorrow,36.08065,2009-10-05
58014,Pulp Fiction,78.427105,2005-01-07
41040,Ratatouille,45.879941,2017-04-11
86552,WALL-E,66.984677,2020-07-07
94310,The Incredibles,19.268196,2002-01-17
73911,Harry Potter,25.468676,2002-05-07
44282,Toy Story,63.680927,2000-07-26
20461,Infamous,11.63851,2005-06-16
68224,Grown Ups,17.939287,2018-10-11
90017,Alpha and Omega,32.10276,2002-01-26
52867,Schindler's List,18.455757,2007-08-19
13427,300,97.557296,2004-04-11
53073,The Shawshank Redemption,25.98528,2004-08-23
33878,Oliver Twist,95.482253,2014-12-11
77497,Back to the Future,84.714532,2004-01-01
43628,Ratatouille,33.595211,2020-01-01
59277,Indiana Jones,55.105808,2007-06-06
81340,Iron Man,34.127545,1999-01-25
57322,Harry Potter,70.458947,2001-10-05
46356,Kingdom of Heaven,36.524291,2001-02-27
17197,Batman Begins,46.899443,1997-02-03
36839,Toy Story,72.025339,2004-10-05
36660,The Shawshank Redemption,41.935916,2018-03-08
72830,Oliver Twist,69.09062,2003-08-07
37815,Up,37.337528,2002-09-03
68474,Vertigo,40.236934,1990-11-24
50955,Toy Story,32.47594,2013-12-07
41064,Interstellar,98.948598,2002-02-08
95661,Better Luck Tomorrow,50.737739,2014-02-26
99032,Forrest Gump,22.589001,2005-11-07
70338,The Incredibles,56.930298,2007-07-14
27136,Psycho,47.167192,2005-01-18
75297,Harry Potter,77.999245,1994-12-22
39206,Casablanca,93.609052,2006-07-16
50897,Batman Begins,11.518144,2016-05-02
33712,Cars,98.130029,2011-10-23
51465,Kingdom of Heaven,16.908443,1998-11-17
37901,The Incredibles,27.69395,2018-12-29
45349,Cars,77.648936,2011-01-25
11140,The Silence of the Lambs,15.967426,2006-03-14
99074,Finding Nemo,81.841031,2002-07-15
93251,Spider-Man,67.512221,2011-11-01
97816,Better Luck Tomorrow,80.626471,2005-05-31
54206,Better Luck Tomorrow,56.561459,2002-01-31
99258,Avatar,98.422453,2017-02-27
23744,Casablanca,59.497265,1990-04-11
86458,The Avengers,39.856702,2002-01-11
21284,Ratatouille,96.661139,2009-02-21
39245,Troy,7.826822,2018-05-20
30353,Titanic,51.707131,2014-08-15
70229,Inception,63.392362,1999-06-28
94349,Grown Ups,34.869058,2010-01-11
22026,Kingdom of Heaven,9.655205,1990-03-04
84857,Up,41.299223,2011-05-22
22082,Harry Potter,81.1527,2016-07-06
50385,Iron Man,57.33007,2001-08-09
87251,Alpha and Omega,75.908999,2006-01-18
50636,Star Wars,71.908653,2015-12-22
23646,Grown Ups,29.012488,2015-01-04
27645,Spider-Man,25.725311,2010-11-27
48829,Casablanca,79.203711,1993-07-01
14538,Up,17.431216,2011-01-27
91182,Star Wars,56.749438,2006-02-25
29317,Jurassic Park,95.663932,2011-01-21
19640,Forrest Gump,52.78504,2000-03-26
89368,Finding Nemo,80.76679,2017-08-22
18433,Braveheart,25.985724,2018-12-24
980,300,6.273336,1993-12-23
17178,The Avengers,35.151448,2003-11-21
7548,Up,57.704763,1991-03-14
61408,Iron Man,64.172559,2012-01-06
94431,Oliver Twist,53.849531,1998-05-25
31444,Infamous,43.575533,2005-08-06
5204,Schindler's List,98.546944,2015-03-12
75444,The Godfather,69.006127,2008-04-17
52956,Toy Story,95.404371,2000-05-06
81752,Ratatouille,18.068594,1993-06-22
28183,Monsters Inc,99.954677,2001-05-17
96379,Brave,70.448985,1994-07-16
38744,The Incredibles,97.208653,2002-01-12
31299,Citizen Kane,60.796211,1993-02-17
91465,Pulp Fiction,15.823695,2018-06-01
4890,Shrek,35.133678,2008-01-01
64765,Gladiator,5.773341,1992-07-12
591,The Matrix,15.569289,2001-10-27
61205,The Godfather,99.840976,2013-07-29
82505,300,91.626042,1996-09-04
77939,Gladiator,90.230205,2004-04-13
88713,Up,0.702414,1998-05-14
24363,Goodfellas,45.329106,1999-11-20
67588,Harry Potter,78.310416,2012-09-06
523,The Godfather,23.047893,2020-07-24
82645,Monsters Inc,42.297582,2017-08-16
43929,Toy Story,20.888945,1993-01-23
8409,Braveheart,69.421071,2007-04-20
40283,Cars,70.550886,2002-12-24
92608,Troy,28.630667,2010-03-30
22373,Star Wars,47.990607,2020-11-23
14652,Citizen Kane,45.444854,2004-12-18
88633,Harry Potter,77.908922,1997-05-01
63973,Indiana Jones,67.679647,2004-08-29
55495,Brave,7.288025,2004-03-16
3185,Schindler's List,15.53094,1995-11-15
57890,Forrest Gump,84.076617,1993-09-04
24459,Casablanca,96.57256,1999-10-26
53189,Oliver Twist,63.820024,2002-02-25
24427,Brave,36.794668,2018-05-21
17195,The Incredibles,22.497686,2004-07-04
83362,The Shawshank Redemption,74.484106,2012-05-15
25768,Alpha and Omega,64.020688,2009-03-06
80335,Monsters Inc,90.935397,2019-03-08
24599,Brave,90.36163,2013-07-04
63923,Star Wars,31.064839,2005-09-07
30911,Citizen Kane,80.390466,2000-08-07
33571,Spider-Man,25.732741,1996-03-31
51068,Avatar,78.308198,2001-04-25
76339,Brave,17.226573,1997-01-20
68089,Lord of the Rings,35.09653,2013-06-06
16283,Monsters Inc,9.051384,2008-04-27
41068,Avatar,29.929564,2001-08-21
74154,Iron Man,32.156421,1990-02-17
79951,Grown Ups,67.033377,2007-12-23
21528,Alpha and Omega,71.667876,2011-11-24
1966,Se7en,59.009706,2014-12-02
36249,Gladiator,77.123209,1994-01-15
81420,Alpha and Omega,45.431486,2017-12-12
84838,Up,62.977444,1994-07-08
1348,Ratatouille,36.246212,1993-11-10
84382,Ratatouille,52.372124,2020-06-21
86765,Gladiator,14.535889,1998-08-27
20266,Iron Man,61.293448,2013-08-01
70568,Braveheart,20.891934,2019-12-02
34993,Schindler's List,46.356124,2018-12-13
69978,The Matrix,66.712418,2018-07-04
48340,Infamous,43.069898,2005-06-21
78527,Psycho,22.703985,2018-03-14
5278,Troy,66.78641,2005-11-08
84303,Goodfellas,85.327069,2008-09-07
99531,Psycho,50.289755,2003-09-24
52072,Toy Story,55.986046,2019-04-15
76900,Oliver Twist,39.391164,1990-10-14
23698,Casablanca,58.528117,1995-05-29
92464,Better Luck Tomorrow,49.782837,1995-03-24
43179,Back to the Future,74.78447,1994-08-29
30046,Brave,24.406055,2020-05-30
7848,Harry Potter,48.878849,2004-12-24
35302,Pulp Fiction,31.964683,1999-10-24
73468,Spider-Man,9.895121,2003-09-24
86335,Avatar,38.956963,1999-01-31
64452,Lord of the Rings,95.339502,2002-02-25
17190,The Silence of the Lambs,46.31862,2009-11-21
47727,Harry Potter,54.789454,2016-04-12
64971,Cars,74.352616,2013-10-28
18612,Indiana Jones,98.487359,2014-12-14
45492,300,41.471611,2011-11-02
41265,Lord of the Rings,52.008706,2004-09-22
69808,Star Wars,96.866994,1998-05-31
87747,Harry Potter,43.163997,1995-06-20
64159,The Lion King,79.137974,2016-06-02
22227,WALL-E,44.661483,2019-07-06
58882,Psycho,23.1502,2014-05-21
96778,Monsters Inc,93.664732,1993-01-22
44884,Alpha and Omega,71.349374,1991-04-17
87493,Monsters Inc,86.421949,2016-03-12
29945,Fight Club,12.050602,1996-03-11
79287,Infamous,70.637994,1998-12-13
85252,Monsters Inc,64.220229,1994-08-13
20331,Fight Club,48.655233,1992-05-30
73361,Forrest Gump,14.638558,2001-01-01
44785,300,41.770603,2007-04-12
8185,Braveheart,61.959833,2005-02-16
80891,Citizen Kane,67.908505,2002-10-02
75600,The Godfather,12.139617,1993-06-30
1580,Up,44.660587,2006-08-14
63600,Oliver Twist,42.839089,1997-08-04
47804,The Dark Knight,78.731328,2006-09-28
91119,The Incredibles,4.600264,1998-03-25
86381,Braveheart,78.656196,2014-06-02
56795,Spider-Man,78.460612,1991-12-18
9936,Up,69.860804,1994-06-18
12136,Interstellar,90.025478,2008-10-03
40202,The Silence of the Lambs,46.784286,2013-06-26
10841,The Silence of the Lambs,10.060998,1995-01-23
46020,The Silence of the Lambs,33.484278,1993-08-31
82783,Up,61.319313,2006-07-21
69610,Avatar,32.628124,2012-12-11
29578,Goodfellas,63.478283,2003-07-27
9853,The Godfather,4.840503,1993-06-22
52517,Better Luck Tomorrow,7.499031,1991-11-20
34123,Titanic,1.546334,2020-01-27
57964,Better Luck Tomorrow,97.607906,2017-12-14
47953,Kingdom of Heaven,26.533424,1997-12-20
65735,The Godfather,79.657555,2012-10-28
95601,Batman Begins,88.741016,1991-06-16
14217,300,16.182127,2016-02-22
43373,Titanic,20.312612,2011-03-05
69737,Gladiator,38.544763,2017-12-07
76431,300,50.654306,2018-05-17
7645,Troy,53.706859,2009-10-13
10563,Schindler's List,38.875543,2016-11-18
64348,Psycho,58.829685,2007-01-07
30126,Forrest Gump,73.740465,2013-08-27
46155,Jurassic Park,70.162195,2019-10-24
76724,Shrek,3.505698,1991-12-26
83786,Brave,59.532994,2014-08-17
20150,Citizen Kane,71.406208,2007-11-12
67699,The Incredibles,20.466938,1990-06-05
3811,Gladiator,60.560168,2011-07-28
19024,The Matrix,11.527177,2005-11-22
43629,The Lion King,66.662407,2005-05-03
29799,Spider-Man,62.230574,2013-03-02
75364,Finding Nemo,24.475387,2007-02-14
40393,Iron Man,87.594946,2013-04-17
2498,Forrest Gump,80.754814,2004-06-12
51556,Up,74.031167,2001-05-15
53248,The Godfather,46.225942,2001-11-20
56151,The Dark Knight,23.075783,2006-06-14
67075,Alpha and Omega,78.326894,2014-09-12
83449,Iron Man,21.847612,2013-04-23
43239,Kingdom of Heaven,48.950075,2004-02-27
70822,Gladiator,38.180253,2013-11-09
62718,Se7en,20.598937,1997-12-13
7777,Finding Nemo,61.655928,2012-07-26
30305,The Shawshank Redemption,98.215979,2018-09-13
89481,Harry Potter,47.889393,1990-12-18
5899,Citizen Kane,50.203439,2002-07-25
88570,The Incredibles,37.5873,1998-04-19
96557,Interstellar,23.214028,1997-06-28
92617,The Silence of the Lambs,28.61614,2001-05-15
13051,Ratatouille,87.644241,1996-10-19
92049,Finding Nemo,94.838033,1996-04-02
30342,The Silence of the Lambs,82.710293,1996-06-18
87994,Back to the Future,3.131342,1997-12-10
4743,The Shawshank Redemption,60.975941,2014-10-07
97693,Avatar,55.152609,2003-03-16
73890,Titanic,77.589068,2020-06-17
17442,Fight Club,78.1657,1998-06-11
7826,Casablanca,44.092095,2019-04-08
78905,The Silence of the Lambs,29.10935,2002-05-18
32034,The Matrix,10.181679,2008-03-19
53031,The Shawshank Redemption,61.326552,2011-10-14
44284,Titanic,27.723929,2007-10-13
91432,Psycho,96.481579,2015-02-06
41417,Lord of the Rings,5.151431,1996-11-14
76767,Ratatouille,96.446882,1994-12-04
59077,Schindler's List,49.8272,2017-10-15
26939,Psycho,60.855619,2020-03-11
11275,Vertigo,58.561789,2014-11-22
21844,Lord of the Rings,75.39439,1990-01-11
8441,Better Luck Tomorrow,9.544907,1990-08-30
34563,Kingdom of Heaven,88.841283,2019-10-22
96044,Troy,79.209107,1995-09-09
53543,Grown Ups,85.091476,2013-11-27
41747,Avatar,48.795286,1996-08-02
97043,Oliver Twist,69.931492,2017-04-03
56228,Alpha and Omega,45.997792,1993-02-26
45799,The Incredibles,13.470483,2018-12-23
6253,Ratatouille,30.54958,1999-04-11
35988,Iron Man,28.201847,2013-08-11
50924,The Lion King,17.020526,2012-07-03
10024,Infamous,24.510942,1990-07-02
25424,Harry Potter,50.10214,2018-04-11
20036,The Incredibles,42.510163,2000-12-01
91634,The Godfather,33.251836,1994-01-06
64576,The Avengers,90.718791,2005-07-01
37272,Psycho,77.981553,1995-02-13
21942,The Godfather,0.750692,1996-10-09
65586,Oliver Twist,57.250994,2003-02-21
89409,The Dark Knight,70.13749,1991-10-28
6421,Schindler's List,5.813913,2005-05-10
74289,Toy Story,11.842963,2013-01-27
4827,Troy,28.216917,2009-08-27
1321,Infamous,61.576542,1993-12-14
8845,Pulp Fiction,92.350778,2011-10-22
97798,Troy,48.842351,1992-07-12
2871,Ratatouille,98.239022,2013-07-21
15456,Up,93.705654,2013-02-27
78097,The Avengers,63.917319,2008-09-11
36026,The Avengers,46.06942,1998-03-19
45832,Inception,68.317405,1997-06-29
79374,Ratatouille,79.224565,2019-01-11
78559,Monsters Inc,94.335567,1996-06-29
53515,Se7en,75.474928,2015-07-25
19659,Titanic,39.459772,2003-01-20
7131,Pulp Fiction,49.583637,2018-07-19
68838,Monsters Inc,5.177858,2003-04-13
81219,Monsters Inc,3.360111,2005-12-11
52830,Kingdom of Heaven,28.510789,2009-01-28
34422,Infamous,80.706842,2006-08-20
43154,Gladiator,32.264773,2014-12-13
98875,Kingdom of Heaven,12.133104,1994-10-18
30812,Harry Potter,35.934811,2001-06-11
63434,Batman Begins,30.904695,2002-01-19
76004,Citizen Kane,98.937039,2001-11-08
17062,300,97.149908,1992-10-27
94908,Indiana Jones,73.824239,2002-12-06
32672,The Lion King,82.978614,2001-10-16
61623,Troy,25.758837,1994-05-07
34896,WALL-E,53.998611,2006-02-25
92047,Titanic,99.850244,2020-01-30
66434,Lord of the Rings,32.659813,1991-09-15
69340,Avatar,98.626004,2003-01-25
34654,Ratatouille,19.231657,2004-09-29
68692,The Incredibles,62.204038,1995-02-22
78776,Oliver Twist,78.303018,2009-07-01
77312,Braveheart,59.521271,2009-06-03
50234,Oliver Twist,31.236099,2015-03-09
24990,Harry Potter,81.49144,2006-06-11
67704,Gladiator,20.573678,2001-01-16
85125,Back to the Future,43.313491,2018-09-24
33265,Titanic,28.33412,2011-06-05
76826,Troy,49.791388,1997-10-21
55749,300,39.04768,1998-01-06
8396,The Matrix,18.320246,1995-11-16
22484,Goodfellas,74.317834,2013-01-24
90140,Grown Ups,18.073792,1990-04-11
47956,Psycho,54.791699,2012-03-01
98687,Harry Potter,80.55553,2006-03-10
18487,Oliver Twist,48.585267,2004-06-07
38680,Alpha and Omega,88.742501,2006-03-24
74850,Iron Man,43.166544,2014-06-13
86705,The Dark Knight,97.085578,2003-04-25
53960,Avatar,2.977857,2006-03-27
44518,Gladiator,79.211642,2020-03-30
7963,Lord of the Rings,70.931993,2000-01-01
33761,Interstellar,61.301613,1995-02-05
12857,Toy Story,29.962573,2000-10-10
1355,Se7en,61.266079,2004-10-30
44762,The Godfather,59.659801,2003-02-15
72159,The Incredibles,15.36555,1997-05-12
78269,Troy,88.044578,2005-11-01
32633,Ratatouille,53.69423,2018-07-07
88529,Finding Nemo,9.361009,2014-10-02
67120,Oliver Twist,39.461005,2019-08-11
50818,Alpha and Omega,22.043468,2014-12-06
6909,The Avengers,17.278848,2012-07-01
19515,Toy Story,94.663595,1990-04-24
40109,Lord of the Rings,67.645706,2002-03-01
50844,Alpha and Omega,30.507703,1999-07-27
56666,Interstellar,67.995983,2002-02-28
37030,The Dark Knight,80.402518,2015-03-31
31094,Pulp Fiction,32.034709,1993-01-27
80501,Gladiator,98.488953,2001-11-30
97882,Brave,88.204481,1997-04-30
4931,Cars,79.814535,2014-06-11
93736,Harry Potter,71.667202,2002-05-22
37575,Braveheart,4.354577,2013-11-21
37085,The Silence of the Lambs,2.729172,2009-12-07
72348,Citizen Kane,16.899267,2005-07-05
99186,Oliver Twist,91.734278,2013-04-29
24695,Gladiator,22.124522,1994-06-26
95420,The Lion King,70.262964,1991-03-06
34280,Ratatouille,98.000197,2001-10-06
72266,Indiana Jones,93.75888,2015-01-15
16076,Lord of the Rings,40.329458,2007-02-12
51352,Braveheart,68.269945,2002-05-05
6171,Ratatouille,76.050143,1998-01-29
95135,Monsters Inc,55.177378,1999-07-05
83191,Fight Club,52.541459,1999-09-02
5323,Grown Ups,22.738402,1999-04-06
37874,Vertigo,67.752571,2017-11-09
78388,Infamous,29.733503,1995-12-07
11509,Toy Story,31.206256,2015-11-02
97400,Fight Club,26.937776,1994-06-01
78432,Psycho,7.049689,2001-07-14
62696,Se7en,84.443467,1998-07-25
61324,Se7en,86.374862,2009-05-12
25331,Finding Nemo,72.513614,2006-01-22
94516,Vertigo,92.810234,1995-03-24
2140,300,63.317659,2011-04-11
18667,Star Wars,64.143189,2002-05-01
3409,Citizen Kane,88.824038,2007-01-28
55093,Jurassic Park,21.249964,2015-10-31
73289,Cars,43.829006,1999-10-31
74025,Ratatouille,70.56174,2019-10-22
87277,Fight Club,27.231343,1991-12-11
76475,Finding Nemo,23.248025,2016-09-10
66526,Casablanca,89.878022,1992-04-06
12791,Spider-Man,99.602756,2019-02-15
16803,Monsters Inc,38.947628,2004-02-24
42743,Oliver Twist,24.042133,1990-04-03
74496,Finding Nemo,40.74372,1990-01-26
73581,Oliver Twist,30.733302,2020-12-11
96380,Back to the Future,82.265009,1998-01-08
8942,Up,90.145792,1991-05-08
10112,The Lion King,39.396692,2002-06-08
80236,Vertigo,60.15784,2006-07-02
50146,The Dark Knight,8.336983,2004-08-10
79912,Toy Story,46.487757,2004-02-07
29511,Goodfellas,1.180361,1998-03-19
31382,Fight Club,67.27392,2008-03-07
34686,Alpha and Omega,18.01406,2015-12-07
62382,The Avengers,87.865143,2002-05-06
71449,The Shawshank Redemption,63.187862,1992-06-19
55420,Forrest Gump,92.849153,2016-12-16
51017,Harry Potter,93.847623,2017-09-04
7638,Infamous,17.331753,2001-08-07
2547,Cars,51.559956,2010-08-22
43440,Infamous,19.948336,2019-03-18
88178,Psycho,45.587303,2000-01-05
42866,Oliver Twist,45.28438,2002-07-03
45911,300,73.707117,2003-08-27
88895,Toy Story,97.624214,1997-05-27
61506,300,63.08235,2012-03-23
58843,Lord of the Rings,81.695364,2003-11-24
68362,Kingdom of Heaven,40.664303,1993-06-22
8741,Iron Man,7.745901,1997-06-28
41090,Goodfellas,51.709853,1997-07-31
66774,WALL-E,90.441358,2007-08-29
86054,Schindler's List,24.405618,2004-02-19
38544,Finding Nemo,26.654644,2017-12-17
64787,Shrek,10.926075,1990-12-31
30977,Iron Man,99.683612,2005-09-01
47862,Up,41.766074,2011-04-08
49236,Braveheart,30.237966,2004-07-06
24755,Cars,92.713814,1998-11-21
57921,Harry Potter,81.218521,2009-01-10
64016,Ratatouille,87.758106,2012-08-01
2162,The Avengers,95.066225,2018-10-05
72706,Lord of the Rings,85.750214,2009-03-02
44733,Better Luck Tomorrow,98.572614,1991-10-17
67376,Avatar,64.114955,2020-01-31
18707,Goodfellas,24.468786,1994-04-12
54367,Cars,17.129732,1993-04-11
66540,Monsters Inc,60.425407,2018-01-02
69189,Monsters Inc,36.20855,1999-12-02
38709,Forrest Gump,13.558701,2018-01-29
56793,Citizen Kane,79.827757,2009-01-23
25282,Interstellar,35.303901,1996-03-22
39838,Vertigo,44.794263,2015-06-16
58938,Jurassic Park,61.372673,2020-05-30
11241,Ratatouille,40.49844,2001-12-01
64878,Troy,86.693846,2001-08-07
9468,The Lion King,98.250943,2009-03-11
78278,Troy,38.834533,2014-03-05
36174,Titanic,18.248462,2020-09-06
74175,Pulp Fiction,28.173414,2002-09-19
31182,The Matrix,67.558891,2005-04-15
62227,Iron Man,8.686441,1991-04-07
2640,Psycho,67.624297,2020-09-13
44837,The Avengers,53.002073,2005-01-29
81505,Vertigo,5.012798,2008-08-11
77734,The Dark Knight,41.366202,2006-12-31
15000,Kingdom of Heaven,23.442121,2004-11-14
47659,WALL-E,13.454463,2000-12-14
12046,Goodfellas,94.119809,1998-12-16
43167,Alpha and Omega,29.457539,1993-10-02
53460,Gladiator,49.658671,1996-08-22
91130,The Lion King,61.39844,1999-07-08
24351,WALL-E,63.081543,1996-09-03
3991,Psycho,38.449382,2013-11-08
84291,Inception,27.316973,2001-05-13
69393,Up,56.706841,1997-12-22
46491,Cars,79.569775,1997-01-21
5964,Lord of the Rings,89.551755,2020-03-28
47246,Titanic,59.352843,1997-10-05
45601,Back to the Future,53.115273,2007-03-09
2398,Fight Club,96.608318,2018-06-02
40099,Harry Potter,20.70549,1996-02-24
97440,Schindler's List,2.173709,2004-08-03
33669,Fight Club,49.505785,2013-07-02
39489,Back to the Future,6.263928,2019-05-11
59491,Citizen Kane,6.389609,2017-05-30
22421,Grown Ups,3.776915,2005-04-14
68282,Pulp Fiction,62.022529,2006-04-14
15503,Spider-Man,62.766255,1993-01-20
87760,The Incredibles,25.940021,1990-12-10
47533,The Godfather,45.255652,2007-01-25
64195,Alpha and Omega,42.175481,1990-12-21
46559,Spider-Man,49.54821,2019-07-30
76550,Indiana Jones,20.351487,1999-08-12
85004,The Godfather,81.36755,2004-04-15
34506,Inception,29.173897,2004-11-22
36405,Forrest Gump,33.008499,2008-09-25
14866,Ratatouille,65.242086,1997-03-15
62307,Indiana Jones,98.163022,2019-07-30
62224,Shrek,20.838667,1992-04-14
97875,Schindler's List,36.110002,1990-01-18
25009,The Silence of the Lambs,37.740565,2008-07-17
45280,Toy Story,53.155406,2005-11-04
35000,The Lion King,83.590535,1998-12-25
61075,Finding Nemo,72.694934,1990-06-09
20907,Better Luck Tomorrow,20.938751,2001-06-02
64439,300,71.417634,2017-02-09
25477,Pulp Fiction,13.042693,1991-11-07
22875,Troy,19.582408,1990-03-17
18794,Ratatouille,39.679458,2011-05-30
2813,Goodfellas,34.806928,1999-04-10
71509,Braveheart,87.041815,2018-08-13
48346,Pulp Fiction,99.702174,1990-11-19
45168,Citizen Kane,20.708581,2007-08-10
1276,Spider-Man,65.91352,2008-06-14
51369,Brave,58.453309,2007-10-25
17683,Up,77.046791,2008-09-13
91359,300,70.118281,1991-11-13
12447,Harry Potter,27.911933,1998-11-30
73833,The Matrix,84.157101,2012-10-22
14004,Braveheart,48.145073,2018-07-01
87794,Vertigo,93.327882,2002-12-14
96194,Back to the Future,56.251134,2010-05-30
98279,Harry Potter,29.436088,2016-02-08
33427,Shrek,89.670413,1998-08-26
59376,The Matrix,82.712366,2012-04-01
32898,Harry Potter,94.720351,2005-05-29
10842,Braveheart,89.406783,2005-02-09
68253,Fight Club,24.897342,1997-11-12
42463,Jurassic Park,81.62319,2013-06-26
19938,The Shawshank Redemption,59.621434,1990-10-12
16521,300,40.630013,2020-04-19
64287,Spider-Man,1.259139,2013-03-29
68626,Oliver Twist,69.913138,1997-12-11
19811,WALL-E,85.461729,2018-09-21
80372,WALL-E,60.614634,1990-05-19
51649,Jurassic Park,31.416687,2018-09-18
41259,Braveheart,6.235184,2011-04-15
39892,Alpha and Omega,66.068128,2016-04-11
49505,Jurassic Park,40.670933,1994-10-09
3341,Infamous,49.937103,1998-10-09
49736,The Incredibles,56.646745,2014-07-01
72237,Shrek,76.97269,2018-02-13
942,Interstellar,53.910207,2003-03-22
62223,Vertigo,52.836974,2017-06-01
6591,Inception,48.385317,1994-01-20
98562,Oliver Twist,43.05158,2015-11-26
14871,Alpha and Omega,62.489476,2009-12-13
68551,The Shawshank Redemption,2.927753,2004-02-20
77594,The Godfather,72.459511,1995-05-23
70933,Forrest Gump,31.809517,2013-08-21
91403,Interstellar,37.577424,1994-11-24
52851,300,61.615071,2020-04-02
80949,Up,25.113895,2004-09-29
40028,The Avengers,66.048357,1990-12-14
20476,Kingdom of Heaven,13.20472,1997-04-14
41249,The Matrix,65.122775,2014-08-27
79021,The Matrix,71.865993,2013-11-20
93448,Back to the Future,70.104994,2016-10-26
9258,The Lion King,77.530635,2000-06-09
61647,Schindler's List,51.929449,1997-01-02
29443,Inception,86.544305,2017-10-29
95655,Ratatouille,23.738418,2005-10-14
80731,Up,38.6425,2009-09-10
69336,The Silence of the Lambs,95.672154,1998-08-03
77029,Citizen Kane,78.999155,2020-01-23
3116,Batman Begins,74.390897,1990-09-11
51218,The Avengers,71.265371,2020-08-01
24888,Up,11.493806,1995-11-26
87091,Se7en,95.088224,2006-03-25
15877,The Silence of the Lambs,29.602486,2012-08-08
46907,The Silence of the Lambs,14.865121,1997-03-31
10806,Cars,2.353213,2012-09-03
4645,The Avengers,38.982112,2012-06-01
71811,Vertigo,67.424279,2008-01-23
61215,Finding Nemo,39.48292,1991-06-30
23956,Star Wars,80.970307,2006-03-09
9648,Spider-Man,18.566038,2009-04-08
95130,Harry Potter,17.387396,1995-03-04
26549,Kingdom of Heaven,26.999969,2004-07-06
16444,Iron Man,5.900564,2002-06-02
74498,Cars,83.986241,2020-11-19
71831,Iron Man,13.927482,2007-06-20
33546,Batman Begins,38.315711,2009-08-30
17875,The Godfather,46.565855,1994-09-21
78937,Shrek,23.872371,2001-01-15
97435,Kingdom of Heaven,88.514567,2009-05-26
54540,Up,73.708036,2011-01-24
91335,The Shawshank Redemption,3.300333,2003-04-07
81706,The Incredibles,44.146437,2003-01-25
38860,Harry Potter,14.208669,2010-08-24
80737,Gladiator,64.075276,2015-11-08
47087,Infamous,49.579379,2011-01-12
50572,Shrek,80.946767,2009-03-10
80051,Avatar,68.572553,2007-12-03
93777,Vertigo,81.943784,2004-04-27
8864,Se7en,87.695008,2015-12-01
76605,Se7en,18.473605,2015-08-17
81212,The Shawshank Redemption,58.564002,2012-09-21
26359,Goodfellas,16.338884,2004-12-08
55251,The Avengers,24.713199,2013-11-10
29826,Oliver Twist,23.130055,1999-08-24
66223,Oliver Twist,35.634203,2004-11-18
44574,Toy Story,78.89295,1996-03-05
68277,The Incredibles,32.078162,2013-11-06
53204,Braveheart,74.638432,1992-01-02
47970,Oliver Twist,0.580588,1995-03-06
61028,Cars,58.072306,2012-07-06
1838,Spider-Man,28.479584,2011-10-04
90043,Ratatouille,74.31718,2015-11-14
98271,The Avengers,99.114187,2020-09-10
49572,Iron Man,53.46288,2012-08-09
36338,Better Luck Tomorrow,53.525943,1990-03-02
63440,The Avengers,97.454406,2012-09-07
5254,The Matrix,36.243219,1994-12-30
9772,Infamous,39.930891,1995-12-28
67793,Kingdom of Heaven,69.813561,1996-11-10
69109,Batman Begins,49.57388,2015-09-25
35895,Se7en,77.003716,1992-09-30
34199,Spider-Man,41.43044,2006-01-26
8646,Brave,69.047055,1990-10-26
88202,Inception,77.126641,2014-02-13
45451,Interstellar,64.461068,1991-05-12
42461,Casablanca,20.617464,2010-12-10
51813,Casablanca,51.865731,2010-08-02
80762,Back to the Future,96.664196,1990-08-11
45380,WALL-E,10.872698,2018-11-28
34333,Cars,70.665941,2017-12-01
3921,Psycho,78.918115,2003-07-17
39133,Ratatouille,67.665161,1993-03-01
14285,Vertigo,11.705468,1998-03-13
23437,Alpha and Omega,7.940699,2020-03-11
97688,The Lion King,50.917038,2017-01-14
29311,Se7en,32.440307,1990-01-28
65695,The Godfather,39.355847,2012-08-21
78612,Better Luck Tomorrow,27.645124,2001-08-29
54619,Toy Story,82.058075,2014-12-06
86821,Batman Begins,85.079451,1991-02-21
95867,Batman Begins,2.123571,2009-01-09
51370,Finding Nemo,81.425161,2018-08-29
77578,The Avengers,67.498922,1991-06-22
68213,Pulp Fiction,45.711698,2020-11-03
33141,Shrek,8.733826,2000-03-30
32566,Forrest Gump,67.034678,1990-09-08
55365,Jurassic Park,26.705228,2008-10-20
74675,Se7en,55.192858,2011-01-25
79825,Fight Club,22.565863,2016-11-26
51637,Gladiator,87.846329,2003-05-06
70869,Inception,35.238383,2011-07-14
29088,Spider-Man,68.826682,2004-06-09
18943,Psycho,49.606011,2016-08-27
36380,Goodfellas,91.476393,1994-09-18
76063,Brave,23.176328,1996-11-03
66811,Gladiator,95.552733,2010-09-23
87223,The Dark Knight,75.357761,2016-01-22
60579,Kingdom of Heaven,70.254415,1990-12-27
50494,Gladiator,84.138117,2004-09-12
42797,Interstellar,65.341846,1995-11-02
29923,Shrek,11.462037,2019-12-03
76786,Forrest Gump,69.9932,2013-02-08
99571,Alpha and Omega,44.053073,2004-07-11
13939,The Shawshank Redemption,55.57383,2010-10-11
202,Titanic,41.129017,2017-05-27
3437,The Avengers,17.525254,2006-05-27
2613,Forrest Gump,48.736522,2019-04-28
59959,Finding Nemo,6.752104,2000-06-18
76465,Kingdom of Heaven,5.84379,2006-10-09
57401,Cars,53.554205,1993-03-09
83141,Cars,18.440828,2016-12-07
51233,Schindler's List,62.55252,1992-06-13
30363,The Godfather,19.498534,2003-12-27
99404,The Silence of the Lambs,80.620429,2008-02-18
59577,Forrest Gump,15.053223,2015-07-21
74948,Monsters Inc,44.674207,1992-04-07
53784,Gladiator,46.841388,2006-09-25
62438,The Silence of the Lambs,62.20296,2019-01-04
30533,Alpha and Omega,40.52621,2001-10-25
19654,Interstellar,65.853649,2004-05-24
38101,Inception,76.764808,2015-10-27
29662,Casablanca,12.725691,2016-05-18
68578,The Godfather,7.802025,2008-05-14
94138,The Shawshank Redemption,67.90746,2016-04-10
48284,WALL-E,85.406641,2015-01-02
62153,Gladiator,48.236158,2002-12-27
56472,Schindler's List,63.436896,1993-11-28
74519,Inception,30.160879,2018-07-01
67104,The Matrix,87.514149,2004-02-05
7301,Lord of the Rings,77.264451,1998-07-09
7518,Pulp Fiction,58.924623,1998-03-04
77642,Back to the Future,31.006652,2001-01-29
20141,Lord of the Rings,44.086915,2011-03-04
38532,Cars,28.306273,2010-07-06
9942,Goodfellas,43.436674,2011-10-06
86789,Monsters Inc,5.453469,2013-02-10
89804,The Shawshank Redemption,11.011778,2001-03-11
9889,Interstellar,22.113297,1990-10-23
30253,Harry Potter,90.447725,2018-06-11
64226,Pulp Fiction,46.807549,1996-11-15
22385,The Incredibles,48.317073,1990-10-16
53107,Monsters Inc,53.107213,2018-08-05
61127,Avatar,50.268648,1990-07-15
3046,Infamous,9.07774,1994-04-24
44997,Oliver Twist,32.687842,2014-03-18
88882,Titanic,7.214153,2017-12-07
50168,Spider-Man,7.428104,1998-01-06
68953,Braveheart,8.18356,2016-07-04
55744,Fight Club,89.795064,2016-06-30
65717,The Avengers,22.287354,2013-12-18
96864,Monsters Inc,7.198185,2002-05-11
5000,Grown Ups,0.784138,1990-08-03
27884,Schindler's List,61.519736,2005-05-04
73626,Troy,61.889091,2012-12-19
30787,Brave,26.861356,2017-11-11
17213,Avatar,28.366657,1995-12-26
57069,WALL-E,34.149974,2008-06-09
81278,Indiana Jones,35.732465,1999-09-22
29480,Brave,77.811958,2006-03-27
16702,Se7en,93.990641,1990-12-10
54438,Fight Club,59.026838,2010-06-04
4461,The Shawshank Redemption,39.507179,2005-07-17
6791,The Godfather,29.831964,2018-12-15
13826,Iron Man,83.034166,1997-01-13
2864,Brave,9.463003,1999-05-19
14404,The Shawshank Redemption,43.602069,2000-10-18
74622,Troy,66.69736,2007-11-09
84496,Kingdom of Heaven,25.430235,2010-03-01
10929,The Silence of the Lambs,13.889056,1996-10-21
97624,Back to the Future,65.353314,2019-08-08
52341,Goodfellas,60.154321,2018-12-17
43867,Brave,62.119549,2001-08-07
55729,Up,97.832354,1993-03-08
99355,Brave,32.638335,2001-12-03
576,Vertigo,98.589098,1992-06-30
47234,Citizen Kane,5.162267,2011-03-23
11906,Casablanca,4.521104,1995-01-23
47463,Cars,85.936033,1994-03-29
11745,The Shawshank Redemption,32.535802,1994-05-04
61463,Grown Ups,36.047259,1990-12-26
37476,Ratatouille,5.591653,1997-05-19
43206,Cars,0.736457,2009-02-24
65858,Alpha and Omega,63.475181,2014-04-18
83694,The Silence of the Lambs,52.508105,1991-09-24
29737,Toy Story,72.909309,2018-04-02
89430,The Avengers,23.135623,2013-09-03
33307,Grown Ups,84.823208,2010-12-27
72033,Alpha and Omega,26.589697,1992-08-02
88381,Grown Ups,45.067273,1999-02-08
44529,Se7en,37.131831,1992-02-26
88365,Up,85.590888,2012-03-24
62383,Se7en,82.190846,2020-12-29
93738,Casablanca,44.449078,1998-08-01
46447,The Shawshank Redemption,36.065697,2015-03-23
98602,Up,78.653171,1994-01-13
36558,The Lion King,21.778781,2002-09-25
72272,Pulp Fiction,94.123413,2004-06-08
71156,Finding Nemo,32.13787,2008-12-29
15781,Infamous,46.60672,1995-09-06
92411,Better Luck Tomorrow,80.926116,1993-06-25
16333,Psycho,79.617569,1998-03-30
40678,Toy Story,69.466741,2015-09-24
44041,Gladiator,12.023092,2006-08-23
87549,Grown Ups,24.596653,1994-12-10
23494,Indiana Jones,71.497802,2018-10-15
78132,Alpha and Omega,86.010639,2020-09-12
19812,Up,17.236698,2002-12-07
48817,Goodfellas,98.923577,1993-01-22
39897,Monsters Inc,62.310206,1996-03-03
81650,Inception,82.2116,1997-04-15
58356,Se7en,78.658784,2017-08-11
6824,Titanic,11.169364,1992-12-05
80646,Titanic,34.591461,2019-09-09
71690,Schindler's List,46.112545,2016-09-08
72489,Troy,26.376267,2005-11-02
92176,Brave,68.398071,1994-09-21
76909,The Shawshank Redemption,56.363082,1990-01-27
19170,Jurassic Park,98.103465,1996-04-15
19543,Star Wars,18.680281,2017-10-06
18953,Oliver Twist,56.335507,2003-07-04
96584,The Lion King,90.06309,2012-04-25
11507,Spider-Man,4.436846,2017-04-15
31341,Psycho,50.021065,2020-12-21
45724,Inception,21.693535,2011-01-27
67723,Casablanca,95.84494,2012-10-14
55975,Casablanca,66.708197,2006-10-14
44084,Grown Ups,27.656686,2017-11-15
20843,The Silence of the Lambs,98.988912,2020-08-22
24156,Infamous,22.218482,1993-04-20
5370,Back to the Future,33.435439,2015-08-09
24149,Oliver Twist,67.677608,2005-07-27
13169,The Incredibles,56.966812,2003-03-26
65782,Indiana Jones,82.535574,1996-10-09
28172,Back to the Future,67.095826,1996-06-26
71562,The Godfather,58.028992,2019-01-19
71805,Ratatouille,33.88414,2013-10-05
29937,Grown Ups,29.934751,2004-05-19
83635,Infamous,10.246941,2003-04-09
49005,The Incredibles,40.593285,2006-10-28
64721,Kingdom of Heaven,79.021902,2020-11-12
90039,Alpha and Omega,28.80841,1995-07-15
21829,Vertigo,88.171906,2003-07-13
21778,Fight Club,80.23499,2005-06-10
86716,Grown Ups,99.764231,2000-03-25
79860,The Lion King,72.717178,1996-06-22
68685,Psycho,5.398649,1997-02-09
29166,Schindler's List,59.5454,2004-08-07
43237,Gladiator,30.526717,2009-09-16
80081,Psycho,94.878692,1990-12-07
31046,Psycho,71.350849,2008-01-21
45088,The Incredibles,78.384186,2015-10-02
15586,Schindler's List,56.354502,1991-10-08
99547,Ratatouille,96.71408,2001-01-21
64158,The Silence of the Lambs,17.478222,1992-12-10
85259,The Incredibles,39.234612,1996-09-12
14884,Braveheart,50.254819,2010-11-07
81959,Better Luck Tomorrow,55.562944,2003-10-17
2794,Better Luck Tomorrow,77.748651,1997-08-29
6678,Spider-Man,72.986594,2013-02-13
45908,Alpha and Omega,5.946928,2017-03-17
5011,Shrek,72.511891,2003-01-13
81529,Grown Ups,26.603146,2005-08-07
77053,Brave,41.900855,1990-12-07
22808,Finding Nemo,45.293379,2019-07-02
47406,Goodfellas,69.510246,1995-06-05
11160,Cars,68.290037,2004-02-03
82222,Star Wars,38.159117,1996-06-22
7958,Alpha and Omega,81.416865,1993-02-17
35102,Monsters Inc,12.587694,2017-12-23
87885,Gladiator,23.655601,2001-08-23
39734,The Godfather,42.757231,2008-05-08
80927,Schindler's List,22.27594,2006-03-08
80490,Titanic,92.794639,2004-11-16
91950,Fight Club,92.815973,1997-07-02
76729,Inception,17.475358,1998-10-23
62492,The Shawshank Redemption,41.617196,2018-02-26
53341,Batman Begins,99.204138,2009-10-27
57591,Kingdom of Heaven,2.432119,1996-02-06
32560,Troy,4.807691,2007-10-06
76098,Forrest Gump,84.371377,2011-01-19
25980,Toy Story,38.526538,2017-11-21
88675,Citizen Kane,73.209245,1990-02-14
90362,Se7en,62.011544,2020-08-02
20309,The Incredibles,69.58483,2020-05-02
16966,Fight Club,20.141013,2015-10-08
80604,Ratatouille,54.935475,2009-01-18
31324,Finding Nemo,64.808457,2007-08-28
41826,The Silence of the Lambs,55.440357,2015-08-03
17109,The Matrix,94.49685,2010-03-08
2991,Harry Potter,2.120528,2000-12-07
68980,Forrest Gump,21.861914,1998-04-22
48859,Titanic,7.825839,2004-12-16
90468,Goodfellas,96.36398,1992-08-16
2537,Forrest Gump,23.780052,2003-10-13
86912,Spider-Man,74.161858,2016-10-18
20304,The Matrix,14.99309,2018-11-24
75655,Jurassic Park,5.692305,2009-09-10
95476,Forrest Gump,19.503042,1995-07-18
45786,Back to the Future,27.981754,1996-04-20
40506,Monsters Inc,46.098475,2006-06-18
85880,Alpha and Omega,2.711448,1999-07-20
58479,The Matrix,61.918896,1996-10-15
99210,Avatar,65.797277,2017-06-28
67420,The Dark Knight,29.447234,1999-01-17
36415,Brave,26.853111,2001-07-17
10943,Kingdom of Heaven,19.444225,2003-01-22
89115,The Shawshank Redemption,21.912333,2005-11-27
20896,The Silence of the Lambs,65.208704,1998-04-16
4387,Avatar,60.774172,1998-07-21
76952,Alpha and Omega,91.529795,2000-01-14
51702,Star Wars,82.835449,2005-08-03
39072,Schindler's List,57.809649,1999-06-07
81771,Pulp Fiction,17.154743,2016-08-16
50606,Psycho,32.695167,1998-07-08
88371,Inception,47.8624,2019-07-18
68431,Fight Club,42.359529,1998-03-20
7315,Interstellar,6.909124,2006-03-13
12722,Monsters Inc,36.144224,2012-05-24
71388,Toy Story,19.173698,1999-01-04
34909,Troy,57.701414,2000-11-06
64538,Oliver Twist,93.079329,1995-03-30
58255,Batman Begins,14.413907,2012-04-19
76265,Citizen Kane,86.182866,2013-07-09
11504,Iron Man,26.581049,2003-08-16
57879,Vertigo,69.049133,2000-11-24
90557,The Avengers,60.934384,2012-08-30
66394,Pulp Fiction,22.206039,2001-02-18
10784,Gladiator,37.256879,1997-06-03
86330,Schindler's List,54.901615,2016-10-21
65514,The Shawshank Redemption,91.233182,1997-07-22
62664,The Silence of the Lambs,18.837122,2009-03-30
10865,Forrest Gump,34.699739,2000-04-08
20719,Troy,99.442263,2020-02-19
95887,300,79.065553,1992-05-16
82572,Se7en,38.729472,1991-11-25
5866,Ratatouille,14.648248,1999-04-29
30647,Titanic,50.323753,2007-03-06
61777,Jurassic Park,58.585514,2007-08-24
49135,Finding Nemo,26.205404,1999-07-02
28130,Alpha and Omega,71.346267,2009-08-19
31627,Braveheart,54.333866,2000-11-12
2748,Se7en,37.017163,2005-03-18
53553,Finding Nemo,29.320407,2016-05-06
86526,Oliver Twist,28.853528,2012-03-07
44583,Se7en,79.087788,2002-05-21
37740,WALL-E,50.069991,2009-08-26
55616,Avatar,28.652095,1992-01-09
22225,Toy Story,78.95145,2009-05-04
38084,Avatar,2.670118,2010-04-18
13234,Braveheart,99.537458,2003-02-24
2920,Spider-Man,88.925077,1994-04-16
8748,Brave,74.424757,1993-11-27
6098,Pulp Fiction,27.006594,1995-09-21
28372,Goodfellas,89.042883,2010-03-23
83781,WALL-E,81.742853,2001-12-11
11055,Vertigo,80.237194,2018-09-09
72476,The Matrix,17.946827,1999-09-07
3531,Pulp Fiction,61.739466,1991-01-05
85760,Better Luck Tomorrow,90.049719,2014-05-19
31965,Iron Man,50.69355,2019-03-12
31323,The Lion King,55.381685,1999-10-02
12393,Oliver Twist,41.073015,1993-09-28
57627,Fight Club,67.161211,2009-04-18
16900,Monsters Inc,86.104442,2000-09-21
51252,Shrek,51.289341,2019-11-18
14470,The Incredibles,96.913197,2014-12-30
30268,Shrek,40.655183,2003-03-10
30513,Spider-Man,12.578861,2003-02-05
10999,Batman Begins,1.949583,2017-09-22
49433,Iron Man,58.113802,2016-01-07
23289,The Avengers,81.433988,2001-05-05
37278,The Incredibles,84.921328,2016-01-21
10692,Braveheart,96.39101,1995-09-15
25126,Titanic,52.86717,2012-04-07
73853,Up,21.414571,1991-02-14
8356,Iron Man,67.986876,1995-12-15
58983,Gladiator,89.345553,2002-10-04
56874,The Godfather,18.975794,2015-12-31
19720,The Avengers,35.113376,1999-02-16
6331,Grown Ups,78.423478,2000-09-15
75984,Infamous,23.848431,2004-11-10
902,The Incredibles,89.910413,2001-04-16
80103,Fight Club,84.313403,1995-09-24
28977,Avatar,50.759152,1997-03-22
86988,Kingdom of Heaven,99.7736,2016-09-27
93661,Finding Nemo,29.870176,1991-10-13
57705,Troy,93.18116,1994-10-06
53938,Se7en,29.452695,2012-01-15
77329,Batman Begins,69.611486,2011-01-06
40146,Schindler's List,75.643315,2014-08-17
37902,The Avengers,65.21809,2007-06-29
62675,Up,53.878725,1990-05-09
25338,The Incredibles,65.437366,1995-04-24
77078,Batman Begins,2.802582,2001-06-25
25274,Goodfellas,88.167655,1997-07-04
69202,Gladiator,53.514269,1993-02-11
38191,Kingdom of Heaven,48.680191,2000-12-01
4380,Psycho,57.681941,1999-04-29
99315,The Avengers,57.285381,2018-08-17
3122,The Avengers,73.031213,2000-09-20
63053,Titanic,9.201714,2020-04-26
65058,Cars,94.104972,1993-11-07
51832,Infamous,94.098865,2019-04-16
98946,Interstellar,1.747631,2018-06-03
41346,Back to the Future,52.654009,1997-08-14
31219,Ratatouille,73.417204,1993-10-31
18392,Pulp Fiction,28.331656,2009-09-18
81254,Kingdom of Heaven,64.091548,2016-09-29
54609,Citizen Kane,65.768861,2006-01-04
38312,Jurassic Park,22.118648,1994-03-17
24776,Oliver Twist,21.45091,2003-12-05
10079,Monsters Inc,75.363894,2015-07-25
29434,Up,71.081371,2009-05-23
48136,Fight Club,86.382943,2005-06-28
37214,The Silence of the Lambs,88.45498,2008-04-30
63631,Ratatouille,16.223518,1992-04-01
69881,Goodfellas,80.415328,2016-04-02
67110,Oliver Twist,66.566937,2010-08-04
4551,Toy Story,64.662886,2017-04-01
18350,Indiana Jones,27.39282,2002-02-27
49957,Star Wars,82.990421,2016-11-26
20703,300,98.996394,1994-07-04
77598,Forrest Gump,16.713649,2014-02-08
11247,Casablanca,74.110845,1993-10-24
26795,Schindler's List,38.290292,2009-12-17
32947,Kingdom of Heaven,19.197585,2005-03-19
21256,The Silence of the Lambs,14.275415,1994-10-10
31980,Oliver Twist,21.268331,2013-07-12
32640,Psycho,85.236088,2000-08-25
40924,Monsters Inc,55.027358,2017-09-24
11413,Iron Man,89.243592,2010-06-26
15744,Casablanca,90.937327,1995-08-09
14707,Monsters Inc,15.491246,2008-12-07
74213,The Silence of the Lambs,63.049835,2001-05-26
89018,Spider-Man,5.593913,2006-08-13
99953,Citizen Kane,27.740888,1995-10-28
42783,Psycho,17.742661,1992-02-06
37640,The Godfather,83.952331,1997-05-15
38304,Spider-Man,36.795552,2001-09-13
43677,Toy Story,99.349633,2003-11-10
96058,Batman Begins,14.556655,2014-01-07
65574,Better Luck Tomorrow,23.222876,2011-09-07
63382,Inception,64.672223,1997-03-02
34457,Troy,96.890294,1997-12-17
34291,Iron Man,73.472794,2012-10-18
12904,Vertigo,13.015048,2018-03-11
72292,WALL-E,41.748592,2000-03-09
62017,Psycho,99.6159,2020-03-17
29227,Vertigo,7.406904,2004-11-13
90381,Toy Story,28.895609,1994-04-08
46876,Kingdom of Heaven,12.877549,1995-03-08
33215,Lord of the Rings,82.133366,1996-01-11
56280,Better Luck Tomorrow,83.444037,2016-11-02
93834,Se7en,34.693143,2008-01-03
85080,The Silence of the Lambs,33.924303,2019-08-25
10316,Interstellar,81.438655,2011-03-03
11517,Citizen Kane,16.187821,2015-02-17
69130,Brave,82.294262,2011-07-18
56476,Schindler's List,10.121149,2001-12-16
68640,Goodfellas,29.827088,2015-03-13
18839,Jurassic Park,50.627723,2011-06-07
36098,Kingdom of Heaven,12.51111,1997-04-09
62907,Casablanca,7.928451,2004-09-15
42456,Jurassic Park,27.368327,1994-07-26
51990,Finding Nemo,58.830598,2007-08-29
42149,The Silence of the Lambs,81.424792,1992-03-20
89535,Citizen Kane,73.375081,2011-05-01
67365,Cars,54.979275,1994-02-28
41123,Vertigo,66.280334,1997-05-21
47303,300,53.974744,1998-05-14
73979,Shrek,54.342347,2006-12-22
75399,Spider-Man,2.094273,2010-03-07
65518,Jurassic Park,38.618733,2011-11-28
53677,Ratatouille,56.097392,1990-08-08
77838,Kingdom of Heaven,59.63009,2003-02-19
55341,Interstellar,51.02044,2005-07-12
65084,Citizen Kane,69.969134,2020-09-20
31717,The Lion King,37.143733,1992-09-20
71337,Titanic,14.723462,2011-02-15
82903,Titanic,3.673377,2005-03-16
6252,Cars,57.2167,2003-11-07
57141,Indiana Jones,49.97485,2005-01-31
