movie_id,genre
3670,Family
60467,Documentary
38354,Family
78226,Adventure
3437,Western
76394,TV Movie
50004,Drama
10164,History
14142,Music
85544,Thriller
85983,Drama
61306,Family
30903,Drama
56396,Comedy
71562,Animation
58089,Western
32633,Science Fiction
77297,Comedy
34064,Fantasy
37284,Mystery
58658,War
9551,TV Movie
9393,Action
2462,Comedy
31536,War
1449,Family
13105,TV Movie
72923,Horror
61777,Western
88663,Western
63576,War
26209,Western
39301,Horror
566,Animation
24459,Family
933,Western
47361,History
27414,TV Movie
11070,Crime
26311,Fantasy
90318,Family
55002,Horror
11859,TV Movie
36885,Drama
76299,Science Fiction
15726,Thriller
34207,Documentary
19901,Science Fiction
64329,Family
92617,Drama
61892,Adventure
34895,Mystery
13744,Documentary
38372,Crime
87747,Action
26402,War
38189,Science Fiction
85109,History
50434,Animation
50636,Crime
39328,Mystery
31717,Family
249,Adventure
19811,Fantasy
39044,Thriller
52818,War
67422,Mystery
24149,Action
53073,Music
53492,Crime
2038,Family
33726,Science Fiction
27244,Animation
60689,Documentary
3811,Mystery
33419,Music
63106,Western
61869,War
14652,Action
45645,Drama
10314,Music
35705,History
26992,Music
13811,Horror
74731,Comedy
46447,Western
73626,Documentary
95105,Fantasy
46018,History
41542,Crime
63599,Mystery
57561,Fantasy
57591,Adventure
53605,War
34553,Action
77791,Music
42135,History
71146,Adventure
72408,Fantasy
18741,Adventure
22082,Romance
51484,Horror
74385,Horror
55729,Thriller
20612,Comedy
84496,Mystery
3419,Drama
80760,TV Movie
2380,Action
32022,Mystery
83304,Action
68362,Horror
89101,Documentary
77968,Animation
88852,Music
68431,Crime
96517,Fantasy
87061,Music
72578,History
65699,Western
79192,Crime
74540,Crime
63732,Fantasy
90559,Thriller
6162,History
96731,Action
15726,TV Movie
39044,Science Fiction
17597,Thriller
30530,Mystery
96795,Action
26190,Family
54088,Crime
96165,Documentary
41417,Romance
53538,Horror
81677,Documentary
31340,Horror
11247,Mystery
18943,Music
14035,Adventure
56476,Animation
59345,Comedy
97836,Thriller
15421,Documentary
72887,Drama
13811,Science Fiction
70887,Horror
8688,Animation
41774,Documentary
49135,Adventure
7177,Romance
51526,Fantasy
9269,War
46588,Western
4393,Music
62233,Mystery
34895,Music
99272,Music
78499,War
76826,Fantasy
69881,Thriller
53994,TV Movie
53201,Thriller
60614,Family
41988,Horror
3300,Adventure
88355,Family
85623,Music
35804,Action
64878,Mystery
47234,Thriller
73260,Romance
45380,Romance
43816,TV Movie
94639,Thriller
69323,Documentary
74129,Drama
86978,Action
23148,Science Fiction
87970,War
77097,Mystery
73833,Adventure
81756,Western
32763,Science Fiction
15609,Music
87481,Science Fiction
96293,War
34161,Romance
9800,Documentary
65282,Music
24414,Documentary
69624,Fantasy
70677,Comedy
76464,Thriller
37193,Adventure
33684,TV Movie
72324,Romance
72514,Family
10164,Romance
63631,Adventure
34537,TV Movie
2871,Comedy
81073,Action
80582,Romance
61574,Family
2038,Animation
47355,Crime
59579,Documentary
45294,Family
20843,Documentary
27334,Documentary
78776,Comedy
87868,Drama
38597,Western
50679,Drama
95166,Animation
37260,Family
11745,Action
78101,Action
87646,Romance
20150,Documentary
51832,History
12393,Romance
69611,Comedy
36296,Documentary
47862,TV Movie
84303,Action
73735,Documentary
32684,Fantasy
41751,Science Fiction
61295,Music
52713,Animation
26753,Horror
30363,Science Fiction
54059,Animation
55109,Romance
75080,Adventure
73911,Comedy
32544,Western
78559,Music
2268,Adventure
55729,Thriller
75436,Animation
30126,History
70717,TV Movie
1514,Fantasy
47234,Horror
37214,Science Fiction
57561,Animation
42085,TV Movie
71562,Music
69575,Crime
79860,Drama
42464,Fantasy
74373,War
84047,Family
16915,Music
88795,Adventure
93510,History
3996,Western
84950,Fantasy
79513,Family
20843,Action
75880,Documentary
31687,Music
74213,Western
58255,Thriller
74031,Adventure
92913,Horror
84521,War
14824,Horror
54331,War
48449,Family
76394,Science Fiction
72709,Fantasy
23026,Science Fiction
43816,Drama
71510,Mystery
55837,Mystery
45168,Action
50556,Comedy
38597,Comedy
76241,Comedy
74068,Mystery
27920,Adventure
68382,Science Fiction
80560,Comedy
71268,Documentary
56396,Animation
48289,Drama
35940,Documentary
10134,Animation
79312,Comedy
21893,History
40155,Fantasy
9534,Documentary
6332,Horror
28183,Drama
63053,War
92617,Comedy
92892,Crime
69197,Comedy
74064,Comedy
15662,Mystery
47430,TV Movie
92800,Romance
4827,Horror
59435,Adventure
93069,Romance
95130,Drama
89364,Horror
4332,Comedy
98912,Drama
20912,TV Movie
28053,Documentary
94862,Documentary
93736,Adventure
68640,Family
72159,Drama
49415,Romance
14538,Fantasy
576,Science Fiction
62755,War
8329,Music
34281,Western
56057,Mystery
72512,Drama
5147,History
37874,History
92068,Adventure
62482,Romance
95595,Mystery
82443,Documentary
2973,Fantasy
16200,Mystery
11517,Fantasy
17178,Mystery
37565,Crime
91989,Romance
1122,Crime
50845,Fantasy
12819,Family
37022,Drama
43395,Family
6171,Animation
29826,Science Fiction
44997,Family
77448,Action
84047,Drama
50679,Western
15744,Adventure
24152,Romance
7031,War
23826,Science Fiction
34161,Romance
91312,Western
97795,Western
24654,Thriller
67523,Western
15628,TV Movie
20394,Western
10091,Action
40546,Western
54609,Drama
58779,Horror
40746,Crime
88486,Thriller
3711,Horror
77053,Family
76847,History
7131,Music
71337,History
37762,Mystery
73995,War
2842,History
82335,Western
22421,Thriller
84135,TV Movie
71680,Crime
90568,Animation
17010,Science Fiction
50924,Adventure
84521,Mystery
43092,Family
54859,Thriller
45051,Comedy
20843,Western
33253,Fantasy
35670,Science Fiction
28075,Fantasy
90557,Fantasy
53270,Romance
89101,TV Movie
77642,Thriller
80371,Mystery
40746,Fantasy
47835,Science Fiction
90513,Drama
16684,Action
18744,Action
7439,Crime
16854,Fantasy
66769,Music
68980,Documentary
53297,Mystery
17936,Family
28571,Science Fiction
80927,Documentary
49375,Documentary
29454,Comedy
2536,Horror
1847,War
15628,Animation
9222,Animation
4519,Music
234,Documentary
51556,Documentary
31168,Family
10739,Science Fiction
1348,War
75656,TV Movie
69109,Documentary
25957,Thriller
86705,TV Movie
31019,Western
46020,War
93452,Crime
966,Documentary
96277,Music
56057,Horror
33214,TV Movie
88178,Thriller
64329,Fantasy
77925,Action
45066,Animation
685,Fantasy
75588,Western
76804,Mystery
52517,Romance
53001,Western
77797,Drama
30920,Comedy
20040,Music
1028,Romance
76631,Adventure
14837,Action
22977,War
84575,Family
88897,Animation
49195,Documentary
93410,Mystery
33351,Fantasy
68889,Fantasy
76004,Fantasy
5041,Science Fiction
93782,Mystery
1847,TV Movie
37575,Adventure
89368,Romance
74655,Documentary
73516,Adventure
13619,Family
78548,Comedy
85252,Romance
11932,Horror
76631,Romance
57524,Music
43867,TV Movie
99272,Documentary
45322,Action
10112,Music
76605,Drama
83717,Family
61120,Fantasy
86963,Adventure
70256,Thriller
12639,Mystery
88747,Crime
12322,History
52341,Music
54497,Thriller
50925,Documentary
58874,Animation
75700,Science Fiction
63683,Drama
75140,Documentary
55623,Comedy
6641,Western
46936,Crime
54609,Animation
36024,Fantasy
26041,Documentary
51218,Mystery
53324,Comedy
40255,Adventure
89989,Comedy
8851,Family
21432,Mystery
71940,History
1901,War
93881,Fantasy
37276,Action
95674,Mystery
54694,War
53239,Science Fiction
27196,Adventure
52181,Horror
4991,Romance
57524,Science Fiction
19809,Romance
77139,TV Movie
678,Science Fiction
77594,Western
1265,Fantasy
62263,Crime
28200,Crime
84251,Horror
93668,Comedy
94819,War
38403,Animation
10690,Comedy
42866,Romance
1650,Drama
43175,Family
72348,TV Movie
87017,Science Fiction
20907,Drama
31980,Thriller
84521,Music
92891,War
40546,Romance
51720,Science Fiction
59605,Science Fiction
4248,Crime
8738,TV Movie
97629,Crime
29550,Adventure
96194,Fantasy
46388,Fantasy
67070,Comedy
2460,Science Fiction
74655,Horror
27427,Action
1649,War
21468,Action
87547,Family
96731,TV Movie
68640,War
58169,Fantasy
29511,Music
53321,Western
65141,War
80372,Crime
96293,Adventure
99181,Drama
22698,History
68866,Science Fiction
47317,Drama
93668,Crime
41018,Science Fiction
32785,Science Fiction
77645,History
37627,Romance
2897,History
77623,Thriller
45244,Romance
58084,Adventure
7495,TV Movie
67486,Mystery
10145,Fantasy
16183,Drama
68953,TV Movie
12006,History
88178,Fantasy
27196,Drama
31566,TV Movie
2630,Fantasy
98761,Thriller
24695,Drama
39188,Horror
7894,Family
98761,Drama
18727,Western
91029,Music
16560,Drama
89989,Family
2864,Drama
87565,Documentary
16979,Fantasy
12680,Mystery
80266,Drama
65620,Family
16420,Thriller
16854,Thriller
20274,TV Movie
55744,Adventure
62478,Family
64216,Thriller
79768,Mystery
55093,War
52072,History
42456,Adventure
51556,Adventure
29165,Romance
52843,TV Movie
678,Drama
58047,Music
69775,Romance
90468,Comedy
45088,Comedy
15465,War
68363,Animation
92024,Action
80990,Thriller
50925,Drama
91577,TV Movie
62382,Crime
95625,Western
37874,Drama
68640,Romance
40135,Adventure
45724,Animation
77053,Thriller
6943,TV Movie
2274,Family
46222,War
5703,Science Fiction
71820,Drama
77628,Fantasy
80646,Documentary
89790,War
40005,War
91119,Romance
55251,Romance
73896,Romance
26891,Comedy
91441,Comedy
93967,Science Fiction
56840,Science Fiction
79079,War
99315,Romance
15890,Action
97657,History
98199,History
32472,History
43373,Adventure
6098,Family
82071,Action
81650,Action
98808,Comedy
72785,Drama
72443,Fantasy
8024,TV Movie
11507,Crime
16223,Adventure
30331,Horror
74498,War
62307,Western
72443,Mystery
7315,Horror
11890,Western
77710,Thriller
48056,Crime
78409,Mystery
19230,Action
64820,History
84036,Family
64976,Family
12791,Western
34125,Documentary
41259,Music
75297,Drama
34280,TV Movie
37901,Fantasy
45799,History
92155,History
53292,History
15421,TV Movie
50041,Action
9942,Thriller
26666,Romance
60474,Western
28458,Thriller
32172,Romance
52113,Family
32172,Fantasy
19534,Family
88895,Mystery
76792,Thriller
54044,Western
18667,Drama
49958,Thriller
19720,Action
11517,Crime
33571,Documentary
39605,Adventure
70200,TV Movie
9475,Crime
34125,Crime
71802,Music
83900,Animation
29157,TV Movie
54582,Documentary
12482,Science Fiction
57921,Science Fiction
25641,TV Movie
95135,Mystery
77820,Music
51233,History
14994,Romance
3122,Adventure
9523,Animation
28956,Fantasy
45476,Horror
69989,Horror
32578,History
8331,Romance
80081,Fantasy
40109,History
64445,Fantasy
27489,Crime
69689,Family
85880,Horror
24968,Action
54079,History
57678,Action
2460,Drama
6191,Romance
92155,Crime
15004,Thriller
45908,Documentary
7962,TV Movie
1650,Horror
75140,History
58096,Science Fiction
37115,Drama
51715,Adventure
39072,Music
75084,Western
50840,Music
69033,TV Movie
49041,Documentary
44081,Animation
55623,Adventure
26945,Crime
81423,Horror
44733,Animation
63136,Animation
4380,Crime
62718,Horror
30939,Animation
91989,Mystery
83414,Family
94634,History
49952,Adventure
904,Comedy
47748,War
37022,Western
50955,Comedy
7717,Fantasy
16169,TV Movie
80990,Documentary
70693,Comedy
60799,Fantasy
3300,Mystery
38804,Fantasy
80231,Documentary
56554,Western
44228,Romance
4004,Science Fiction
12770,Animation
13657,Crime
76748,War
49304,Romance
50495,TV Movie
96253,Romance
29443,Fantasy
53448,Science Fiction
38207,Drama
77789,Romance
99589,Documentary
8942,Science Fiction
9672,Family
18620,Adventure
65140,Family
30917,Action
44292,Thriller
32898,Western
50501,Crime
90493,TV Movie
16431,Drama
94819,Drama
62310,War
83419,War
89115,Adventure
18707,Science Fiction
95887,Romance
95625,War
32640,Fantasy
76063,Romance
80699,Crime
37985,Horror
87823,Family
91130,Crime
15290,Horror
82472,Crime
52079,Thriller
51990,Comedy
4981,Science Fiction
80266,Western
24581,Adventure
11934,Thriller
75782,Music
64397,Thriller
42920,History
14603,War
19950,Western
33082,War
51609,Mystery
64820,Romance
36885,TV Movie
26721,War
95774,War
96795,TV Movie
23010,Thriller
34069,Drama
64814,Music
26269,Adventure
44284,History
91441,Crime
54044,Animation
76465,Western
46670,Mystery
91520,Music
32762,Animation
5648,Documentary
72408,Romance
61012,Comedy
49835,Mystery
92094,Western
47355,War
19640,Animation
29625,Documentary
32472,TV Movie
47672,Animation
4203,Music
75009,Western
58345,Western
81505,Comedy
11070,Action
36997,Adventure
14782,Mystery
7511,Mystery
37645,Adventure
31472,Western
54893,TV Movie
37902,Music
98999,Action
18554,Fantasy
13234,Thriller
41753,History
54558,War
88982,Western
57195,Drama
5633,Western
98108,Science Fiction
57591,Fantasy
11275,History
42405,Comedy
170,Documentary
89076,Comedy
87994,Crime
56060,Fantasy
74745,Music
69323,Family
23979,Crime
67643,Horror
98797,Horror
80196,Mystery
46066,Romance
75228,Family
95825,War
74043,Western
4549,Music
98340,Music
1692,War
91230,History
39280,Drama
6499,War
93357,Music
43785,Romance
48859,Science Fiction
51230,TV Movie
99548,Adventure
26008,War
51354,Music
27196,TV Movie
51354,Mystery
51923,Thriller
77654,War
34109,Animation
2640,History
67032,Action
77154,Documentary
13744,Animation
39078,Western
50058,Comedy
11750,Animation
74850,Family
37108,Family
10164,Drama
4549,Adventure
48649,Documentary
97703,TV Movie
54974,History
21552,Comedy
81257,Mystery
62437,History
35670,Romance
79713,Fantasy
72923,Horror
41787,War
46772,Horror
70988,Thriller
54695,Adventure
13981,Animation
51912,Horror
7518,War
55505,Animation
67588,Science Fiction
43957,Horror
11890,Horror
58302,Horror
80067,Western
96297,Action
37874,Crime
34235,History
4295,History
6082,Romance
13427,Adventure
13420,Comedy
53078,Adventure
98691,War
44551,Mystery
12647,Western
83842,Crime
32689,Adventure
10065,Horror
97629,War
27283,Documentary
73890,History
2748,Thriller
98591,Horror
1519,Western
47931,Thriller
59480,Comedy
81976,Romance
38709,Comedy
95595,Romance
38478,Comedy
77925,Documentary
82071,Fantasy
83297,Music
41787,Family
34064,Comedy
685,Crime
99393,Documentary
69575,Crime
83842,Western
38304,Family
50818,Fantasy
18987,Science Fiction
39177,Comedy
69109,Fantasy
55093,Drama
42783,Family
15601,Science Fiction
40193,Western
74031,Science Fiction
42370,Crime
21169,Western
51569,Drama
2398,Documentary
84585,Western
77469,Thriller
39978,History
76786,Western
13420,Horror
98821,Science Fiction
49613,History
77445,Horror
45371,Animation
8024,Animation
48510,War
30377,Horror
12047,War
72997,Science Fiction
68030,Drama
45768,History
47317,History
87549,Mystery
39328,Science Fiction
34219,War
73288,Comedy
79312,Thriller
37994,Animation
96556,Adventure
32898,Comedy
25959,Action
10988,Science Fiction
38729,Action
47721,Documentary
78432,Drama
88716,Western
38423,Music
83508,Action
36026,Drama
32280,Western
6943,Mystery
97534,Music
42939,Music
2066,Mystery
74675,Romance
89364,Music
42197,Music
81766,Documentary
89331,History
98768,Fantasy
23826,Adventure
98108,Drama
93782,Fantasy
75972,Music
78101,Crime
34387,Action
76431,Science Fiction
44084,Family
59333,Action
1276,War
80635,Mystery
99041,Action
202,Crime
58161,War
60360,TV Movie
28596,History
45601,Comedy
89065,Action
95109,Family
51062,Crime
44707,Adventure
34686,Thriller
41463,Drama
45928,Thriller
18186,Documentary
92800,Science Fiction
57141,Crime
68685,Science Fiction
57443,War
52341,War
64308,Documentary
77791,Adventure
48259,Thriller
12639,Comedy
92892,Music
55350,Western
30513,Adventure
52943,Adventure
45737,Romance
46291,Science Fiction
31182,Adventure
96593,Comedy
20331,Western
84584,Fantasy
53659,Drama
45945,Mystery
20304,Music
65946,Animation
11275,Mystery
93278,Science Fiction
11350,Romance
4467,Fantasy
55948,Mystery
39642,Comedy
32020,Family
61144,Animation
25710,Adventure
36615,Western
18054,Family
53073,Thriller
77791,Mystery
74949,Drama
73916,Fantasy
99531,Music
8790,Romance
33188,Romance
2274,Science Fiction
57627,Animation
45671,Science Fiction
77469,Western
21942,Romance
57652,Family
18620,Crime
97875,Western
47767,Comedy
15183,Romance
33594,TV Movie
3886,Documentary
19230,Documentary
97515,Animation
78392,Science Fiction
65084,Animation
93881,Horror
39545,Animation
2640,History
75880,War
36175,Action
2905,TV Movie
94827,TV Movie
67365,History
38619,Action
50844,Comedy
16830,Animation
19640,Crime
31955,Music
93973,Music
41367,Mystery
76245,Music
99181,TV Movie
70417,Mystery
41090,Crime
78432,Comedy
2883,Science Fiction
37476,Music
18452,Western
15067,Western
90533,Horror
48340,Documentary
64226,Fantasy
26227,Action
73875,Music
78361,Romance
23711,Documentary
37645,Action
75771,Adventure
88330,Horror
81445,Animation
70988,History
50818,Documentary
44837,Documentary
63341,Adventure
32472,History
64016,Documentary
54248,Thriller
46890,Romance
98387,Crime
64787,Thriller
62059,Adventure
46588,Fantasy
2225,Music
78776,Western
29300,Drama
83939,Fantasy
45037,TV Movie
83362,Horror
86705,Music
15367,Science Fiction
25673,War
60685,Western
5140,TV Movie
15456,Science Fiction
98591,Crime
34895,Horror
17272,Science Fiction
52325,War
31340,Mystery
19475,TV Movie
50347,Thriller
3811,Comedy
37193,TV Movie
51054,Science Fiction
86579,Romance
2614,Music
83786,Animation
65699,History
71831,Family
93564,Documentary
980,Romance
57401,Thriller
72877,Western
43167,TV Movie
99088,Science Fiction
50313,Science Fiction
76546,Action
39328,Music
46936,History
83407,Romance
19525,History
13635,History
11906,Horror
40816,TV Movie
95105,Fantasy
97968,Science Fiction
40967,Romance
87054,Western
91338,Fantasy
14142,Comedy
7195,Drama
51369,Family
30253,Family
72998,Western
1580,Science Fiction
69748,TV Movie
48185,Fantasy
93273,Music
33761,TV Movie
63106,Comedy
60233,Crime
30926,TV Movie
45926,Action
76059,Documentary
3054,Science Fiction
12041,Comedy
97562,Horror
33546,Crime
92819,War
49613,Science Fiction
37815,War
17047,Mystery
50844,Crime
5269,Action
15586,War
18943,Romance
29438,Crime
75399,Documentary
75670,TV Movie
21207,Music
89078,War
75438,Adventure
23281,Mystery
81212,Thriller
48185,Thriller
4467,TV Movie
59577,War
13826,Family
78904,Animation
73539,Thriller
81272,War
67804,Documentary
46510,Family
91520,Mystery
2583,Family
41861,Western
80762,Documentary
46362,Science Fiction
83519,History
81914,Thriller
99355,Action
7483,Drama
50405,Mystery
11859,Animation
37985,Western
54680,Science Fiction
53515,Crime
81445,Horror
62741,War
35236,Animation
27056,Documentary
37982,Animation
32692,Crime
24673,Fantasy
41538,Western
95104,Mystery
27480,Documentary
93448,Horror
50089,Romance
35670,Documentary
96706,Documentary
25562,Thriller
80863,Horror
27645,Science Fiction
61889,Fantasy
28277,Thriller
38049,Drama
2602,Drama
38597,Action
66966,Family
3037,Crime
32475,Western
16826,Family
5446,Thriller
10121,Western
74512,Music
38365,Science Fiction
46559,Comedy
19659,Music
33039,Mystery
99885,Romance
1143,Crime
51609,TV Movie
83781,Drama
39903,Science Fiction
68609,Mystery
5039,TV Movie
37347,Music
94578,Drama
89303,TV Movie
72188,Mystery
1514,Animation
39118,Science Fiction
45280,Animation
20304,Drama
99186,War
66890,Romance
17112,War
69575,Western
65402,Romance
77054,Documentary
37085,Family
29578,Drama
45941,War
24156,War
13127,Science Fiction
73787,Western
37129,Adventure
20097,Family
92585,Horror
34563,War
30513,Mystery
62061,Fantasy
1265,Fantasy
93274,Thriller
53925,Drama
94427,Fantasy
31566,Action
57223,Adventure
62061,Comedy
30046,Romance
29550,Comedy
16169,Adventure
85681,Family
68551,War
44366,Western
51848,Romance
15394,History
13378,Thriller
81257,Family
19406,Romance
67426,Family
7518,Crime
98279,TV Movie
26889,Family
43212,History
77838,Family
4788,Fantasy
77797,War
22977,Animation
16333,Thriller
34625,Science Fiction
38995,Thriller
55193,Family
5703,Adventure
40393,Thriller
38054,War
51189,Crime
62012,Fantasy
43043,Fantasy
14988,Adventure
24912,Adventure
9130,Western
52459,Animation
9475,Thriller
93811,Romance
93973,Romance
88620,Romance
9942,Documentary
77838,Animation
31341,Action
90381,TV Movie
23364,Comedy
29345,Action
52964,Thriller
31323,War
46526,Family
76339,Adventure
58786,War
24267,TV Movie
61655,History
77753,Family
68886,Music
94572,TV Movie
52113,Music
6678,Horror
21539,Western
78460,Action
84067,Animation
33267,Music
53378,Fantasy
33088,Crime
80081,Action
78101,History
94058,Thriller
71337,Comedy
26929,Science Fiction
95277,Western
78789,Family
37894,Science Fiction
49138,Drama
95837,Science Fiction
38473,TV Movie
94315,History
57561,War
2498,Comedy
36008,Science Fiction
41856,Horror
44583,Animation
11850,Science Fiction
49562,Animation
75025,Science Fiction
17010,Documentary
83007,Action
72998,Romance
67422,TV Movie
25489,Action
61268,Thriller
74043,Family
23760,War
6943,TV Movie
85702,Documentary
42298,History
49687,History
32762,Crime
33704,Music
33214,Thriller
27204,Romance
21207,Romance
35924,Animation
78269,Music
53031,War
71449,Music
50679,Adventure
44583,Adventure
86381,Thriller
370,History
22323,War
11106,Western
53981,Action
60737,Comedy
58302,Comedy
1145,Adventure
27400,Western
74038,Music
95166,History
61330,Mystery
77106,Science Fiction
46772,Animation
41286,Mystery
59754,Family
76558,Drama
2056,Family
56805,War
38324,Fantasy
94138,Documentary
79513,Comedy
55993,Science Fiction
30911,Crime
27884,Crime
13900,Drama
19903,Fantasy
97452,Drama
91161,Fantasy
99729,History
9936,Comedy
23221,Documentary
75049,Romance
84652,Fantasy
2038,Action
97795,Thriller
30903,Mystery
99907,Drama
28143,Fantasy
41040,Horror
96593,Animation
74496,Music
75444,TV Movie
50779,Science Fiction
74114,History
30363,Action
95104,Romance
29699,Documentary
902,Adventure
88377,Family
56412,Action
76631,Comedy
39433,Comedy
64787,Crime
72638,Fantasy
6429,Mystery
35386,War
18554,Thriller
26484,Action
79782,Science Fiction
42263,Adventure
9475,TV Movie
96455,Crime
4251,Western
1650,Crime
43048,Adventure
71811,Drama
14290,Animation
7877,Thriller
35988,Animation
75023,Mystery
84067,Drama
60475,Animation
58462,Science Fiction
65716,War
75291,History
93379,Drama
69393,Fantasy
59492,Crime
29671,Family
25489,Romance
94148,Comedy
9534,Romance
17637,Music
11995,Adventure
38919,Mystery
87868,Action
47904,Drama
59704,Fantasy
49794,Thriller
66310,Mystery
92055,History
81420,TV Movie
9262,Documentary
12047,TV Movie
17973,Horror
44733,Animation
83749,Fantasy
74831,Science Fiction
27361,Mystery
63345,History
80984,Mystery
50041,Thriller
85109,Drama
58089,Documentary
33088,Mystery
25970,Thriller
59605,Science Fiction
41144,Comedy
44518,Science Fiction
67724,Romance
63787,Horror
91029,Comedy
66890,Animation
88909,Adventure
93379,History
88259,Mystery
29489,War
3282,TV Movie
68640,Horror
97224,History
57322,Fantasy
22438,Music
86639,Western
47303,Action
18859,War
61549,Romance
856,Action
85507,Thriller
1418,Horror
11504,Science Fiction
86601,Comedy
81755,Science Fiction
37284,Romance
4799,Action
15187,Fantasy
4931,Drama
18953,Horror
78166,Adventure
64887,Adventure
3185,Documentary
790,Western
81643,Romance
32544,Animation
11961,Drama
26200,Drama
68980,Comedy
98761,Crime
55350,Thriller
27204,Comedy
30033,Mystery
80293,TV Movie
80103,TV Movie
95356,Adventure
68474,War
79192,Action
61655,War
3353,Family
18886,Horror
5547,Science Fiction
34333,TV Movie
30305,Thriller
85748,Thriller
12447,Music
17470,History
10079,Documentary
79406,Family
62891,Mystery
67304,Adventure
95774,Western
78548,History
66630,Comedy
18512,Music
99547,War
81073,Drama
22986,Comedy
8331,Drama
14290,History
1422,Science Fiction
27916,Music
43239,Action
52846,War
10784,TV Movie
41047,Crime
53914,Western
17213,Comedy
24968,Documentary
6292,Thriller
32560,Drama
46018,Drama
42298,Fantasy
89884,Mystery
95661,Romance
3130,TV Movie
54497,Fantasy
92464,Science Fiction
33180,Crime
23099,War
48650,Family
32472,Science Fiction
50572,Fantasy
16770,Western
71562,Documentary
7826,Comedy
29311,Horror
97657,History
16051,Animation
40554,Action
33704,Music
4284,TV Movie
22253,Science Fiction
65585,Romance
12398,Drama
77654,Thriller
21169,Western
49022,Drama
61756,Animation
45518,Animation
14656,War
83778,Romance
4015,Animation
13105,Drama
87479,Drama
68403,Crime
6370,Animation
50267,War
66311,Science Fiction
40193,Romance
91843,Comedy
19151,Family
38919,Mystery
2887,Family
97439,Science Fiction
32544,Thriller
61008,Crime
20331,Comedy
94745,Horror
13198,War
50136,History
19003,Thriller
94354,Science Fiction
61268,Documentary
96059,TV Movie
19938,Science Fiction
34501,Family
97816,Fantasy
72427,Horror
27942,Adventure
888,Mystery
47406,Comedy
90181,Fantasy
86600,Crime
17209,Western
92037,Animation
51715,Animation
45832,Documentary
77594,History
4890,Crime
49740,Animation
83019,Drama
54079,War
84303,Family
77578,Action
54044,Comedy
21998,Drama
19745,Romance
65717,Mystery
2583,History
95957,War
47101,Action
7436,Comedy
52869,TV Movie
48859,TV Movie
33433,War
51017,Family
80521,History
77939,TV Movie
21856,Horror
98092,Documentary
91634,TV Movie
27196,Music
45476,Documentary
85252,Mystery
57627,Thriller
53566,Action
31472,Family
19654,Family
97629,Horror
1122,Romance
53697,History
61984,Science Fiction
58206,Drama
56224,Drama
11275,History
16322,Comedy
95595,War
38417,History
62907,Western
81914,Romance
97816,Mystery
68342,Science Fiction
37193,TV Movie
37683,Adventure
5039,Comedy
5879,War
35102,Thriller
64496,History
56760,Fantasy
44762,Science Fiction
49562,Music
14014,Fantasy
50252,Romance
52181,Mystery
64604,Documentary
34867,Western
39427,Comedy
15183,Thriller
62296,Western
43897,Animation
19475,Romance
82335,Thriller
68692,Mystery
41753,Fantasy
40993,Action
64348,Thriller
33251,TV Movie
97124,War
86821,Adventure
50920,Romance
6370,Thriller
84791,Animation
26912,Adventure
99062,Family
99354,Adventure
33721,Adventure
91182,Fantasy
68449,Documentary
38744,Music
37090,Fantasy
75126,Drama
50974,Music
37550,Crime
43677,TV Movie
88717,Crime
54619,Music
19270,Fantasy
53325,Drama
99781,Western
20470,Horror
28594,Music
99041,Animation
62258,Thriller
13298,Drama
53363,History
65766,Science Fiction
32153,Adventure
6526,Mystery
7436,Comedy
83141,War
16979,Action
62073,Adventure
57842,Adventure
37874,Comedy
17178,Animation
50494,Thriller
36794,Romance
79860,Adventure
7483,TV Movie
4046,Horror
37208,Mystery
39642,Action
61330,Adventure
93899,Adventure
29671,Crime
78045,Comedy
76826,Music
92049,Animation
44575,History
3096,War
73433,History
48284,Action
32762,Documentary
52468,Horror
10399,Adventure
36334,TV Movie
78836,War
48425,Western
12814,Comedy
43222,Mystery
80891,War
61493,Mystery
19726,Western
54763,Thriller
3886,Action
54497,Documentary
75436,Western
84521,Action
57964,Family
11903,Thriller
20304,Science Fiction
80266,War
53098,Drama
2627,TV Movie
69243,Drama
6238,Thriller
7036,Comedy
50136,Music
5323,Mystery
47267,Comedy
30538,Action
41861,Action
68390,Drama
21497,Fantasy
11055,Action
85012,TV Movie
24464,War
10399,Science Fiction
49061,Documentary
62017,Adventure
2204,Fantasy
1418,Comedy
40992,Mystery
47509,Horror
16826,Mystery
72188,Horror
84834,Western
69417,Family
13198,Drama
83035,TV Movie
92683,Animation
78715,Thriller
85983,War
66863,Science Fiction
93777,Thriller
92501,Horror
74154,Crime
8069,TV Movie
7777,Science Fiction
87694,History
77838,Romance
21552,Adventure
43175,TV Movie
74938,Western
22683,Family
96000,Science Fiction
67988,History
93736,Crime
74519,TV Movie
89383,Music
32475,Mystery
30939,Fantasy
49603,Thriller
66450,Music
92819,Crime
42920,Music
10254,Action
55859,TV Movie
61330,Music
46559,Fantasy
8922,Mystery
55677,Thriller
38372,Thriller
49041,Comedy
72988,Romance
49138,Western
25331,Drama
77469,Animation
56057,Action
36753,Music
90596,Science Fiction
56299,Horror
88713,History
45487,Adventure
66372,Comedy
69189,Thriller
1418,Thriller
22373,Family
91376,Romance
32692,Comedy
17130,Documentary
97657,Western
2038,Comedy
32566,Animation
80984,Documentary
9287,Drama
86267,Romance
42227,Music
88608,TV Movie
33253,Family
12758,Adventure
15744,Mystery
15628,Family
27196,TV Movie
79938,Comedy
84135,TV Movie
93278,Documentary
68578,Comedy
41346,TV Movie
95674,Mystery
87747,Crime
51576,Science Fiction
49415,Family
34219,Drama
16830,Romance
96044,Drama
24149,Drama
33980,War
20394,History
7495,War
95837,Romance
29660,History
91693,Drama
19901,Drama
3816,Drama
14884,Crime
28244,Action
61984,Romance
8720,War
36753,Mystery
43604,Family
42557,Family
42669,History
53001,Thriller
32566,Documentary
35714,Science Fiction
91414,Science Fiction
70538,TV Movie
41753,Family
53784,Western
11007,Science Fiction
47406,Animation
86705,Documentary
4293,Family
95420,TV Movie
31086,Science Fiction
1818,Mystery
48400,Science Fiction
28237,War
27489,Mystery
52830,Family
21468,Romance
32063,Horror
69978,Documentary
89383,Action
99355,Adventure
2640,Mystery
21002,Action
81212,Comedy
52459,Adventure
1145,TV Movie
36405,Animation
67032,Thriller
52376,Crime
15617,Family
13900,Music
36056,Music
49223,Action
50314,Action
90726,Science Fiction
57737,Thriller
7483,Adventure
38478,Thriller
31182,Fantasy
66738,Music
45911,Comedy
32864,Mystery
14206,Comedy
18309,Drama
27329,Romance
50911,Fantasy
95365,Action
2864,Action
34625,Comedy
12927,Action
34280,History
97435,Adventure
85702,Science Fiction
11012,Animation
26065,Fantasy
69881,Thriller
19640,Mystery
49680,Animation
26337,Comedy
51909,Comedy
83779,Horror
57964,Drama
40099,Horror
93982,Horror
96194,History
98183,Crime
34970,Mystery
52124,Music
23148,History
84711,Drama
38366,Western
1670,Western
19552,Western
35455,Music
65425,Science Fiction
35455,Crime
95825,Romance
9468,Music
72272,Horror
26190,Crime
84301,TV Movie
69586,War
97971,Music
15394,Crime
59597,TV Movie
64629,Music
22993,Adventure
93357,Documentary
53947,Comedy
16966,Mystery
54438,History
49411,Thriller
98591,Romance
65871,Science Fiction
74478,Family
89498,War
55002,Animation
72514,Thriller
20907,Drama
76792,Mystery
91337,TV Movie
60838,Crime
13635,Comedy
80927,History
77838,Mystery
93979,History
31717,Romance
45713,Music
51369,Action
98946,Drama
41751,Fantasy
12041,Family
99315,Mystery
30353,Romance
1818,Music
57322,Family
87835,War
91078,TV Movie
96000,Horror
25957,TV Movie
36148,Romance
49236,Animation
92913,Adventure
78101,Animation
50152,Comedy
77015,Crime
24267,History
94245,Adventure
98340,Music
55002,Crime
24599,Crime
85125,Action
1666,Comedy
56220,Music
57842,Music
40746,TV Movie
64329,Thriller
53031,History
52149,Thriller
71801,Thriller
76900,War
50166,Adventure
38366,Comedy
75909,Western
6004,Horror
30736,Thriller
7638,Music
18004,Adventure
71680,Documentary
88596,Fantasy
2883,Crime
28063,Fantasy
92024,Family
46843,Family
69336,Documentary
24599,Animation
26337,Crime
45458,Fantasy
27681,Drama
58356,Comedy
99355,Drama
93452,Crime
88795,Horror
41912,Science Fiction
16684,Adventure
20592,Mystery
28819,TV Movie
5811,Drama
46390,Family
80699,Documentary
90961,Drama
56224,War
6532,Drama
27196,Animation
84857,Crime
47007,Action
51609,Science Fiction
74064,Animation
1901,Family
40090,Fantasy
76944,Science Fiction
28200,History
80806,Adventure
94578,Crime
17706,Western
77594,Mystery
80249,Horror
25282,Action
96194,Science Fiction
12272,War
74089,TV Movie
78789,Fantasy
95830,Action
85983,Horror
52325,Fantasy
13539,Horror
67426,Mystery
76431,Adventure
75972,Romance
86579,Documentary
63843,Family
17639,War
73508,TV Movie
43048,Music
42919,Horror
97043,Documentary
77053,Animation
63210,Romance
83424,Adventure
61623,Horror
97562,Animation
877,War
86579,Action
37086,Action
78499,Music
46155,Science Fiction
79374,Crime
56412,Documentary
72998,TV Movie
77535,Music
68866,Music
95261,Animation
74089,Adventure
57039,Drama
98591,Adventure
55837,Drama
933,Horror
37640,Horror
98821,Romance
91335,Animation
20260,Romance
1418,Horror
51218,Comedy
36101,Thriller
79646,TV Movie
4890,Animation
1814,History
6591,Science Fiction
83635,Family
25440,War
15909,Animation
64132,Drama
32672,History
2547,Fantasy
59063,Romance
53169,Romance
52273,Horror
69087,Action
39978,Comedy
4521,Documentary
17188,Crime
41144,Animation
51719,Adventure
42881,Animation
63083,Fantasy
8385,Western
54885,TV Movie
11350,Thriller
98768,War
98542,Horror
17754,Music
56796,Animation
41144,War
956,Documentary
60737,Drama
41912,Action
30478,Documentary
40554,War
44139,Mystery
40202,Western
75228,Drama
56832,Western
62764,Fantasy
49287,Animation
18886,Music
72610,War
73092,Family
53733,Fantasy
50434,Mystery
12758,Family
99965,History
5388,Thriller
63495,Drama
62953,Thriller
76431,War
80690,Adventure
25768,Animation
22631,Western
23304,Action
26446,History
605,Romance
19003,Mystery
12358,Fantasy
13461,Documentary
71382,Documentary
37985,Western
7995,History
26455,Animation
7975,War
14004,Western
85239,Crime
73508,Horror
57443,History
66049,Thriller
80231,Comedy
65425,War
85880,War
40055,Action
83141,Romance
26666,Family
1580,Adventure
21613,Western
39656,Science Fiction
249,Adventure
1818,Comedy
12657,Action
2140,Western
19861,History
3185,Action
18193,Science Fiction
37476,Comedy
59345,Drama
36203,Drama
60123,War
56305,Mystery
28338,History
63083,Family
46362,History
51369,Romance
78920,Romance
66489,Horror
26945,Documentary
7031,Action
1296,Western
93973,Drama
33832,War
39996,Animation
33832,Horror
50080,Crime
41771,Western
61608,Adventure
76550,Comedy
79782,History
19938,Adventure
97277,Family
87481,Action
93214,Documentary
55353,Horror
3300,History
64445,Mystery
1237,Action
74949,Adventure
58983,Animation
66919,Fantasy
11520,Crime
19809,History
78409,History
22614,Music
4393,War
67003,Action
68863,Animation
48340,Crime
27692,Thriller
28499,Family
64348,Thriller
52075,Fantasy
75590,Documentary
11055,Thriller
58256,Family
13176,Drama
16322,Drama
51189,Science Fiction
77925,Drama
96496,Family
29434,Fantasy
21002,Science Fiction
63631,Adventure
17936,Drama
72617,Science Fiction
36441,War
61429,War
66947,History
37086,War
14004,Action
14603,Drama
76265,Animation
3837,Romance
31221,Music
25338,Romance
97562,Comedy
57524,Mystery
84521,TV Movie
11156,TV Movie
95158,Crime
56224,Documentary
22253,Documentary
30274,War
72200,Documentary
66919,Drama
3147,TV Movie
37965,Fantasy
82030,Mystery
40600,Music
85975,Western
35796,Action
60474,Family
65542,Comedy
35206,Western
81035,Crime
49680,Thriller
51556,Animation
84251,Western
43533,Action
76792,Action
60444,Fantasy
19475,Crime
99041,Drama
52075,Documentary
39437,Thriller
40255,Thriller
1580,Mystery
14866,Music
17403,Comedy
21166,Family
35230,Crime
83900,Crime
68403,Mystery
56834,Horror
76940,Family
29480,Family
15628,Action
77015,Mystery
98946,Crime
59605,Family
20260,Thriller
14031,Mystery
39280,Fantasy
30513,Adventure
1847,Western
81661,Thriller
286,Drama
24693,Animation
18794,Western
67420,Western
29165,Fantasy
48589,History
19938,Romance
18054,War
89935,Science Fiction
79981,Action
29054,Documentary
56832,Science Fiction
75167,Documentary
21687,War
81650,Action
10079,Animation
2010,Thriller
65699,TV Movie
57627,Family
89774,Thriller
37740,Family
31624,Thriller
19166,Fantasy
76966,Music
27283,Western
87269,Comedy
72997,Horror
60799,Comedy
89115,Romance
37550,Romance
32977,Documentary
53789,Thriller
28580,Adventure
53538,Family
28064,Comedy
90199,History
87547,Drama
91465,Comedy
11507,TV Movie
48650,Romance
82783,TV Movie
97255,Fantasy
47145,Comedy
8069,Documentary
23252,Action
4784,Drama
60321,Action
47939,Western
51370,Family
44292,Animation
88328,Action
87161,Action
74676,Drama
39996,Mystery
82151,Action
25559,TV Movie
95887,Romance
73492,Comedy
21778,Music
11956,Music
93166,Thriller
89088,Science Fiction
79943,History
36789,Animation
25440,Music
42052,Action
99186,Action
33684,History
58968,War
96151,Science Fiction
72150,Adventure
68462,Thriller
76314,Family
72150,Fantasy
65582,Horror
33078,Documentary
23964,Romance
20455,Action
13952,TV Movie
75600,Fantasy
95595,Horror
93490,TV Movie
751,Western
38514,Adventure
29826,Science Fiction
97277,Animation
1674,Comedy
22683,Drama
30530,Music
33121,Comedy
96501,History
83119,Documentary
66890,Romance
63585,Animation
6499,Thriller
96379,Horror
61008,History
45066,History
71382,History
22868,Animation
61731,Science Fiction
70239,Thriller
67896,War
18620,Western
95261,Western
88663,Music
49195,Crime
43897,TV Movie
37260,Science Fiction
29568,Science Fiction
45088,Documentary
82474,Music
81392,Adventure
76004,Fantasy
14837,Comedy
23744,Crime
74938,Family
1449,History
80560,Drama
14583,Romance
16200,Crime
34125,TV Movie
24695,Science Fiction
30363,Crime
23760,Animation
13619,History
80748,Crime
49375,Science Fiction
27681,War
65840,Family
8509,Adventure
88202,Family
62310,Family
98432,Comedy
76934,Western
2794,War
43048,Action
10967,Science Fiction
44956,War
80929,Music
8738,Action
75126,Drama
9468,Western
99258,Action
53994,Drama
50539,Adventure
99922,Drama
77692,Western
61144,Mystery
20896,Crime
2229,Western
15222,Action
81016,Action
31019,War
6511,Action
90557,Crime
50152,Fantasy
64971,Music
76571,Fantasy
20767,War
64991,Horror
36660,Action
49957,Western
53605,History
40816,Adventure
45929,Drama
47095,Adventure
4549,Western
80046,Documentary
36441,History
62492,Fantasy
75328,Family
34666,Horror
70568,Fantasy
11932,Fantasy
28963,Family
28458,Science Fiction
65070,Adventure
66223,Action
22421,Fantasy
17272,Fantasy
42783,Mystery
73090,Family
34654,Crime
62382,Animation
13900,Comedy
52075,Thriller
6750,TV Movie
16679,TV Movie
86552,Animation
33832,Documentary
81254,Action
2460,TV Movie
95261,Science Fiction
55729,Drama
69061,Adventure
370,History
80990,Science Fiction
51458,Documentary
64131,Adventure
34219,Thriller
61731,Action
33998,Action
66577,Comedy
90533,TV Movie
90199,Family
94745,Action
38441,Western
33188,Horror
26747,Thriller
72188,History
7777,Music
11081,Fantasy
47303,Drama
54331,Music
68020,Science Fiction
28075,Family
84047,Thriller
43666,Crime
6429,Romance
35102,Adventure
38372,TV Movie
87398,Thriller
56707,Animation
66769,Action
95065,War
45492,TV Movie
9800,Comedy
97971,Science Fiction
19118,Western
96059,Western
94528,History
81959,Crime
71056,Western
35063,Horror
62478,Drama
10094,Crime
17264,Music
86604,Western
25098,Science Fiction
19903,Music
88395,Comedy
74213,Music
50364,War
70538,Thriller
80699,Western
76098,TV Movie
82873,Horror
71509,Adventure
81505,TV Movie
56397,Action
34207,Thriller
70618,War
47985,Mystery
2186,Crime
92892,Documentary
21764,Action
93636,History
8135,Crime
25225,Action
39848,Horror
13420,Drama
60073,War
43239,History
54582,Science Fiction
92068,Comedy
20461,TV Movie
78215,Science Fiction
80051,Science Fiction
10062,Music
9772,Family
83508,Family
89804,War
92176,Documentary
64510,Crime
1861,Adventure
25562,Music
80046,Comedy
52030,Mystery
55341,Thriller
13176,TV Movie
80229,Fantasy
88910,Action
1979,Science Fiction
65514,Music
11745,Crime
58983,War
8720,Adventure
97816,Comedy
71802,Science Fiction
16322,Documentary
18943,Music
40790,War
53547,Comedy
10784,Action
50166,Science Fiction
30076,War
94827,Romance
50347,Animation
97520,Science Fiction
96067,Crime
43867,Animation
48589,Drama
71789,Documentary
11955,Action
39545,Western
55075,Drama
33265,Comedy
51848,Music
60574,War
57236,Fantasy
31874,Western
85760,Comedy
24149,Action
29300,Fantasy
36203,Science Fiction
93166,Family
13374,Science Fiction
26973,Science Fiction
72188,War
28058,Drama
86912,War
68881,TV Movie
55193,Adventure
52846,Comedy
38049,TV Movie
73539,Animation
23221,Adventure
11275,Animation
77445,Crime
82472,Adventure
66236,Western
95825,Adventure
1818,Adventure
63517,War
74300,Romance
43048,Science Fiction
36660,Music
9009,Horror
96297,Horror
7244,Drama
70822,Music
4890,TV Movie
49236,Crime
59480,Adventure
38435,TV Movie
78240,Science Fiction
64630,Horror
29550,Documentary
93162,Mystery
72237,Western
61777,History
89746,Western
40005,Crime
42298,Drama
75126,Horror
48700,Romance
98946,TV Movie
45721,War
21748,Comedy
8700,Action
56554,Science Fiction
7777,Romance
24990,Western
55251,Crime
16826,Comedy
39224,Mystery
4991,War
97836,Music
24245,Science Fiction
38084,Fantasy
83191,Comedy
67523,Crime
20476,Fantasy
3837,Mystery
61120,History
60799,TV Movie
8614,Mystery
86852,Comedy
67804,Mystery
1422,Family
23711,Mystery
97693,Science Fiction
87046,Mystery
12648,Crime
12657,Documentary
62309,Crime
68173,Mystery
6943,Crime
45023,Mystery
77415,Family
877,Fantasy
84507,Western
80371,Science Fiction
47007,History
11859,Horror
16431,Crime
53270,Fantasy
51556,Horror
34870,Western
93834,Adventure
61639,Documentary
2509,Action
38916,Animation
53001,Animation
57223,Romance
59222,Crime
19945,Thriller
24414,TV Movie
30538,Documentary
45941,Romance
77118,Romance
91414,Thriller
98108,Family
29454,Family
36174,Western
30917,Fantasy
11591,Horror
45518,Mystery
79777,Mystery
97389,Western
83989,Western
35236,Crime
25029,TV Movie
74442,Fantasy
27692,Animation
71050,Western
47708,Crime
27056,Family
12241,Romance
6251,Animation
10865,Mystery
68877,Horror
9889,Family
49822,Western
73416,History
98912,War
49937,War
50197,Drama
9648,TV Movie
7315,Documentary
30305,TV Movie
93379,TV Movie
21049,Action
93861,Western
54263,Animation
33320,Documentary
26380,Comedy
34817,Comedy
80236,Comedy
94516,History
78215,Fantasy
55623,Family
36839,Western
55948,Thriller
66526,Thriller
12322,Action
54694,Romance
68403,Horror
773,Animation
58480,Family
69689,History
62258,Thriller
38729,Family
47095,Action
49794,Drama
36615,Fantasy
8720,Music
33721,Fantasy
675,Animation
98694,Comedy
17976,History
4879,Comedy
55030,Fantasy
31308,Action
18004,Crime
20374,Fantasy
64590,Crime
14542,Documentary
69469,Western
38597,Family
30353,History
89076,Horror
84298,Mystery
12770,Comedy
56052,Horror
14866,Music
18688,Crime
46390,History
14656,Drama
95183,Fantasy
91989,Fantasy
82151,History
9883,History
90513,Adventure
16770,Comedy
32192,Family
1530,Romance
87382,Thriller
19726,Mystery
3886,War
88948,War
60727,Mystery
49411,Family
58525,Music
54206,Action
48825,War
39996,Animation
94528,Music
21638,Western
49223,Mystery
21421,History
34970,Science Fiction
92983,Adventure
96058,Western
91338,Animation
72476,Romance
47303,Drama
20005,Family
98803,Horror
53605,Documentary
99355,Horror
9293,Thriller
71337,History
22977,Thriller
11140,Adventure
27395,Documentary
59277,Crime
34686,Comedy
19720,Adventure
74745,Music
51465,Animation
86687,Documentary
64887,Romance
69689,Family
34506,Romance
90221,Animation
58658,TV Movie
31472,Science Fiction
4372,Drama
78804,Science Fiction
64452,Mystery
42197,Documentary
50232,Science Fiction
39978,Thriller
17130,Comedy
30088,Romance
90640,Science Fiction
35063,Music
32633,Western
71510,History
69130,Documentary
74154,Fantasy
77645,Adventure
33594,Comedy
33998,Fantasy
36174,Science Fiction
92739,Mystery
84635,Family
30182,Western
53028,Western
12770,TV Movie
92046,Horror
75936,History
61324,Family
75080,Action
44762,History
43549,War
42408,Animation
18707,Horror
88198,War
66158,Animation
60123,Family
6275,Romance
28372,Documentary
24982,Science Fiction
38619,Romance
58950,Drama
13648,History
95774,Science Fiction
3991,History
65861,Thriller
77598,Western
77944,Thriller
63599,Music
11081,Science Fiction
58429,Music
78789,Fantasy
58255,Crime
58462,Comedy
93069,Music
41294,TV Movie
60855,Fantasy
34050,Animation
37965,Animation
66955,War
23760,Thriller
8776,History
84255,Adventure
93162,Horror
77986,Animation
35988,Adventure
34109,Fantasy
73249,Western
71243,Adventure
77820,Western
83779,Adventure
67486,Science Fiction
7527,Animation
85004,Crime
67723,Horror
75481,Drama
81423,Documentary
74676,Romance
17914,Action
24358,Thriller
78973,Thriller
62805,Romance
18392,History
9936,Family
56805,Family
84585,Romance
54999,Drama
89752,Documentary
82645,Comedy
49415,Action
53783,Science Fiction
41583,Science Fiction
98694,Action
31444,Animation
11350,Crime
78804,Crime
97520,Comedy
99500,Thriller
15924,Romance
87481,Family
51028,Adventure
20331,Family
23252,Action
89932,Comedy
65582,Western
43556,Crime
888,Crime
22438,Western
50924,Music
67104,Action
64068,Drama
12927,Thriller
74038,Adventure
44043,Horror
13427,Drama
44553,Thriller
96532,Animation
15402,Documentary
75662,Horror
92598,War
16183,War
81254,History
78904,Crime
43167,Science Fiction
44041,Comedy
60056,Action
79713,Science Fiction
20137,Thriller
89689,Western
69323,Romance
12022,Western
63731,War
79782,Adventure
77623,Documentary
65156,Mystery
30911,Thriller
93214,Documentary
77497,Crime
88529,Drama
52867,Action
46155,Mystery
90937,Western
1649,Action
81701,Mystery
63843,Horror
29270,Drama
78132,Animation
35460,Action
20896,Family
50136,Thriller
76243,Mystery
22631,Romance
74664,Crime
64893,Documentary
23388,Documentary
97657,Family
17368,Mystery
71382,War
19745,Comedy
81219,Thriller
20767,Crime
73253,Animation
27019,Comedy
81178,Crime
11247,Romance
13939,Science Fiction
70428,Thriller
17195,Documentary
6037,History
39200,TV Movie
50004,Thriller
65419,Romance
88695,Music
28908,Fantasy
27138,Science Fiction
249,Music
57964,Romance
59200,War
64329,Documentary
22986,Comedy
11421,Music
2630,Mystery
39916,Western
37720,Mystery
751,Music
72154,Animation
90937,Animation
93701,Romance
13176,War
56793,Western
97499,TV Movie
11934,Thriller
16622,Science Fiction
88328,Western
20719,Fantasy
75084,Comedy
14035,Science Fiction
5879,Western
48002,TV Movie
50385,Family
6037,Thriller
55729,Action
56806,Drama
8700,War
81423,Music
90596,TV Movie
88620,Action
89368,Science Fiction
3147,Drama
68431,Thriller
35000,Animation
42482,Horror
40959,Documentary
12657,Documentary
72192,Science Fiction
16283,Drama
84303,Horror
25282,Thriller
66970,War
7495,Western
50479,Family
64131,Family
89076,Horror
23826,Animation
31566,Romance
31299,Fantasy
94436,Action
27687,Action
95697,Music
91859,Horror
97534,Action
78097,Music
78361,Thriller
43677,Science Fiction
71302,Adventure
32034,War
89233,TV Movie
36902,Comedy
80335,Family
92891,Adventure
22989,Romance
6678,Science Fiction
93012,Fantasy
60847,Adventure
51370,Thriller
13169,History
60842,Fantasy
3437,Adventure
79021,Western
32689,Thriller
88187,Horror
60246,Thriller
52244,History
55098,War
37902,Documentary
54494,TV Movie
29799,War
37193,War
74043,Action
18054,Animation
6601,Science Fiction
79548,History
74938,Crime
83007,Science Fiction
50152,Romance
2204,Science Fiction
53947,History
68945,Fantasy
197,Music
97112,Drama
39897,Crime
83207,History
61205,Family
94572,TV Movie
44081,Music
5319,Fantasy
57850,History
88189,TV Movie
22698,History
65119,Fantasy
59063,Animation
94436,Western
70199,Horror
21953,Documentary
26721,Documentary
90990,Science Fiction
6238,Science Fiction
5879,Mystery
60685,Crime
13897,Romance
95338,Adventure
19945,Music
790,Romance
18839,Western
93030,Science Fiction
42408,Thriller
76270,Romance
92080,War
10967,Crime
87646,Music
1901,History
43212,Family
9293,Documentary
72830,Science Fiction
58084,Music
77820,Documentary
71205,Music
34553,Science Fiction
93357,Music
21552,Fantasy
773,Western
46936,Adventure
89101,Mystery
34373,Mystery
46390,Family
93391,Mystery
63106,Comedy
13308,Documentary
2887,Documentary
38417,Music
37901,Music
4592,Thriller
84834,Drama
99635,Science Fiction
38804,Thriller
53028,History
83781,Documentary
66371,Fantasy
53492,Science Fiction
17188,TV Movie
86267,Family
90653,TV Movie
64489,Crime
33267,War
26179,Romance
97277,Adventure
2887,Animation
34970,Romance
34817,Drama
50347,Science Fiction
9520,Thriller
37115,Action
77078,Fantasy
29438,Romance
87110,TV Movie
79777,Mystery
76558,Documentary
49613,Action
88189,Comedy
87161,Animation
77588,Thriller
5811,Adventure
72288,Western
87885,Family
73833,Science Fiction
73877,Documentary
40911,Adventure
45992,Science Fiction
89803,Music
2225,Animation
43167,History
69087,Romance
91376,Romance
46588,Animation
95325,Action
30305,Action
76268,Adventure
3889,Western
14563,History
13700,Comedy
88259,Comedy
53941,Mystery
99041,Fantasy
83424,Drama
91989,TV Movie
42263,War
94138,Animation
96778,History
61069,TV Movie
28908,Animation
38680,Horror
64229,History
39916,TV Movie
49934,Family
19534,Fantasy
1160,Science Fiction
72887,Animation
11070,Comedy
86819,Mystery
76786,Music
45349,Fantasy
74154,Romance
97112,Western
12473,Drama
72877,TV Movie
35460,Crime
4393,History
4467,War
45929,Horror
43179,Drama
7805,Romance
47970,War
68640,Horror
4372,Music
58256,War
55993,Adventure
32192,Action
53631,History
24215,Action
25959,Documentary
73875,Drama
83989,Thriller
51637,Fantasy
30202,Drama
5954,Thriller
49236,Animation
66966,TV Movie
15932,Crime
45487,War
27138,Action
49223,Comedy
54999,Horror
32947,Fantasy
65620,Family
56707,Family
5648,Crime
45530,Music
73361,Action
91317,Science Fiction
36203,War
76241,Documentary
96795,History
66394,Romance
61463,Family
29937,Animation
26446,Western
24654,Music
81655,Music
7837,Science Fiction
43533,Drama
53538,Comedy
36615,Fantasy
80949,TV Movie
34123,Mystery
69515,Comedy
7391,Fantasy
67376,War
97968,Science Fiction
4799,Science Fiction
98183,Documentary
30736,Horror
31046,Family
52639,Thriller
79374,Thriller
69087,War
91843,Comedy
3996,Science Fiction
99186,Adventure
81701,Adventure
39656,History
52830,Animation
94823,Family
74154,Drama
34216,Music
43949,Western
32896,Science Fiction
83061,Romance
79943,TV Movie
73995,Romance
73735,Animation
45168,War
10316,Documentary
50089,Thriller
86458,Romance
76241,Romance
68609,Mystery
80335,Animation
11934,Mystery
95264,Adventure
28596,Fantasy
37614,Mystery
62223,Family
23983,TV Movie
77469,Animation
996,Mystery
8845,Comedy
84833,War
32672,Adventure
98602,Science Fiction
79175,Thriller
92736,History
80087,Action
96532,Documentary
78936,Animation
86333,Western
34254,Drama
71083,Mystery
7420,Mystery
66795,Thriller
39734,Action
8084,Romance
68474,Animation
93558,Romance
11835,Action
44292,TV Movie
6591,History
187,Mystery
98591,Comedy
97255,Fantasy
75670,Romance
50347,Comedy
66434,History
91842,Family
30538,Animation
19170,Drama
97435,History
84652,Animation
94528,Adventure
24010,Science Fiction
35234,Fantasy
38680,Science Fiction
71146,Thriller
34435,Drama
64820,War
79951,TV Movie
58734,War
57737,Music
66985,Family
25562,Adventure
65589,Adventure
28499,Crime
24363,Action
26451,Comedy
69396,Documentary
47862,Mystery
17178,Western
68097,Horror
32475,Mystery
97629,Family
25339,Drama
6526,Mystery
17439,Action
2439,Documentary
88557,Drama
36516,TV Movie
63495,Science Fiction
88408,Adventure
54331,TV Movie
23711,Thriller
72476,Science Fiction
80051,Animation
15726,Comedy
30331,Music
82367,Crime
78650,Thriller
77540,Documentary
4293,History
81021,War
21604,History
50975,Documentary
55623,Documentary
42919,Science Fiction
33427,Comedy
74025,TV Movie
48340,Family
75481,Drama
17178,Western
50004,Thriller
56412,Mystery
65371,Science Fiction
63258,Adventure
28594,History
25003,Mystery
23010,War
94406,Horror
50146,Mystery
68103,Western
20274,Crime
70868,Animation
29227,Western
55341,Mystery
13153,Crime
41230,Music
5278,Romance
54558,Documentary
53239,Fantasy
40088,Thriller
55345,Family
51627,Mystery
28014,Crime
31384,Thriller
40506,Animation
60737,Documentary
80347,Romance
365,Science Fiction
25673,Romance
88716,Horror
10543,Horror
91581,Fantasy
55859,Documentary
58874,Science Fiction
29054,Music
49687,Documentary
34970,Action
74675,TV Movie
53515,Science Fiction
89233,Adventure
71088,Thriller
1422,Animation
55975,Animation
63210,Crime
14031,Thriller
49433,Thriller
24357,Documentary
76729,Action
49005,Drama
38877,Science Fiction
10883,Drama
5368,Western
56848,Horror
79168,Romance
28181,Mystery
17290,Fantasy
27843,Fantasy
35281,TV Movie
63683,Music
70777,History
57561,Documentary
48444,War
79287,Adventure
40846,Fantasy
57236,Western
10202,Documentary
2871,Adventure
19945,Science Fiction
91581,Thriller
95100,TV Movie
30214,Family
14871,History
64629,History
53201,War
10134,History
52943,Fantasy
86789,Western
86526,Action
34445,Comedy
59480,Animation
13700,History
38061,Music
15367,War
10316,Documentary
80087,Adventure
44801,History
92411,Adventure
59277,Fantasy
25029,History
36334,Adventure
75804,Family
80984,Thriller
87619,Thriller
32633,Comedy
73875,War
24726,Music
91403,Thriller
34457,Fantasy
33433,Western
20172,Romance
51692,Romance
47463,Thriller
23289,Adventure
49338,Family
15714,Crime
40746,Drama
19151,TV Movie
96165,TV Movie
29317,Thriller
73581,Drama
14884,Family
82572,Family
86054,Horror
74676,Science Fiction
39306,War
72033,Documentary
24982,Music
2549,Science Fiction
37550,Documentary
42783,War
36008,Fantasy
88486,Family
57737,Romance
25297,Western
63698,Western
50280,Family
47767,Adventure
97562,Comedy
50818,Documentary
25214,Animation
30917,Animation
29311,Western
32977,Horror
76377,History
26235,Music
45928,Romance
43945,War
47904,Fantasy
52129,Science Fiction
25338,Animation
8214,Horror
73812,History
12272,War
1085,Comedy
97499,Mystery
51990,Documentary
23010,Mystery
54167,Crime
95957,Romance
53107,Mystery
67422,Romance
4551,Family
41286,TV Movie
47939,Mystery
89383,Science Fiction
19861,Western
81121,Action
61408,Adventure
34280,War
23281,Western
5954,Family
14563,Animation
30342,Romance
73123,Fantasy
64091,Family
5816,Thriller
63258,TV Movie
54428,History
89874,History
14542,Documentary
50375,Thriller
12791,TV Movie
32333,Science Fiction
7431,Romance
88330,Comedy
15468,Comedy
51068,Adventure
47958,Horror
56396,Comedy
3437,TV Movie
83363,Comedy
30363,Action
35460,Western
53697,Adventure
59731,Fantasy
11934,Mystery
64378,War
80699,TV Movie
66236,TV Movie
61028,History
8291,Fantasy
42999,Horror
75804,Comedy
12398,History
64489,Animation
7436,Documentary
49805,TV Movie
69355,Fantasy
33712,Animation
47229,War
85225,Family
83838,Family
19901,Science Fiction
2864,Mystery
9130,Drama
44284,Western
2539,Family
99548,History
81454,Thriller
69640,Action
11247,Mystery
24999,Mystery
53553,TV Movie
24096,Fantasy
36753,History
48425,Documentary
29061,Crime
9889,Adventure
20078,Horror
11859,Fantasy
32552,Documentary
2644,Family
63210,Fantasy
72443,Fantasy
5315,Family
5640,Music
62482,Family
91335,Animation
93008,Mystery
77820,Western
70242,Adventure
98199,Thriller
80635,TV Movie
56230,Comedy
29541,War
90655,Romance
56760,Adventure
18727,Mystery
92285,Thriller
5269,Science Fiction
52943,Crime
47670,Drama
55002,War
65419,Horror
5857,War
12791,Crime
15352,Mystery
33916,War
54346,Adventure
10917,Comedy
78836,Mystery
41294,TV Movie
92739,Documentary
88330,Family
18193,TV Movie
66966,Mystery
23698,Comedy
20455,Adventure
61308,Fantasy
64452,War
5041,Thriller
38191,Family
54286,Science Fiction
79825,Fantasy
76245,Thriller
87110,Adventure
24245,Documentary
2359,Crime
30135,Thriller
55623,Adventure
18832,War
1418,History
30939,History
77376,Documentary
18826,Music
76635,Thriller
64131,Mystery
50987,TV Movie
71146,History
49195,Adventure
89331,Adventure
35733,Drama
35230,Documentary
18315,Action
39545,Music
87885,Mystery
20847,Music
49934,Western
170,Fantasy
94113,History
67723,Thriller
25559,War
18620,Family
38928,Drama
42783,Fantasy
88202,History
65332,Music
29434,Science Fiction
69480,Science Fiction
54609,Comedy
11934,Comedy
75880,Action
75588,Music
18886,Adventure
29227,Science Fiction
69705,TV Movie
97597,Drama
91161,Documentary
2842,Music
88948,Western
65282,Action
69737,Romance
27204,Comedy
33307,Crime
30653,Action
2359,Action
6367,Documentary
72923,Crime
33792,Adventure
57236,Crime
77415,Fantasy
956,Western
65156,Science Fiction
62362,Mystery
3991,Music
45928,Crime
47067,Adventure
88895,Comedy
13051,War
18105,History
40600,Mystery
17418,Music
9648,Adventure
37614,Science Fiction
41230,Romance
34333,History
77131,Family
42743,Science Fiction
66769,Mystery
86821,Family
76377,Romance
15447,Action
51572,Mystery
76270,Family
34553,War
67420,Fantasy
83749,Mystery
14461,Animation
15222,War
59705,History
75700,Crime
17195,Documentary
40404,Family
45737,Drama
68945,War
16283,Romance
46388,Science Fiction
16654,History
30939,Music
93452,Drama
55350,Drama
36008,Horror
70338,Mystery
86963,Science Fiction
57946,War
99404,Drama
80347,Documentary
7777,Horror
87549,Family
91130,Action
94436,Family
33721,Family
7315,Western
10379,Animation
90860,Crime
8024,Animation
23983,Science Fiction
17418,Romance
21764,Science Fiction
36839,Thriller
27196,War
79646,Adventure
72709,Music
365,TV Movie
79175,Comedy
30227,Adventure
30504,Romance
24863,Horror
10065,Mystery
74031,Drama
68640,History
34686,Action
19406,Comedy
61655,War
51754,Documentary
80949,Adventure
11995,Animation
96855,Romance
57322,Family
52796,TV Movie
38365,Western
66795,War
99186,Documentary
58345,Romance
4551,Animation
28259,TV Movie
50078,Action
90393,Music
13308,Romance
28567,Western
68020,Western
48259,Fantasy
21001,Drama
46351,Romance
88187,Crime
13744,War
71820,Fantasy
76162,Drama
54279,Fantasy
41774,Comedy
76245,Thriller
88896,Music
58089,Documentary
22355,War
44282,Family
8776,Science Fiction
61717,Animation
83097,Adventure
24520,Fantasy
3531,Family
98173,Comedy
68161,Adventure
50987,Romance
16835,Adventure
38919,Adventure
41230,Drama
8625,Music
79782,Documentary
66919,War
56057,Comedy
51141,Western
13900,Mystery
30076,Adventure
76567,Family
83838,Western
566,Fantasy
63136,Comedy
34553,TV Movie
77654,Western
44090,History
19118,Documentary
65325,TV Movie
28277,History
53618,Mystery
66630,Fantasy
99155,Drama
69575,Comedy
30903,Western
35460,Comedy
38586,Western
69417,Western
11049,Music
97624,Mystery
98199,Comedy
7489,History
43628,Drama
26550,Crime
83019,Thriller
76940,War
99201,Horror
14707,Science Fiction
23983,Drama
523,War
34435,Documentary
46907,War
10842,TV Movie
31086,Adventure
21844,Western
10988,Action
15503,Horror
46155,Crime
75228,TV Movie
50280,Action
94862,Western
49603,Romance
77054,Animation
98358,Adventure
27414,Crime
60321,Thriller
17772,War
15726,Action
45492,Science Fiction
13794,Fantasy
2268,Crime
74622,Mystery
37994,Western
14035,History
79646,Romance
26572,Music
61463,Horror
53227,Drama
95674,Thriller
33251,War
78101,Drama
6455,Documentary
49680,Horror
97389,Music
17290,TV Movie
23144,Western
45458,Western
88187,Horror
5370,TV Movie
47862,Music
80236,Family
95655,Animation
5368,Adventure
83842,Documentary
84857,TV Movie
42085,Science Fiction
75491,Romance
17255,Adventure
4610,War
32544,Romance
62273,War
35655,Adventure
45023,Action
64226,Adventure
62153,Fantasy
19475,Fantasy
66919,TV Movie
41583,Horror
11954,Documentary
41856,Music
86136,Animation
57737,Music
91950,Action
34759,Fantasy
90362,Documentary
11954,Horror
88377,Animation
93668,Comedy
87030,History
38207,Western
49546,Documentary
4978,Action
43395,Family
84857,Family
65642,Documentary
8776,Thriller
41144,Western
64462,Action
99404,Science Fiction
36881,Mystery
26747,Animation
3037,Adventure
81278,Animation
57236,Fantasy
13981,TV Movie
30926,Mystery
81661,Western
27119,War
59422,Music
67536,Music
74664,Action
80653,Family
3331,Thriller
73416,Drama
10185,Fantasy
14563,Thriller
80664,History
5388,Comedy
8646,Drama
65735,Drama
26753,Family
49638,Family
23760,TV Movie
60799,Music
22986,Science Fiction
53947,Family
96532,Fantasy
5493,Animation
56269,TV Movie
77297,Science Fiction
35655,Comedy
84067,TV Movie
2787,History
77968,Horror
99155,Crime
37476,Horror
28580,Mystery
11140,Science Fiction
88895,Documentary
54846,TV Movie
32640,Science Fiction
59188,Horror
86309,Adventure
39897,Adventure
7420,Music
51556,TV Movie
1422,Western
3419,Adventure
7984,Thriller
16431,Romance
89115,TV Movie
18741,Crime
35804,History
65716,Thriller
53960,Mystery
20097,TV Movie
43785,Fantasy
77791,Comedy
14101,TV Movie
99389,Horror
24363,Drama
20005,Thriller
38403,Mystery
92608,Comedy
94994,Romance
3921,History
37214,History
40723,History
51832,Music
92823,Adventure
89233,Fantasy
2462,Crime
69575,Family
75438,Romance
99041,Drama
36172,Drama
48289,Fantasy
71509,Animation
73123,Romance
37985,Thriller
49822,War
60838,Music
46936,Romance
98358,Mystery
97807,Romance
24673,Fantasy
46356,Western
61408,Adventure
63281,Horror
18727,Thriller
35102,Adventure
84834,Western
54374,Drama
53363,War
42003,Mystery
37894,Crime
98861,War
5323,TV Movie
59665,Science Fiction
49135,Family
42298,Science Fiction
82783,Action
33180,Thriller
99907,Science Fiction
24888,Romance
23144,Romance
26686,History
9942,Adventure
87674,Documentary
65628,Thriller
82413,Crime
28311,Crime
27199,Science Fiction
69417,Science Fiction
72348,Horror
97597,Crime
53627,Action
97294,Horror
93736,Horror
38366,Documentary
38744,Family
65699,Adventure
69748,Science Fiction
46936,Fantasy
62307,Science Fiction
74831,Family
34082,TV Movie
12136,Romance
42920,Science Fiction
37030,Mystery
74850,Fantasy
77118,Action
31019,Documentary
93782,Family
71205,War
5011,War
50896,Thriller
17264,TV Movie
73053,Mystery
34870,Comedy
32684,Comedy
3130,Romance
62478,Crime
49934,TV Movie
70256,Romance
51141,Romance
97543,Romance
84950,Romance
8552,Western
83424,Animation
68462,Thriller
62891,Romance
47590,History
97543,Mystery
69551,Comedy
59731,Horror
93834,Science Fiction
33214,Science Fiction
59627,Adventure
58072,Horror
99186,Adventure
59277,Crime
95238,Mystery
47100,Action
86765,Drama
84833,Drama
4745,History
71382,Documentary
95135,Music
33253,Mystery
36559,Horror
19781,War
41367,Adventure
29143,TV Movie
94406,Adventure
773,Western
79943,Documentary
51254,Action
5269,Horror
32472,War
28286,History
22253,War
53231,Action
33141,Western
67169,TV Movie
5703,Drama
23637,Science Fiction
18865,Action
24096,Fantasy
80653,Adventure
36296,Thriller
16835,History
89932,Documentary
89101,Crime
26675,Family
91693,Family
22989,Crime
70538,Music
2842,Drama
58176,Mystery
46382,Mystery
27942,Thriller
56412,Comedy
49308,War
33594,History
4461,Animation
99272,Music
76546,Action
57346,Horror
21528,War
60952,Mystery
73433,Thriller
17130,Family
65083,Western
76261,Thriller
81278,Adventure
74510,Animation
40506,Animation
66236,Documentary
81153,History
90181,War
49287,War
9863,Romance
15154,TV Movie
13795,Drama
18886,Action
14884,Thriller
10841,Crime
50197,Action
29550,Thriller
21274,History
2162,Music
42999,Adventure
81766,TV Movie
52869,Science Fiction
81285,Mystery
44801,War
14542,Romance
14144,War
83662,Adventure
44956,Adventure
39978,Animation
76847,Crime
25489,TV Movie
26402,Science Fiction
92723,Music
20684,Fantasy
96546,Romance
1033,TV Movie
20612,Horror
53960,Documentary
55375,History
71681,Family
23064,TV Movie
6543,Animation
41583,Adventure
20847,TV Movie
7195,Western
81374,Fantasy
52943,TV Movie
62309,Comedy
28130,History
73006,Western
62383,Mystery
79079,War
13952,Science Fiction
81454,Comedy
97629,Fantasy
47145,Comedy
33351,TV Movie
73911,Science Fiction
68161,Adventure
61205,Romance
31536,Animation
47105,Comedy
18071,Action
24358,Fantasy
58176,Thriller
93811,Romance
28422,Thriller
1222,Action
15771,History
34970,TV Movie
91130,Western
40586,Animation
47105,Music
59705,Animation
80863,Science Fiction
26041,Thriller
43817,War
99531,Drama
65070,Western
21894,Drama
57223,Crime
2864,Family
53784,TV Movie
77329,TV Movie
63106,Western
65628,Science Fiction
69480,Drama
68866,Crime
71802,Horror
9258,History
69469,Fantasy
76377,Action
11421,Action
10202,Family
68155,Animation
47862,Adventure
2787,Comedy
20612,Western
63382,Horror
5006,Crime
96396,History
30135,Family
7391,Mystery
19659,Crime
91497,Music
11275,Mystery
80699,Family
57443,Science Fiction
80762,Mystery
13427,Action
67428,Documentary
78789,Horror
87547,Mystery
60952,Action
86579,Horror
14931,Horror
37857,Family
9393,Animation
48589,Western
23388,Music
43959,Documentary
72237,Family
37090,Crime
79484,History
95365,TV Movie
29166,Music
43239,Thriller
99635,Documentary
75228,Fantasy
43167,History
53107,Romance
33253,Romance
94608,Thriller
39881,TV Movie
42475,Comedy
59915,Adventure
38478,TV Movie
95356,Action
93410,Animation
18785,Horror
40404,TV Movie
89511,War
44897,Science Fiction
40554,Fantasy
39489,Music
51484,War
81643,Crime
3996,Family
32763,Animation
52639,Adventure
96523,Western
71562,Family
49236,Adventure
94436,Western
45967,Action
39897,Mystery
24351,Thriller
7638,Animation
37129,Fantasy
42919,Crime
47101,Documentary
17470,Comedy
3711,Thriller
28244,TV Movie
34291,TV Movie
82783,Horror
40099,Adventure
23135,Thriller
13427,Science Fiction
97971,War
33792,History
44553,Documentary
17170,TV Movie
71820,Crime
64725,Music
77054,Documentary
80229,Romance
65402,TV Movie
92598,Drama
25945,Adventure
36367,Documentary
36148,Fantasy
50080,Drama
77623,Adventure
996,Western
53846,Family
62891,Horror
99953,Comedy
8845,TV Movie
71146,War
69197,Mystery
65628,Crime
9800,Adventure
67304,Horror
94541,Action
19654,Mystery
72427,Crime
53011,War
80372,Romance
22225,Mystery
33427,Drama
92080,Family
18071,War
67426,Drama
45926,Thriller
19170,TV Movie
92061,Horror
35302,Western
79441,Action
378,Family
28891,Action
47007,Fantasy
94827,Western
77118,Fantasy
70822,History
77925,Horror
9863,Action
49914,Family
24863,Music
47804,Action
75984,History
49195,Comedy
97968,Science Fiction
17197,Western
60474,Documentary
29227,Crime
15924,Crime
91937,War
74882,Animation
94572,Adventure
66394,Comedy
46588,War
81423,Fantasy
48087,Western
16283,History
80653,Science Fiction
52075,Action
61463,Horror
56299,Romance
32633,History
5138,Western
86852,TV Movie
22188,Family
50479,Adventure
67420,Drama
28819,Western
73092,Drama
95183,Science Fiction
88377,Family
39734,Romance
66694,Action
87549,Mystery
67869,Animation
34506,Documentary
75438,Western
58176,Science Fiction
19118,Comedy
40924,Animation
85499,Comedy
23220,Crime
76270,War
49504,History
85070,Family
16854,Music
53972,Animation
27199,War
90140,Family
6526,Action
42308,Romance
81392,Mystery
27329,Music
2864,Animation
31340,War
24520,Mystery
4437,Science Fiction
85880,History
1154,Action
94862,Documentary
62664,Fantasy
17772,History
44762,Science Fiction
13234,Fantasy
74457,Romance
16826,Horror
16826,Drama
56834,Adventure
61008,Romance
53270,Documentary
14583,Crime
19812,Crime
48016,Western
9534,Western
5964,Documentary
66158,History
96643,Romance
37924,Thriller
49613,Animation
96044,Action
65371,History
85274,Animation
55508,Crime
83635,Western
79951,History
25091,TV Movie
41367,Action
87549,Documentary
14656,Fantasy
19671,Crime
61602,Romance
12046,History
17178,Adventure
35000,Crime
94459,Action
76261,History
39052,Fantasy
99354,Animation
14538,Science Fiction
88187,Comedy
31221,Mystery
92496,Documentary
30977,Thriller
63379,Crime
72617,Science Fiction
79374,Family
98428,Crime
88716,Mystery
8851,Action
2129,Action
54999,Drama
90359,Crime
5039,Romance
35000,Science Fiction
11012,Thriller
15122,War
4004,Drama
904,War
12624,Western
39642,Drama
94823,Family
8032,Mystery
96146,War
46382,Horror
21062,Fantasy
64001,TV Movie
17178,Family
17264,Music
53227,Adventure
13169,Science Fiction
22993,War
88410,Thriller
68223,Science Fiction
30135,Fantasy
12022,Animation
91119,Western
11507,War
11890,Family
24010,Action
43222,Science Fiction
33214,Western
85592,History
15064,Music
59705,Documentary
21042,Mystery
75126,Comedy
43923,Mystery
15932,Thriller
37272,Action
23824,Crime
89364,Thriller
6429,War
93012,Drama
33832,TV Movie
87714,Family
68336,Music
36828,Romance
83419,Western
35796,Horror
60321,Music
20137,Mystery
4150,Family
98754,Action
94639,Fantasy
56666,Adventure
4799,Romance
16223,Mystery
62343,TV Movie
87885,Adventure
71544,Comedy
45579,Music
86963,TV Movie
95105,History
2038,Animation
98183,Comedy
75984,Documentary
65717,Crime
49223,War
50314,Animation
21390,History
8776,Horror
4372,Western
77848,Romance
34607,Horror
52688,Comedy
69609,Documentary
68640,Thriller
94862,Western
44282,Mystery
59661,History
97962,Horror
7226,Documentary
91118,Adventure
33385,Action
96692,Horror
2794,TV Movie
20394,Animation
41367,Crime
28286,Science Fiction
11160,Science Fiction
82823,Comedy
18105,Comedy
4262,Family
36782,Drama
71789,Thriller
10917,Science Fiction
14470,Crime
84305,Mystery
96557,Comedy
13234,Thriller
53673,Thriller
36794,Romance
81794,Romance
13664,Thriller
92913,Family
78937,Adventure
60838,Mystery
96864,TV Movie
28200,TV Movie
78392,Documentary
76558,Comedy
65716,Animation
14328,Documentary
2539,Comedy
41346,War
12927,Documentary
10112,Crime
22292,Fantasy
9414,Horror
31599,Documentary
54374,TV Movie
84853,Western
605,Horror
19270,Science Fiction
10842,Fantasy
69737,Western
61647,Western
96557,Fantasy
71805,Comedy
25338,History
38354,Fantasy
73289,Western
57652,Science Fiction
95277,Western
44926,Adventure
46020,History
92094,Western
41249,Thriller
91118,Adventure
34759,Western
18612,Thriller
75707,War
94819,Thriller
68685,Adventure
2274,Western
10739,Action
50926,Horror
9883,History
79646,Crime
29808,TV Movie
4743,Crime
28066,Music
30504,Comedy
46843,Documentary
16340,Western
75972,Fantasy
44780,Music
27883,Science Fiction
24999,TV Movie
79981,Mystery
44897,Drama
88695,Comedy
14035,Horror
94572,Family
81643,Documentary
19340,History
50911,Drama
99781,Drama
25338,Comedy
19588,Animation
83781,Drama
40097,Comedy
83838,Mystery
77588,Thriller
40967,Drama
29480,Thriller
34506,Comedy
67116,Horror
9930,Animation
49504,Horror
53231,Animation
21062,Music
73833,Action
25003,Comedy
61239,Romance
89884,Action
26311,Romance
88747,Mystery
69395,Mystery
29438,Science Fiction
91351,Thriller
4015,Music
1160,Romance
25489,Music
8720,War
32020,Comedy
66158,Romance
29945,Western
86333,Mystery
24455,War
97807,Horror
44282,Documentary
45799,Fantasy
24565,Music
19950,Western
95887,Romance
8845,Science Fiction
60233,Horror
54152,Documentary
45799,Romance
4295,Animation
15402,Western
88717,Horror
54494,Thriller
47430,Thriller
25539,Animation
90928,Romance
74064,Drama
11413,Western
9059,Animation
91465,Adventure
49936,Thriller
60616,Fantasy
95238,Documentary
16854,Fantasy
4248,Crime
73037,Adventure
85627,Science Fiction
41967,Fantasy
36558,Western
17470,History
92061,Comedy
19373,History
21778,Family
30653,Mystery
83141,Drama
24980,Drama
3711,Comedy
57627,Science Fiction
28286,Music
68626,TV Movie
17639,Documentary
52113,Fantasy
34435,Animation
72830,Family
2140,Drama
6098,Comedy
66811,Mystery
1970,Western
92800,Drama
69132,History
86526,Music
19903,Animation
91989,Music
21049,Western
79006,Science Fiction
57737,Family
47953,Music
56447,Documentary
79974,History
59200,Adventure
43373,Mystery
29227,Drama
17403,Family
2613,TV Movie
93736,Horror
3886,Comedy
66236,Thriller
87110,TV Movie
72489,Western
65705,Horror
42883,Drama
71118,Mystery
36405,Western
2398,Thriller
54494,Mystery
71082,Music
26993,Drama
64878,Action
7416,Action
98591,Romance
93069,Science Fiction
95661,Horror
37965,Fantasy
86552,Thriller
62437,Comedy
57178,Western
43303,Drama
86031,Action
39545,Fantasy
19230,Mystery
88408,Adventure
62664,Adventure
47767,Science Fiction
55623,Thriller
31299,Mystery
91442,Drama
99155,Fantasy
91161,Music
34280,Animation
19049,Science Fiction
85070,Drama
59435,Action
45088,Romance
62382,Western
54088,TV Movie
89409,History
43048,Action
14217,Crime
23290,Animation
8763,Thriller
78603,War
27070,Western
52956,War
52459,TV Movie
90362,Adventure
43313,Science Fiction
65000,Mystery
33867,Mystery
80103,TV Movie
63434,Family
31627,Horror
34867,Family
45799,History
53618,Action
27329,Music
16560,Fantasy
9800,Crime
40088,Fantasy
12136,TV Movie
87547,War
47101,Family
6252,Horror
29799,Western
2536,Comedy
98687,History
25710,Mystery
36008,Romance
82472,Adventure
68363,Comedy
1861,Drama
1838,Western
47904,Thriller
49304,TV Movie
92047,Mystery
82663,War
38572,Music
22698,Action
29638,Science Fiction
42282,Animation
81423,Documentary
52797,Romance
52072,Documentary
27119,Action
41747,Documentary
98797,Family
6004,Science Fiction
99201,Romance
37901,TV Movie
14645,TV Movie
83786,Western
4610,Action
1674,Comedy
43167,History
942,War
28891,Adventure
15456,Comedy
50924,Science Fiction
34537,Comedy
15601,TV Movie
89430,Science Fiction
26008,War
18054,Drama
40678,Science Fiction
63364,Horror
95764,Western
17290,Family
92823,Action
25003,Animation
84521,Crime
99571,War
40816,Music
80891,Music
82257,Western
91520,Fantasy
80582,Horror
26359,Thriller
37614,TV Movie
73513,Comedy
12680,History
92100,Science Fiction
73416,Western
70637,Animation
51352,Crime
24427,Horror
42214,Crime
60397,Drama
89494,TV Movie
11070,Mystery
755,Adventure
56793,Western
77645,Horror
51177,Crime
47087,Fantasy
23760,Documentary
45458,Thriller
57568,Western
46222,Family
61029,Drama
29589,Crime
63341,Science Fiction
90108,History
84745,TV Movie
81771,Fantasy
48185,Drama
26891,Horror
80546,Fantasy
94745,Thriller
34666,Fantasy
16420,Animation
68578,Family
96396,Western
15468,TV Movie
35083,Drama
49287,Drama
8032,Mystery
68640,Animation
38191,Music
38729,Family
9287,Mystery
65686,TV Movie
11007,Drama
24067,Comedy
72272,Music
54263,Thriller
50139,Action
97756,Thriller
20461,Adventure
51407,Documentary
202,Music
26795,TV Movie
40112,Horror
93564,War
17213,Family
82569,Drama
72392,Romance
61012,TV Movie
47820,Music
79777,Fantasy
22793,TV Movie
96546,Western
55098,TV Movie
40678,Fantasy
73323,Mystery
10062,Crime
97277,Western
54566,History
13169,Drama
42461,Fantasy
70229,Romance
38207,Science Fiction
64576,Mystery
30227,History
93457,Romance
27821,Music
5000,Western
98914,Documentary
48434,Music
53618,Mystery
8776,Family
91601,TV Movie
71109,Adventure
36558,Drama
93558,Music
54619,Drama
4827,Western
32249,Romance
55948,Fantasy
41277,War
55993,Horror
54540,TV Movie
34207,Western
58429,Horror
74831,War
61144,Horror
28286,Comedy
60889,War
50897,Western
72476,Mystery
55677,Comedy
12770,History
93357,Crime
57236,Animation
22631,TV Movie
10563,Family
97807,Drama
91311,Western
24912,Romance
28311,Science Fiction
15662,Thriller
68097,Action
78849,Documentary
17470,Science Fiction
69775,Music
4124,Adventure
7533,Crime
44532,Fantasy
56396,Romance
90108,War
42557,Family
62073,Adventure
52639,Fantasy
8185,Drama
54248,War
50779,TV Movie
35926,Crime
99476,Science Fiction
74356,Crime
89078,Horror
13077,Romance
16416,Western
83781,Animation
49914,History
53001,Documentary
10202,Animation
877,Adventure
81278,Mystery
89837,War
52075,Adventure
71544,Science Fiction
49640,Crime
28596,Science Fiction
442,Thriller
46491,Adventure
43373,War
58786,Science Fiction
79768,Animation
16835,Crime
71509,Horror
3602,Fantasy
48817,Crime
61731,Action
53324,Romance
87549,Crime
94555,Family
56057,Romance
1122,TV Movie
26993,Documentary
49952,Family
45244,Adventure
99655,Western
82645,Fantasy
61596,Crime
17178,Crime
18727,Western
68605,Comedy
84305,TV Movie
70618,TV Movie
38473,TV Movie
61892,Drama
17236,War
29376,Action
18244,Animation
43043,Family
7391,Action
32063,Drama
82413,Drama
66434,Family
93379,Western
27797,Thriller
25477,Horror
90366,Science Fiction
37278,Fantasy
55975,Thriller
4788,Horror
53297,Documentary
32172,Fantasy
72945,War
87868,Adventure
30911,Comedy
2038,War
61869,Action
57880,Horror
56760,Animation
93448,Family
72638,Crime
63698,Crime
1970,Horror
76555,Music
72140,Fantasy
1484,Mystery
25391,Animation
12647,Mystery
62233,Horror
74655,Horror
74289,Drama
86333,Thriller
27395,TV Movie
13897,Romance
42669,Action
48589,Horror
70568,Mystery
95825,Action
42263,Adventure
81752,Fantasy
15000,Mystery
51606,Crime
71544,Fantasy
82443,Mystery
75811,Crime
27821,Science Fiction
61120,Drama
74616,Romance
54346,TV Movie
33082,Documentary
43420,Adventure
73882,TV Movie
44733,Western
21778,Crime
98761,Comedy
66489,Romance
17047,Documentary
18337,TV Movie
93316,Animation
97515,Comedy
82413,Action
84045,Adventure
40992,Mystery
23909,Fantasy
61029,Music
65325,History
2398,History
16431,War
10121,Music
86654,TV Movie
25937,Documentary
76934,History
56228,Science Fiction
96795,Fantasy
41678,Adventure
25477,War
27283,Music
57627,Animation
49019,Drama
46908,Fantasy
54036,Family
88355,Documentary
30202,Action
4931,Romance
18688,TV Movie
55744,TV Movie
76555,Comedy
59200,Documentary
51361,Science Fiction
82903,Family
61777,Action
17772,Mystery
9414,War
63364,War
24999,Mystery
71690,Romance
81340,Horror
7262,Drama
99272,War
16169,Comedy
19861,Thriller
54497,Western
89535,Romance
68382,History
10883,Documentary
43957,War
71940,Comedy
65585,Horror
45380,Mystery
20266,Family
21292,TV Movie
41771,Horror
76004,Animation
46447,Science Fiction
19543,Family
74167,War
39545,Action
48640,Family
21497,Animation
66434,Action
54582,TV Movie
55420,Fantasy
42408,Thriller
65861,TV Movie
55420,Documentary
40846,Drama
14767,TV Movie
37640,Family
25887,History
73289,Romance
96532,Horror
38261,Adventure
36964,Music
90990,Mystery
92501,Science Fiction
85014,Music
79032,Mystery
35060,Family
74675,TV Movie
68542,Animation
3534,Mystery
14107,Music
85080,Western
81650,Adventure
11502,Action
96643,Family
40723,Fantasy
25225,Family
6162,Thriller
55317,Fantasy
11247,Documentary
9648,Science Fiction
55623,Mystery
57977,Music
3921,Mystery
62764,Drama
54363,War
10543,Romance
54206,Horror
20374,Romance
19230,Thriller
23099,Adventure
52459,Western
25331,TV Movie
50313,History
18285,Family
89837,Crime
83207,Drama
29157,Mystery
4549,TV Movie
52079,Crime
23760,TV Movie
93133,Science Fiction
38961,Fantasy
23388,Music
5633,Family
12770,Mystery
47246,Crime
64068,Romance
25003,TV Movie
96059,Horror
71083,Music
95625,Science Fiction
59491,Music
61029,Fantasy
92049,Action
90362,Animation
10883,Music
11160,Mystery
49562,Documentary
19654,History
94634,History
35701,TV Movie
99210,Action
47361,TV Movie
10091,Comedy
64348,Documentary
14884,Western
47067,Adventure
17196,War
21497,History
1513,Comedy
75707,Action
47670,Science Fiction
1484,History
36996,War
63379,TV Movie
1828,Mystery
33180,Science Fiction
50779,Adventure
71570,Comedy
54167,Action
17213,Drama
80361,Horror
83007,History
98279,Action
71940,Horror
65419,History
4437,Romance
53659,Romance
75670,Drama
81374,Horror
78429,Comedy
11707,Adventure
78045,Drama
45328,Western
50385,Romance
41286,Western
44086,Drama
53669,Music
62675,Animation
49041,Science Fiction
98279,Crime
20304,Family
1530,Romance
8617,Comedy
34501,Drama
85499,Drama
44926,War
96864,Romance
31980,Family
93166,Music
22812,History
69340,Romance
89383,Fantasy
99954,Documentary
85702,Crime
23964,Action
24267,Action
29589,Thriller
84711,Horror
13586,Music
60737,Animation
23520,Documentary
82873,Horror
71088,Mystery
29286,Horror
45533,Family
66434,History
6767,Adventure
86889,Romance
11707,TV Movie
66235,Thriller
49736,Horror
7958,Adventure
74478,Crime
44303,TV Movie
24863,TV Movie
57992,Adventure
42464,TV Movie
38804,Crime
33704,Family
31566,Romance
38597,History
10999,Adventure
53321,Animation
26879,War
45982,Adventure
53952,Fantasy
81569,Adventure
27219,Drama
91843,Drama
12047,Romance
46491,Crime
29480,Family
5738,War
21169,Documentary
51923,Romance
15004,War
77594,Thriller
50555,Fantasy
4572,Mystery
68403,TV Movie
75700,History
38725,History
69336,Comedy
84255,Music
20461,Family
36297,Science Fiction
8069,Western
37115,Science Fiction
50051,Family
16679,Family
93012,Western
9201,Fantasy
34125,Thriller
67699,Family
90468,Music
45941,Science Fiction
89837,Comedy
10883,Documentary
21497,TV Movie
5368,Crime
53924,Mystery
49562,Science Fiction
14656,Thriller
16801,Crime
68462,Western
31627,Drama
21638,Animation
61721,Mystery
87035,Romance
32684,TV Movie
13427,Mystery
1861,Adventure
10841,Romance
8484,Drama
27920,Crime
52241,Romance
58731,Fantasy
62160,History
4461,Drama
54206,Romance
99155,Romance
10917,Adventure
65790,Thriller
41273,Comedy
42370,Mystery
61075,War
54263,Animation
22992,Western
49680,Crime
39964,Action
87479,Fantasy
675,Family
99965,Animation
37815,Adventure
40992,Action
75489,Music
12262,Mystery
91442,History
31624,Thriller
4372,Horror
47100,Crime
69515,Fantasy
89989,Mystery
99267,Horror
44529,Comedy
97783,Horror
83989,Fantasy
96643,Drama
63341,TV Movie
57418,Crime
38804,Documentary
30647,Western
2842,Action
81333,TV Movie
4461,War
65084,Mystery
65402,Action
93340,History
39978,Drama
98380,Crime
48259,Mystery
25003,TV Movie
35100,Romance
12041,Horror
79912,Western
94745,Adventure
92598,Family
53631,Mystery
49092,Drama
18987,Music
40393,Family
39188,TV Movie
46650,War
48185,Western
57879,Comedy
90318,Music
74622,TV Movie
7857,Thriller
95945,Comedy
59577,Fantasy
51710,Crime
74373,Thriller
566,Thriller
93881,Adventure
73053,Adventure
81445,Drama
61144,Comedy
54625,Mystery
2640,Horror
94113,Animation
46351,Adventure
28311,TV Movie
7489,Animation
10543,Science Fiction
83363,Thriller
54694,TV Movie
69705,Drama
52075,TV Movie
61731,Crime
36441,Adventure
58480,Action
21497,Mystery
87760,TV Movie
36296,Crime
63122,Animation
64725,Science Fiction
29563,TV Movie
76451,Horror
58779,Western
60685,War
96496,Fantasy
21049,Family
98959,Western
74356,Crime
46291,Thriller
56412,Crime
12989,Romance
6750,Drama
97543,Fantasy
97939,Thriller
88355,Animation
61647,Family
22620,Mystery
41047,TV Movie
19260,History
29166,War
73882,Animation
21207,Music
22596,TV Movie
20097,War
43799,Thriller
82663,Drama
9130,Western
87794,Family
63611,Thriller
54079,Drama
3147,Action
69480,Family
65083,Western
77797,History
19781,Music
93790,Action
54566,Comedy
41861,Comedy
79860,Fantasy
12639,Science Fiction
51572,Science Fiction
3185,Drama
51766,Music
30653,Animation
92213,Fantasy
57737,Romance
5528,Mystery
27821,Music
10314,Action
96760,Western
31168,TV Movie
57435,Music
73053,History
3680,Adventure
43239,War
33385,Mystery
74655,Documentary
51702,Music
41091,Comedy
1519,Action
53543,Horror
26235,Family
62497,Adventure
91230,Adventure
31624,TV Movie
38084,Action
80682,Comedy
28172,Documentary
50840,Romance
92848,Science Fiction
57946,Drama
31308,Drama
96000,War
18054,Adventure
62764,Science Fiction
7511,Action
99258,Thriller
56076,Mystery
53204,Music
75177,Science Fiction
55729,Crime
19074,Drama
98358,Family
52376,Romance
55948,Comedy
21844,Romance
93490,History
46351,TV Movie
32664,Horror
77826,Romance
67834,Romance
68863,Adventure
55508,Mystery
29286,Animation
74882,War
83363,Comedy
59384,Western
88330,TV Movie
26891,Comedy
87110,Western
74025,Science Fiction
47267,Action
65014,TV Movie
63600,Science Fiction
86136,TV Movie
34352,Action
97534,Thriller
5899,Crime
66158,Crime
41277,Drama
65766,Mystery
45143,Music
62278,Comedy
80103,Comedy
37113,Documentary
14290,Science Fiction
1828,Western
5489,Documentary
4150,Music
26451,Romance
63907,War
61429,Music
81755,Science Fiction
47101,Western
7234,Family
13606,Fantasy
21274,Crime
75175,Crime
52079,Documentary
27843,Animation
14404,Crime
34993,Action
47145,Horror
89824,Action
60335,Drama
65419,Science Fiction
61308,Thriller
16322,Family
91359,Adventure
12322,Mystery
442,Music
25126,Crime
15231,Mystery
73911,Documentary
21390,Science Fiction
7036,Horror
34666,Comedy
63595,Action
54885,Science Fiction
12041,Music
5409,Fantasy
9414,Horror
79938,Crime
72997,Drama
10650,Family
5769,Action
69271,Action
76804,Animation
77820,Family
34386,Horror
98821,Action
72709,Romance
60475,Action
40554,Documentary
66049,Documentary
60777,Animation
93448,History
38514,Music
27843,History
95943,Adventure
63434,Mystery
62696,TV Movie
22989,Mystery
20172,Comedy
22323,Comedy
38084,Horror
19534,Romance
25214,Animation
68089,Western
98183,Action
50405,Crime
80490,Thriller
20273,Action
89884,Western
48136,Western
64397,Comedy
3711,Western
95365,Documentary
54558,Science Fiction
95943,Comedy
36881,Action
38544,Thriller
90602,Horror
40678,Thriller
62073,Action
70428,Fantasy
24695,Romance
87549,Science Fiction
89774,Action
22385,Adventure
28977,War
52231,War
85702,Documentary
92598,Family
39433,Action
15367,Science Fiction
47074,History
41775,Comedy
38709,History
62343,Horror
23064,Crime
97875,Fantasy
63409,Crime
32377,Horror
95957,Animation
98591,Comedy
47303,History
18727,Drama
58327,Action
65014,Documentary
96546,Family
71881,Thriller
48243,Drama
90017,Action
38366,Fantasy
4788,Horror
5319,Western
23711,Adventure
9608,Horror
4978,Animation
59013,Thriller
6767,History
95887,Animation
6601,Animation
15662,Drama
5548,Adventure
2842,Action
10943,Drama
49925,Horror
37550,Documentary
73875,Comedy
45911,Western
67426,Western
39301,Romance
76243,Animation
25984,Comedy
53204,Family
18794,War
10037,Comedy
25641,Horror
96758,TV Movie
2748,Animation
5424,Drama
8776,Adventure
53011,Action
84585,Action
48449,Documentary
21552,Western
65858,Drama
79096,Crime
82858,War
32763,Mystery
88747,Action
16684,History
51354,Fantasy
81529,Thriller
48649,Action
2398,Action
1023,Drama
70887,Comedy
21390,Music
15601,TV Movie
88178,Romance
21390,History
16521,Romance
81771,Drama
83778,Comedy
80902,Adventure
62310,War
15468,TV Movie
26747,Fantasy
70229,Crime
3811,Fantasy
41856,Family
29054,TV Movie
18408,War
25274,Comedy
1033,TV Movie
34680,Comedy
98744,Documentary
72831,Animation
59200,War
59661,Science Fiction
18054,Family
66235,War
45530,Animation
72324,Documentary
28244,Science Fiction
21998,Music
87414,Crime
79548,TV Movie
6601,Science Fiction
95065,Drama
43929,Mystery
54777,Animation
75009,Mystery
7495,Animation
53476,Adventure
58480,Comedy
96731,Thriller
21831,Documentary
15617,Horror
29550,Documentary
3282,Adventure
94572,Thriller
38928,Animation
39605,Music
48346,Romance
64878,Adventure
49958,Crime
85259,History
5547,History
94890,Fantasy
31687,Mystery
6275,History
12241,Documentary
12322,Horror
81374,Comedy
33427,Romance
61116,Thriller
27884,Adventure
34352,History
67426,Animation
19270,Drama
16340,Drama
67422,Action
61116,Family
61463,Action
20404,Family
92598,Romance
84791,Romance
72272,Adventure
82030,Family
10672,Western
98432,History
75590,Drama
31219,Mystery
98999,Science Fiction
49845,Horror
45294,Romance
51576,Horror
36670,Adventure
7215,Adventure
12041,Music
92736,Science Fiction
54609,Thriller
78215,Romance
40090,TV Movie
72923,Family
17197,Thriller
34970,Crime
22082,Music
20612,Documentary
68980,War
81153,Crime
78595,Documentary
98562,Fantasy
67169,Science Fiction
25937,History
45533,Thriller
57236,Western
49652,Music
12758,Fantasy
83939,Science Fiction
78595,Romance
81491,Action
74622,Thriller
10079,Action
58612,Mystery
84791,Family
5212,Mystery
50987,TV Movie
46390,Adventure
27681,Mystery
7936,War
59754,Animation
42482,Mystery
85550,Western
86716,Mystery
73123,Western
7420,Comedy
81655,Western
71562,War
68382,Documentary
29824,Western
5147,Comedy
58525,Comedy
77268,Drama
72785,Drama
80196,TV Movie
20066,TV Movie
2888,Crime
47659,Science Fiction
29737,Comedy
17470,Mystery
51017,Western
2137,Drama
20314,Music
80249,Fantasy
77139,Thriller
55002,Adventure
38207,TV Movie
11348,Drama
99531,War
5816,Drama
93636,Action
43605,Animation
98761,Horror
93457,Science Fiction
5719,Animation
94880,Mystery
10917,Comedy
87674,Family
2038,Comedy
38744,War
58950,Drama
24654,Horror
55266,Comedy
80516,Mystery
28827,Fantasy
87823,Fantasy
10094,Western
15586,Animation
34880,Music
15183,Horror
88202,Horror
36415,Thriller
52231,Romance
11932,TV Movie
88713,History
81650,Comedy
11906,History
56447,Music
70242,Fantasy
56795,Science Fiction
40654,Fantasy
19470,Drama
10094,Music
43021,Romance
67816,TV Movie
4879,Western
21764,Animation
30104,Horror
72791,Western
50232,Family
40506,Family
43929,Animation
15771,History
19861,Mystery
53324,Fantasy
80634,Documentary
38628,Science Fiction
37677,TV Movie
33916,Crime
12041,Mystery
97224,Western
61324,Adventure
12819,Documentary
732,Action
3147,Science Fiction
25781,Science Fiction
92213,Romance
67854,Drama
54497,Crime
95356,TV Movie
76268,Thriller
25098,Horror
4180,Science Fiction
64098,TV Movie
60233,Animation
63382,Documentary
44575,Mystery
59597,Action
10145,Romance
5254,Adventure
14107,Adventure
73735,Science Fiction
27642,War
20455,Fantasy
20470,Animation
33464,Comedy
69842,Science Fiction
27480,Crime
23637,Crime
98787,History
78157,TV Movie
61493,Music
4799,Romance
88365,Horror
8776,Western
9036,Documentary
37901,History
9930,Animation
68863,Science Fiction
78904,Horror
6909,Adventure
29300,Documentary
36558,Thriller
9414,War
53684,Comedy
72427,Fantasy
91403,History
48825,Adventure
72324,Horror
7894,Horror
37640,Horror
89303,Action
77445,Romance
87794,Action
9036,Fantasy
66526,Action
37902,Comedy
77642,Action
87565,Western
23364,History
36297,Science Fiction
31009,Comedy
21528,Romance
86518,Crime
36902,Science Fiction
95100,Science Fiction
67793,TV Movie
40253,TV Movie
61295,Comedy
6085,Fantasy
90726,Action
45058,Crime
32692,Fantasy
9287,Crime
52181,Comedy
62343,TV Movie
40155,Adventure
83035,TV Movie
36997,War
13077,Adventure
41775,TV Movie
56934,Action
11292,TV Movie
42743,Animation
7857,Science Fiction
54993,Horror
34241,History
69586,Thriller
88328,Comedy
98787,Thriller
15437,Comedy
35701,Western
37897,Action
1276,Romance
51370,Horror
21059,Drama
13461,Thriller
32020,Comedy
10563,History
14871,Thriller
10145,Comedy
5039,Western
32388,War
38544,Thriller
15468,Documentary
81661,Drama
47931,Documentary
14707,Music
56151,Fantasy
84507,War
66434,Adventure
84950,Thriller
49236,Action
42405,Fantasy
47985,Documentary
87549,Adventure
85837,Documentary
41542,Fantasy
74540,Animation
51627,TV Movie
12322,Science Fiction
78595,Music
21998,Family
69624,Documentary
62343,Animation
83749,Comedy
42999,History
5866,Romance
54079,Science Fiction
61884,Drama
67169,Drama
21277,Family
48969,History
574,Western
45371,Western
28567,Adventure
76944,Science Fiction
29166,Action
99032,History
96501,Documentary
40790,Mystery
51141,History
89331,Music
91351,Documentary
34971,Documentary
17418,Action
8011,Music
17442,History
33878,Romance
42456,Science Fiction
42575,Comedy
34971,Action
99547,Family
43945,Animation
55865,Romance
21712,Thriller
966,Adventure
29568,Science Fiction
90650,Documentary
68945,Crime
86335,Romance
76900,Western
90416,Fantasy
97693,Family
42298,Animation
49505,War
60360,Family
59333,TV Movie
97836,Science Fiction
96556,Science Fiction
68886,TV Movie
59959,Action
85988,History
34050,Western
75707,Crime
3409,War
2644,Animation
28338,Comedy
57236,Comedy
69689,Horror
86458,Fantasy
29935,Action
12041,TV Movie
78432,Fantasy
74571,Horror
95420,Documentary
35988,Thriller
80731,Music
15122,Family
47804,TV Movie
66955,Crime
14530,Action
31168,Thriller
15932,Family
97619,History
95661,War
35021,Science Fiction
89024,Mystery
83191,History
65103,Fantasy
12791,Mystery
21274,Animation
34553,Animation
78211,Action
43412,Adventure
19118,Horror
4295,Romance
92983,History
41079,Drama
88375,Action
13664,Drama
92049,Science Fiction
24363,Horror
9901,Documentary
35714,Drama
79079,Drama
32034,Action
33595,History
14048,Science Fiction
74175,Family
29511,Western
7215,Animation
12576,Science Fiction
62853,Comedy
86944,Documentary
69027,History
50818,War
44956,TV Movie
79981,War
30076,Documentary
44762,Western
41091,Thriller
15932,War
61116,Mystery
86272,Drama
90043,Music
21879,Adventure
35940,Music
84864,Music
48136,Comedy
87091,Comedy
86849,War
98875,TV Movie
42135,Romance
47727,Thriller
21942,Thriller
4046,Animation
75255,Documentary
51254,Mystery
19901,Fantasy
62059,Fantasy
44335,Family
89746,Thriller
51719,TV Movie
28275,TV Movie
81285,Western
51609,TV Movie
78460,Romance
9772,Romance
95261,Romance
41849,Romance
95595,Music
38084,Documentary
5319,Mystery
71156,TV Movie
61602,Fantasy
33832,Adventure
26451,Animation
87549,History
39511,Adventure
67699,History
13794,Family
59665,Thriller
45768,Action
71366,Documentary
6499,Drama
61549,Science Fiction
1847,War
44518,Fantasy
37646,Family
43959,History
30377,Comedy
92515,Family
32731,Action
89774,Family
30202,Music
49308,Science Fiction
73864,Mystery
63631,TV Movie
30504,War
75972,Action
67710,Thriller
60855,TV Movie
50974,Crime
38207,History
97971,Documentary
34056,Music
28580,History
25539,Thriller
81021,Adventure
57996,Western
43897,Documentary
43949,Mystery
85550,Fantasy
80929,Music
53952,War
30977,Family
97783,War
21604,Adventure
12446,Family
35924,History
55859,Fantasy
77106,War
55109,Family
40161,Western
81794,Animation
32214,Fantasy
58072,Mystery
5006,Fantasy
6764,Music
18832,Mystery
10999,Family
68515,Science Fiction
81340,Mystery
14824,Mystery
6266,Thriller
80664,Science Fiction
21953,Western
58462,Animation
7805,Romance
61884,History
68342,Thriller
12174,Family
26200,War
31086,Music
13755,Thriller
66526,Horror
50652,Fantasy
99476,Science Fiction
2813,Fantasy
76243,Music
66955,Horror
31323,Thriller
88620,Documentary
76451,Family
93274,History
40161,Science Fiction
5006,Comedy
57591,War
24738,Horror
3099,Fantasy
31340,Fantasy
67896,Family
16076,Animation
79825,War
24357,Romance
685,Animation
2137,Thriller
17178,Comedy
58263,War
29923,Science Fiction
66224,Western
54582,Documentary
96380,Science Fiction
73416,Drama
2439,Music
86604,TV Movie
8032,Fantasy
68462,Crime
15744,Horror
89494,Adventure
41068,TV Movie
94823,Comedy
19095,Crime
45982,Drama
12398,Documentary
57964,History
62375,Romance
90043,Family
39656,Romance
67896,Romance
69748,Animation
58327,Action
69575,Fantasy
80737,Fantasy
51923,Adventure
71940,TV Movie
68462,Family
187,Documentary
40161,Mystery
32610,Action
43237,Western
4295,Science Fiction
73513,Action
17047,History
18309,Action
75811,Music
65574,Horror
65861,Thriller
80288,Comedy
97756,Drama
35223,Music
36753,Mystery
86458,Crime
48346,Documentary
22682,Adventure
35000,Drama
78776,Romance
5528,Romance
79646,History
91843,Comedy
8614,Animation
80590,Romance
2312,Documentary
71382,Science Fiction
54346,Family
76909,Crime
62437,Animation
71056,Animation
3833,Mystery
93558,Adventure
97294,Action
85876,Music
86600,Family
63106,Western
93701,Fantasy
69061,Romance
80891,War
51627,History
50539,Fantasy
52686,Documentary
80737,Action
1580,Crime
35281,History
63843,Mystery
87823,Comedy
11063,Action
57944,Adventure
12358,Comedy
22227,Thriller
24980,History
53011,Music
50495,Adventure
98875,TV Movie
26572,Romance
8409,Science Fiction
95365,Mystery
3680,Fantasy
67116,Adventure
91693,Western
67592,TV Movie
5703,Horror
79593,Music
83786,Action
26572,Adventure
16801,TV Movie
91714,Adventure
85125,Western
23221,History
30504,Western
76571,History
35302,TV Movie
77106,Mystery
14035,TV Movie
69801,War
52956,Family
48056,War
49603,Mystery
70373,Drama
73037,War
99074,Documentary
64158,Fantasy
82940,Documentary
92312,War
11517,Thriller
42085,Music
13409,Animation
76635,Crime
38412,Drama
39427,History
11156,History
80915,Western
4004,Comedy
773,History
5409,War
39738,Animation
42464,Animation
32022,Crime
89853,TV Movie
73468,Mystery
58089,Horror
75228,Mystery
73916,Western
19140,Documentary
58991,Mystery
24096,Comedy
4549,Crime
71205,Western
68685,Crime
72188,Romance
50925,Comedy
79768,Music
29375,Documentary
55730,Western
57346,History
1276,Action
10079,TV Movie
77767,Comedy
43420,Fantasy
50844,War
83407,Thriller
92100,Science Fiction
68390,Western
47670,Drama
22683,War
9475,Documentary
87277,Western
45799,Music
30363,Animation
68605,Action
47100,Crime
86852,Action
43923,Family
82427,Drama
21953,Science Fiction
25047,Horror
63440,War
11932,Romance
9800,Fantasy
80379,Crime
8011,Comedy
46020,Music
72237,Action
36174,Mystery
82222,Action
85499,Animation
52705,Family
31599,War
73995,TV Movie
36885,TV Movie
53248,Adventure
47820,Thriller
29832,History
87794,Drama
32664,History
73323,Western
88824,Fantasy
69801,Thriller
29699,Fantasy
42656,Fantasy
51569,Crime
8700,Drama
31599,Horror
68532,Family
19763,Romance
52846,Adventure
44551,History
42333,TV Movie
77268,TV Movie
77106,Western
44574,Horror
86269,Documentary
49022,Documentary
17754,Drama
36789,TV Movie
93527,Mystery
28053,Animation
70777,Fantasy
80984,Animation
13755,Documentary
87267,Thriller
16830,Animation
7234,Adventure
36172,Music
36571,Documentary
60777,History
51068,Horror
20141,TV Movie
35199,TV Movie
24149,War
8922,Fantasy
98946,Western
57850,Adventure
23077,Action
82552,TV Movie
88882,War
72512,Animation
95764,Action
16444,Documentary
43549,Western
31019,Western
81178,Horror
50313,Family
65092,Crime
91182,Fantasy
67422,Science Fiction
52503,Romance
53341,Comedy
24363,Family
53321,Thriller
22812,Adventure
57880,TV Movie
99032,History
81130,Adventure
77329,Horror
33307,History
56280,Western
64195,Romance
68953,Horror
63199,Fantasy
60938,Drama
58658,Science Fiction
56874,Thriller
68551,Animation
29550,Science Fiction
58206,Romance
44532,Family
87994,Comedy
27767,History
56224,Adventure
48640,Romance
38049,Family
53684,History
68532,War
60847,Science Fiction
36997,Crime
46876,Mystery
25440,War
40546,Adventure
88633,Mystery
38961,Romance
36881,History
31520,Comedy
82858,Science Fiction
86272,Family
93527,Science Fiction
43677,Romance
81454,Fantasy
49041,Animation
53627,Science Fiction
53733,Thriller
81756,TV Movie
58991,Comedy
28244,Horror
77797,Family
35230,Animation
32707,Western
35255,Romance
42783,Fantasy
77791,Animation
12473,Comedy
51702,Comedy
69515,Horror
68223,Western
26939,TV Movie
53659,Thriller
51832,History
98387,Thriller
49236,TV Movie
51352,Documentary
86535,Drama
61608,Romance
23637,Horror
43604,Music
39656,Romance
58658,Crime
34666,Crime
91081,Science Fiction
14831,Action
68838,Fantasy
38412,Animation
50347,Comedy
15465,TV Movie
69551,Drama
45832,Romance
53378,TV Movie
83900,War
66540,TV Movie
69033,TV Movie
99304,Adventure
65583,History
23760,Drama
46351,Science Fiction
59792,Fantasy
18285,Drama
18785,TV Movie
99487,Animation
80737,Thriller
58014,Family
13176,Adventure
11850,Animation
12989,Family
8214,Adventure
83717,Western
2498,Thriller
64496,Crime
1838,Thriller
13298,History
84575,Fantasy
6943,Documentary
71789,Horror
97629,Adventure
12657,Music
75590,Music
31901,TV Movie
33180,Music
71690,War
65589,Mystery
65457,Science Fiction
78936,TV Movie
2549,Comedy
28689,Music
88480,Thriller
51370,Action
80682,War
33878,TV Movie
2280,Action
36203,History
72162,Western
30227,TV Movie
83414,Romance
45168,Adventure
32202,Documentary
51277,Crime
48650,Music
12633,Comedy
73006,Comedy
19140,Crime
44707,Drama
44244,Documentary
69609,Mystery
12904,Comedy
76223,Mystery
22875,Comedy
15617,History
32034,Action
44303,Family
85580,Drama
58256,Crime
29054,Animation
15187,Science Fiction
6082,Thriller
27119,Mystery
856,Science Fiction
24351,Western
82885,Romance
22253,Mystery
68532,Music
77540,Fantasy
24067,Animation
57992,Horror
72997,History
63221,Action
88852,Thriller
98542,Mystery
47074,Romance
15560,Action
78559,Adventure
86054,Adventure
78045,Drama
47881,Fantasy
87030,Comedy
18392,Adventure
11502,Western
35302,Crime
38054,Fantasy
92049,Mystery
26190,Music
22989,Western
74949,Fantasy
70868,History
66307,Western
3409,History
85237,Music
24401,Romance
52386,Family
64308,TV Movie
67376,Thriller
72339,Comedy
59063,Documentary
25489,Music
34235,War
17190,Drama
85618,Crime
90588,History
67588,Documentary
86912,Romance
56848,Documentary
91351,Romance
10865,Music
72610,Music
95167,Family
28372,History
60123,TV Movie
25959,Family
35255,Fantasy
47881,Mystery
80081,Thriller
90568,Western
64765,Thriller
54438,Drama
3409,Action
2991,Romance
23494,Thriller
83781,Mystery
66890,Adventure
18554,Romance
75811,Action
53972,Crime
71895,Drama
77623,Western
6334,Romance
50427,Romance
85592,Science Fiction
54248,Crime
37030,Crime
6171,Adventure
2640,War
79474,Fantasy
12647,History
45846,War
57992,Comedy
45244,Family
69586,War
25768,Thriller
43510,TV Movie
53924,War
13443,Drama
1023,Action
81950,Action
9032,War
33267,Comedy
74154,Comedy
43867,Documentary
78650,Animation
50364,Documentary
84745,Mystery
44918,Drama
77944,Comedy
76243,Action
365,Documentary
5269,Crime
14831,Mystery
67723,Western
57568,Comedy
61721,Documentary
74616,Mystery
94113,Crime
18512,Mystery
99155,History
93527,Animation
62664,Mystery
98271,Music
94436,Comedy
74114,History
63210,Animation
90990,Thriller
54540,Fantasy
49138,Action
60123,War
86666,Fantasy
29165,Fantasy
74258,Adventure
45823,Western
63440,TV Movie
56391,Animation
40202,TV Movie
99571,Mystery
27119,Animation
66394,History
50364,War
78760,Documentary
38596,Documentary
54885,War
62224,Documentary
25009,Documentary
29443,Mystery
86654,Romance
49468,Drama
60847,Mystery
11850,Science Fiction
64452,Music
45786,Action
97543,Animation
46670,War
94416,Family
77734,Adventure
53325,Comedy
21953,War
4251,Mystery
60059,Science Fiction
1355,Adventure
65765,History
38709,Adventure
16420,Music
21687,Crime
41040,Music
33684,Action
39437,Adventure
37129,TV Movie
76910,Adventure
43212,TV Movie
46020,TV Movie
26513,Documentary
70434,Mystery
5138,Music
29671,History
27489,Crime
14707,Family
9293,Documentary
57634,Crime
7533,Documentary
96584,Thriller
30104,Documentary
42405,Thriller
93969,Crime
70822,Thriller
17255,Thriller
68889,Mystery
43373,Drama
55948,Documentary
99041,Romance
5370,TV Movie
62362,Animation
11070,Fantasy
18315,Science Fiction
52503,War
78361,History
73516,History
83749,Animation
60515,Action
71801,Animation
67078,Crime
28567,Drama
84950,Animation
16416,Comedy
40713,Thriller
45737,Animation
79377,Comedy
89364,Adventure
16322,Romance
77535,Crime
52796,Adventure
41787,Science Fiction
40146,Horror
27642,History
77734,Action
90655,Western
56746,Romance
62227,Romance
23826,Action
25710,Fantasy
43405,Thriller
6082,Romance
50136,Mystery
28908,Mystery
38597,Documentary
81248,Drama
37720,Adventure
91130,Family
59731,Documentary
24599,Animation
38473,War
13461,War
7244,Documentary
54695,Horror
62153,Animation
35223,TV Movie
4610,Crime
51230,Adventure
92049,Science Fiction
672,TV Movie
15187,Drama
85983,TV Movie
12770,Comedy
78973,TV Movie
97528,Thriller
92155,Adventure
44532,TV Movie
1514,Comedy
25980,Drama
21390,War
84857,Documentary
80990,War
10563,Drama
6334,Adventure
26008,Western
44139,Fantasy
9772,Comedy
73626,Romance
19938,Crime
14031,Drama
25236,Family
98744,Science Fiction
37720,Western
33498,Horror
67804,TV Movie
78460,War
66236,Romance
73626,Documentary
85080,TV Movie
80863,War
54167,Action
36782,Family
80731,Action
9442,Action
21552,Western
71146,History
45371,War
28237,Music
11750,Thriller
50152,Action
39521,Family
26359,History
31624,History
59665,War
40393,Fantasy
72392,Adventure
34069,Animation
83684,Adventure
49584,Documentary
68838,Music
76804,Western
50606,Science Fiction
33351,Western
20612,Music
38544,War
751,TV Movie
75489,Adventure
83414,Horror
1502,Music
8720,Crime
40618,Documentary
37085,Horror
87481,History
2583,Comedy
66890,Fantasy
9269,Music
33311,History
71268,Romance
14645,Crime
6659,Action
13378,Crime
50375,TV Movie
60056,Crime
39008,Crime
95601,War
48185,Documentary
92496,War
47672,History
34069,Science Fiction
16223,Horror
43556,Western
75399,Mystery
75804,Animation
69179,TV Movie
78005,Drama
91223,Music
12791,Science Fiction
12142,Family
93069,Thriller
23964,Action
5738,Family
54044,Romance
94042,History
98914,Western
9009,Family
30600,Western
92823,Comedy
71056,History
62294,Animation
877,Comedy
48273,TV Movie
5446,Comedy
9393,Mystery
90865,Thriller
52018,TV Movie
76567,Thriller
17062,Documentary
98562,Animation
25009,Comedy
27480,Family
47246,Fantasy
68980,Action
60777,Mystery
20843,Adventure
2140,History
49468,Western
56617,Thriller
64893,Mystery
9414,Romance
21277,Horror
84864,History
2614,Drama
10379,History
78154,Action
86336,Romance
85274,Animation
6331,Mystery
83793,Adventure
46702,Thriller
35083,Animation
40404,Science Fiction
1649,Family
98380,Documentary
13795,Fantasy
32818,Horror
43313,Adventure
29923,Fantasy
5771,War
72150,Western
34125,War
11932,Crime
30427,War
30533,Music
70066,Comedy
48425,Science Fiction
14461,Horror
40028,Western
53924,Crime
85252,Documentary
30268,Mystery
9201,History
76371,Romance
38412,Comedy
17264,Music
99752,Science Fiction
45786,History
11954,Horror
45349,Fantasy
47670,Horror
13679,Adventure
90054,Mystery
58853,Family
75972,Family
6421,Action
12473,Documentary
76934,Mystery
75915,Fantasy
23826,Documentary
6824,Science Fiction
80737,TV Movie
58256,Comedy
30977,Thriller
22631,Fantasy
75175,Music
41678,Western
62411,Music
95261,Documentary
90767,Music
93278,Fantasy
73553,Crime
3147,Animation
43442,Adventure
73260,Family
93881,History
9287,Science Fiction
98821,Fantasy
43945,History
90623,Horror
8625,Fantasy
48243,Romance
36615,Crime
30046,Fantasy
60928,Comedy
33726,Adventure
87493,Western
27334,Action
54961,Action
2359,Music
74676,Horror
76063,Action
44897,Romance
98503,Horror
16622,Drama
49053,Adventure
78548,Science Fiction
72512,Family
591,Science Fiction
48817,Family
72945,History
18688,Western
18512,Animation
25126,Romance
45322,Fantasy
22323,Fantasy
44529,Documentary
81445,TV Movie
46588,Horror
91577,Family
90767,Music
68431,History
18975,Comedy
76314,TV Movie
62309,Documentary
85702,Fantasy
71449,Crime
44574,Documentary
55629,Thriller
6791,Thriller
35386,Mystery
70428,Thriller
81752,Romance
61985,Adventure
99088,Western
4799,Animation
70717,Adventure
86269,Adventure
27196,Drama
48434,Comedy
20281,Thriller
98768,Documentary
6191,Drama
80590,Documentary
84412,Fantasy
43373,Comedy
89782,Crime
78849,Western
49338,History
97624,War
88115,Science Fiction
38403,Action
51912,Crime
74154,Crime
19525,Family
74949,Science Fiction
9130,Thriller
32153,Western
88852,Mystery
10998,History
82572,Thriller
74761,Crime
32253,War
91442,Thriller
23520,Comedy
75811,Drama
95786,Crime
97277,Family
77118,Family
18309,Horror
97255,Fantasy
84652,Western
88882,Western
38544,Fantasy
99953,Thriller
49304,TV Movie
25562,Drama
31324,Animation
33214,Western
54096,Family
62411,Crime
84045,Documentary
7805,Adventure
90254,Western
52341,Mystery
57705,Documentary
12758,Documentary
43785,Adventure
85983,Crime
43533,Horror
6526,Horror
41230,Romance
97756,Mystery
6275,Family
38441,Science Fiction
32640,Music
36964,Animation
49794,Crime
56994,Documentary
81494,Adventure
25937,Family
42635,Crime
43799,Thriller
1580,Adventure
92100,Horror
9662,Comedy
80929,Horror
77054,Fantasy
32377,Documentary
52244,Adventure
61602,Science Fiction
5538,Crime
19950,Music
71881,Mystery
98744,Thriller
36175,Comedy
63382,History
23605,Action
4519,Horror
63642,TV Movie
74129,Horror
90381,Fantasy
51177,Adventure
91465,Drama
47939,Western
20461,War
46702,Drama
81340,Fantasy
43816,Music
85855,Animation
89790,TV Movie
18071,Drama
54558,Crime
47095,Drama
35895,Western
60475,Thriller
36098,TV Movie
89511,Western
36064,War
66236,Western
7195,Comedy
14015,Action
86978,Comedy
1154,Comedy
16622,Fantasy
5011,Family
32249,Adventure
26179,Documentary
55350,Horror
32684,Comedy
9201,Romance
9510,Fantasy
63382,Adventure
36047,Action
17197,Comedy
15714,Music
71831,Crime
61980,Fantasy
91518,Comedy
53940,TV Movie
2312,Adventure
89088,TV Movie
54079,TV Movie
39978,Horror
56048,Action
9662,Science Fiction
47463,Comedy
87547,War
10314,Thriller
64991,Drama
22730,War
5954,Mystery
16679,History
40751,Action
1145,Adventure
56060,Thriller
36670,Animation
31988,Thriller
56183,Music
67070,Music
50494,History
25214,Drama
34336,History
42019,War
63434,Documentary
52503,Drama
53239,Thriller
15609,Music
16260,Thriller
17195,War
27645,Romance
76314,Horror
65425,Adventure
62160,Action
10988,Horror
62012,Adventure
34971,TV Movie
83419,Animation
55266,Action
91441,Family
51369,Western
14878,Action
21372,Crime
4380,Action
20792,Horror
78331,Fantasy
64348,Crime
35234,Adventure
95303,Mystery
6943,War
59661,Music
43167,Romance
67724,Crime
65765,History
35043,Adventure
73877,Comedy
65765,Music
11350,Horror
78760,Comedy
33721,Horror
58327,Fantasy
80229,History
55948,Documentary
24010,Science Fiction
37129,History
62741,Documentary
51218,Action
53972,Comedy
5866,Romance
80229,Family
37085,Horror
1979,Science Fiction
55109,Western
36558,Family
9658,Mystery
87821,War
13586,Thriller
8269,Documentary
64452,Science Fiction
714,Mystery
38417,War
50479,Horror
45713,Mystery
73037,Action
54999,War
20274,Crime
37565,Documentary
97798,Action
69775,Drama
59365,Comedy
49845,Fantasy
27645,Science Fiction
66540,Documentary
83778,Thriller
45645,War
95065,Comedy
34445,Fantasy
99278,Romance
13198,Animation
63258,Action
44081,Horror
77415,Action
12758,Music
48185,Fantasy
51569,Crime
18794,Science Fiction
20314,War
41346,Fantasy
36405,Mystery
93558,Mystery
16622,Mystery
35670,History
86552,History
27427,Drama
70199,Crime
62696,Drama
56793,History
16420,History
92515,Mystery
11954,Science Fiction
23637,Documentary
92100,Music
13308,Western
59422,Horror
60847,Documentary
33088,Action
39328,Adventure
50984,Science Fiction
18696,Comedy
29061,Crime
65628,Science Fiction
45322,Horror
2748,History
80731,Thriller
81655,Adventure
58345,History
10806,Animation
65716,Western
1666,Crime
51909,Animation
51361,Family
67104,Crime
65766,Music
71690,Romance
1513,Drama
2883,Horror
15744,Family
49504,Crime
34373,Family
11114,Music
67793,Science Fiction
7262,Western
19024,TV Movie
77968,Romance
37931,Drama
82102,Family
91962,Drama
234,War
75491,Documentary
69705,Western
41747,Comedy
79287,Animation
75099,Thriller
71789,Western
7436,Science Fiction
88824,Documentary
65419,Music
74442,Western
22993,Documentary
9889,Horror
55109,History
75489,TV Movie
16183,War
34968,Romance
85748,Comedy
61295,Music
7131,Family
13077,Drama
6251,Fantasy
3409,Thriller
36203,History
41426,Animation
84924,Family
57443,Romance
20260,Drama
74731,TV Movie
90588,War
93149,Horror
78804,Documentary
45972,Romance
7215,Mystery
26889,Comedy
1979,Horror
2460,War
89303,Action
73735,Music
67834,War
32664,Drama
25391,Music
53584,Action
88187,Comedy
62307,War
80699,Science Fiction
40618,Animation
62675,Drama
77925,Documentary
40393,Science Fiction
22373,Science Fiction
54346,Documentary
31874,Family
57591,Family
31965,Action
8738,Mystery
30305,Mystery
42085,Horror
52341,Comedy
60475,Drama
31697,Music
77054,Mystery
79768,Music
90468,TV Movie
91441,Documentary
10739,Romance
69189,Western
75080,TV Movie
84950,Comedy
72192,Crime
1276,Fantasy
15367,Animation
34563,History
22730,Thriller
17754,Western
92464,History
36902,Music
74761,Drama
15290,War
68056,Western
4124,Science Fiction
78361,Drama
80067,Music
85975,Drama
61008,History
32282,History
24654,Crime
58089,War
86136,Fantasy
84114,TV Movie
2462,Drama
63698,History
14270,Crime
73712,Drama
83793,Crime
31168,Science Fiction
21390,Western
72348,History
50136,Family
249,Fantasy
9883,Horror
71685,Adventure
591,Animation
42019,Mystery
83647,Horror
27760,History
17209,Science Fiction
42370,Documentary
61596,Action
72988,Romance
39545,War
89746,Horror
60496,Family
26675,Animation
7226,Romance
3353,Adventure
47145,TV Movie
31182,Documentary
38403,Action
47533,Romance
61408,History
76546,Documentary
31324,Fantasy
10563,Drama
71243,Adventure
10399,Horror
19170,Romance
51068,Crime
47748,Fantasy
89689,Drama
88115,Romance
93172,TV Movie
87382,TV Movie
87453,Drama
22808,History
65084,Documentary
26929,Thriller
61639,Action
90653,Adventure
99032,Romance
53940,Comedy
13795,Fantasy
66394,Documentary
94819,Thriller
60579,Horror
10650,Comedy
70107,Fantasy
49835,TV Movie
62382,Animation
41967,Comedy
80051,Animation
83414,Mystery
13981,Western
54893,Action
54777,Documentary
42456,Animation
62437,Animation
27138,TV Movie
19095,History
45058,Thriller
13657,Drama
96151,Mystery
83191,Horror
78789,History
65573,Drama
24928,Documentary
1296,Action
51702,Thriller
32566,Music
38478,Comedy
66236,Animation
40751,Documentary
86819,TV Movie
76451,Mystery
63199,Fantasy
42370,Horror
61596,Mystery
28183,Western
74607,Animation
61892,Music
11507,Western
29270,Family
75049,Romance
56224,Fantasy
67116,Thriller
18315,Documentary
45686,Comedy
49433,Comedy
52231,Western
70822,Music
30533,Adventure
33181,Thriller
89702,Science Fiction
34207,History
84382,Animation
10318,Comedy
91029,Action
1670,Action
31898,War
72617,Comedy
8269,Science Fiction
61721,History
6499,Thriller
64630,Music
38473,Music
16078,TV Movie
13328,Crime
38412,TV Movie
97921,Thriller
36516,Science Fiction
3534,Mystery
43175,Family
53634,Adventure
6082,Family
51526,History
90493,Drama
96044,History
81661,Comedy
34654,Horror
97968,Fantasy
64576,Comedy
8763,Animation
82873,Horror
55030,Animation
54059,War
51923,Western
59365,Romance
33145,Horror
4393,Adventure
80335,Adventure
14866,Adventure
3037,History
20374,Science Fiction
83717,Music
36660,Horror
51572,Thriller
77154,War
27645,Romance
22576,Thriller
14048,Science Fiction
91130,Music
20100,TV Movie
66985,Documentary
59577,Adventure
90588,Adventure
46702,TV Movie
86889,Adventure
31046,Family
87493,Drama
65092,Action
18886,Comedy
20260,Horror
21831,Drama
41463,War
14324,Comedy
29578,Thriller
50636,Horror
23990,Horror
30135,Horror
76729,Science Fiction
40135,Romance
66434,Thriller
5424,Adventure
12989,War
73882,TV Movie
95893,Music
16830,History
48449,TV Movie
18392,Animation
15726,Family
72033,Adventure
36297,Action
76558,Romance
30119,Comedy
62059,Comedy
79548,Fantasy
20260,Animation
30538,Crime
91634,Action
70434,Western
79713,Action
43043,History
5000,Music
41091,History
65058,Adventure
18193,TV Movie
74655,Family
35460,Romance
5771,Science Fiction
31717,TV Movie
53673,Horror
15586,Music
14905,Adventure
2614,Comedy
94411,Animation
89689,Fantasy
84719,War
31620,Western
23221,Drama
31341,Comedy
80372,Documentary
62497,Western
19811,Action
45244,TV Movie
30653,Horror
68551,Comedy
54096,War
17772,Crime
8385,Documentary
36172,Adventure
16416,Music
29157,Fantasy
78331,Music
77791,Mystery
21468,Thriller
66811,Crime
75662,Mystery
85837,Mystery
40911,History
92068,Science Fiction
41747,Science Fiction
1563,War
4572,War
10508,Adventure
57992,Horror
59222,Mystery
55837,Horror
81643,Comedy
365,Science Fiction
43239,Horror
3054,War
96556,TV Movie
30600,History
15924,Music
91842,Mystery
64001,Fantasy
72638,Mystery
79825,Documentary
17683,Documentary
40241,Horror
73916,Western
81219,Horror
29317,History
30903,Science Fiction
8851,Mystery
52639,Family
15609,Crime
49504,Adventure
19938,TV Movie
35940,Mystery
73882,Western
25641,Fantasy
51832,Science Fiction
80067,Documentary
38372,Family
96556,Romance
10563,Crime
10999,Thriller
70239,Drama
8932,Fantasy
42214,TV Movie
41463,War
75656,Mystery
11063,War
23909,History
24982,Action
45451,War
29345,Western
46020,Adventure
65141,Comedy
68685,Horror
74089,Animation
2547,Fantasy
44046,History
86309,Adventure
98959,Drama
10091,Science Fiction
75936,Western
19049,History
28183,Romance
38619,Comedy
48781,Horror
30202,Animation
44467,Thriller
1053,Drama
45926,Horror
25391,War
41040,Romance
2883,Romance
6252,Documentary
13077,Fantasy
35083,Animation
6370,Thriller
38729,Music
96523,Comedy
50058,TV Movie
44532,History
50974,Drama
44707,History
14905,Drama
8700,War
61239,Fantasy
24096,War
73468,Thriller
20197,Horror
16333,Action
49794,Thriller
47590,Comedy
16702,Comedy
32578,Romance
89989,Fantasy
29671,Mystery
85702,TV Movie
38514,Action
96864,Animation
15824,Western
42370,Family
60952,War
83313,Documentary
23342,Documentary
87674,Crime
76944,Music
59577,Fantasy
16738,Fantasy
97875,Thriller
4788,Western
16260,Thriller
9551,TV Movie
41861,Music
365,Animation
81655,Romance
4610,Thriller
16138,TV Movie
18620,Music
29434,Adventure
36064,Family
32763,Music
91118,TV Movie
76940,Family
75640,TV Movie
28819,History
64462,Science Fiction
11946,Comedy
33427,Science Fiction
54582,Comedy
58345,Horror
32544,Documentary
755,Comedy
44683,Fantasy
18105,Fantasy
53631,Animation
36175,Crime
34435,Science Fiction
75092,Fantasy
70717,Adventure
64496,Animation
37575,Music
46685,TV Movie
3711,Crime
29550,History
32214,Science Fiction
46650,Romance
80748,Romance
28947,Mystery
81569,TV Movie
37317,Family
74664,Family
21712,Thriller
2066,Thriller
37278,Animation
58072,Action
77838,Thriller
24968,TV Movie
78715,Thriller
30530,Adventure
92094,Romance
33998,Drama
24140,Western
53553,Action
24888,Thriller
11350,History
39697,Documentary
8932,Drama
9853,Documentary
8135,Crime
80653,Adventure
64573,War
27767,Thriller
79021,Drama
9393,Western
72476,Drama
25009,Drama
12030,TV Movie
71510,Music
20273,Science Fiction
44518,Science Fiction
82151,Horror
54428,Adventure
73712,Animation
42669,Western
5041,Science Fiction
96584,TV Movie
73042,Action
19342,Science Fiction
75466,Music
60056,Drama
16333,Drama
22631,Horror
57992,Horror
41426,Thriller
26179,Animation
82645,TV Movie
90043,Crime
31536,Adventure
26666,Drama
19095,History
52843,Crime
64538,Science Fiction
72706,Music
11292,History
45487,Thriller
86031,Horror
50896,Family
95100,Science Fiction
23221,Adventure
59959,Thriller
30268,Documentary
82673,Mystery
2630,Family
70256,Horror
65419,Science Fiction
77078,Mystery
47727,War
91029,War
24010,Thriller
91465,Mystery
85746,Animation
52688,Drama
68605,Music
49835,Comedy
50288,Horror
75655,Romance
40993,War
68363,Drama
78215,Crime
45799,TV Movie
2888,Horror
82572,Animation
13198,TV Movie
19270,Horror
67169,History
61596,Adventure
1145,TV Movie
86756,Thriller
10923,History
51912,War
27537,Music
24735,Family
28594,Animation
26052,Animation
65765,Documentary
85702,Adventure
52115,Animation
56412,Thriller
57992,Fantasy
33253,Comedy
58014,Adventure
9760,Fantasy
99907,Romance
19812,Horror
82569,Adventure
27480,Adventure
32664,Crime
92983,Drama
20281,Comedy
4610,Romance
75491,Adventure
61008,Music
56220,History
99062,Action
47095,Western
75023,TV Movie
87970,Science Fiction
45058,Romance
10318,Fantasy
8069,Science Fiction
25449,Drama
2427,Comedy
40903,War
21604,Family
1670,TV Movie
5964,Science Fiction
62059,Science Fiction
19901,Thriller
61429,Adventure
64630,Music
25424,Animation
93069,Drama
23760,Documentary
70677,Romance
53553,Crime
73433,Comedy
10943,Science Fiction
88408,Drama
80371,Animation
27417,Mystery
43574,History
16183,Adventure
83552,Music
88408,Music
93012,Western
79904,Western
88824,Animation
59705,Documentary
90726,Adventure
53941,Mystery
39133,Fantasy
32684,Mystery
11275,Romance
44043,Western
86518,Horror
66970,Romance
52843,TV Movie
96492,History
35223,TV Movie
83939,Adventure
80590,TV Movie
62263,Romance
66371,War
57069,Documentary
94541,Drama
64035,Mystery
3756,Adventure
52341,Science Fiction
32763,Thriller
20379,Mystery
86535,Drama
70868,Action
29696,Animation
71109,War
78936,Drama
93069,Thriller
12447,Music
73053,TV Movie
69861,History
87420,TV Movie
99470,War
76767,Science Fiction
10508,Horror
57236,War
88838,Documentary
37931,Action
38365,Drama
20792,Music
61647,Comedy
91950,History
10314,Adventure
67003,Fantasy
95065,History
23290,Horror
60689,Romance
50479,Animation
29215,Action
93527,Drama
26889,Comedy
42135,Drama
62718,TV Movie
64489,History
48530,Science Fiction
3534,TV Movie
82572,Documentary
22611,Comedy
45111,Comedy
43021,Comedy
41259,Thriller
47904,Mystery
69748,Adventure
77691,Documentary
31687,Action
69586,Family
53634,TV Movie
29671,Comedy
20266,Crime
68103,Crime
63364,Science Fiction
47536,History
47536,Family
20273,Drama
74664,Music
29438,Horror
79192,Mystery
29317,Science Fiction
39362,Thriller
10923,War
36660,Family
80046,Documentary
33039,Horror
79474,Fantasy
34909,Crime
23470,Drama
10862,Science Fiction
20314,Comedy
18315,Western
72923,Mystery
97657,Action
99315,Action
34430,Romance
96593,Fantasy
28594,Music
43549,War
2627,Fantasy
23289,Family
89689,Romance
56608,Fantasy
55055,Adventure
4293,Action
1672,Mystery
16169,History
82474,Family
39941,Drama
31874,Music
47848,Thriller
60321,Music
58654,TV Movie
75984,History
36660,Music
29143,Horror
57850,Romance
61623,Mystery
54575,Adventure
21421,Drama
8851,Action
92823,Animation
7826,Music
29157,Crime
22986,Music
20005,Animation
42557,Crime
46772,Action
15924,TV Movie
73890,Fantasy
2229,History
56832,History
1418,Mystery
71302,TV Movie
96532,Comedy
36024,Romance
55588,Thriller
88330,Crime
92464,Mystery
73712,Animation
75670,Crime
98875,TV Movie
37614,Western
53378,Western
70693,Thriller
37260,War
33141,War
980,Family
64711,War
21169,Fantasy
33726,Western
80266,History
83191,Adventure
66056,Thriller
69611,Mystery
77734,Horror
36334,TV Movie
83779,Drama
96864,Animation
53925,TV Movie
44574,Western
59048,TV Movie
81423,Adventure
66985,Romance
10112,History
28237,Western
27329,Horror
26675,War
13939,Horror
24695,Fantasy
97515,Western
91714,History
13619,Animation
33832,Animation
49487,Family
66919,Documentary
39008,Action
31520,Documentary
3756,Adventure
47267,Western
374,Drama
49958,Horror
23342,Horror
38572,Comedy
63061,TV Movie
94310,Crime
12647,Drama
6499,TV Movie
62383,Science Fiction
38304,Crime
43945,Action
83119,Fantasy
8932,Crime
79319,Documentary
2398,Animation
99752,Documentary
90199,Family
52181,Documentary
31697,TV Movie
23909,TV Movie
29443,Animation
84303,Thriller
73664,Documentary
36174,Documentary
42557,Western
77929,Science Fiction
53538,Western
42456,Adventure
49022,Family
56299,Drama
63440,Family
19170,Mystery
31472,Science Fiction
13826,Music
76804,Science Fiction
65282,Romance
20304,Drama
41346,Thriller
34069,Crime
68114,History
92800,Western
6292,War
58429,History
59365,Adventure
7416,Documentary
95261,Animation
79271,Western
49005,Crime
66223,Drama
53684,Drama
87054,History
24094,Action
74496,Horror
46020,Drama
96165,Documentary
95943,Documentary
37924,Mystery
39047,TV Movie
92116,Mystery
41294,Adventure
93162,Western
4046,Western
89804,Western
28422,War
95746,Documentary
73006,Adventure
13234,Western
50375,Documentary
70200,Science Fiction
48340,TV Movie
26879,Animation
18865,Horror
25003,Family
13539,War
41771,Thriller
55128,Western
19552,Western
89465,Thriller
59345,Comedy
71570,Drama
37982,Crime
10998,TV Movie
49845,Documentary
1053,Romance
31965,Adventure
90588,War
28063,War
81794,Mystery
50911,War
22620,Thriller
93069,Mystery
51649,Music
60689,Animation
62805,Drama
51230,Action
83647,Crime
95065,Action
30504,Comedy
99476,Action
21274,Mystery
16260,Romance
72945,Science Fiction
78937,Thriller
34333,Music
36964,Drama
11504,Western
32063,Animation
23437,War
85014,Comedy
38544,Animation
32610,Music
63517,Music
95661,Thriller
14048,Documentary
47100,Science Fiction
68198,Adventure
29088,Family
51848,Romance
65586,Crime
76909,Animation
77753,History
4251,Drama
94572,Horror
58302,Science Fiction
86526,Adventure
30279,Crime
46702,Horror
57880,Family
45992,Mystery
84802,Horror
49822,Thriller
69689,Science Fiction
53547,Action
78849,Western
65518,TV Movie
40713,Western
11954,Mystery
65573,Comedy
62153,Horror
80516,War
77939,War
63600,History
96523,Thriller
1580,Mystery
81491,Romance
16966,Drama
64226,History
78166,Animation
33307,Adventure
78392,Western
65140,Drama
26227,TV Movie
33427,Animation
83035,Adventure
41379,Documentary
57069,Romance
11007,Drama
81914,Adventure
21778,Horror
78595,Animation
29541,Fantasy
93969,Family
80067,Horror
14031,War
87994,Action
73249,Science Fiction
42019,Comedy
59754,Comedy
10037,History
86136,Horror
80806,War
34082,Science Fiction
53960,Animation
32333,Drama
81021,Drama
8011,Thriller
25984,TV Movie
16830,TV Movie
65790,Family
93379,Animation
34109,Science Fiction
93982,Action
7215,History
53584,Adventure
34686,Drama
82222,Romance
18727,TV Movie
69033,Science Fiction
52846,Drama
64878,Mystery
50440,History
27070,Fantasy
46908,Fantasy
36753,Documentary
1143,Music
14878,Romance
59137,Drama
54807,Family
81454,Family
81706,Family
20612,Adventure
97873,Romance
52639,History
73712,War
23452,War
53553,War
92617,TV Movie
38532,Crime
80293,Crime
92736,History
25781,Thriller
56796,Mystery
25489,Thriller
27119,War
34199,Mystery
18452,Thriller
12142,Science Fiction
26817,TV Movie
46382,History
4549,Mystery
88408,Horror
80372,Animation
45982,History
55629,Horror
76786,Documentary
53566,Action
43092,Documentary
53292,Crime
95879,Drama
97294,Music
94315,Music
69689,Drama
22831,Adventure
48449,Action
47970,War
95166,Music
3833,Drama
9468,Western
40554,Animation
24096,History
64573,Horror
53321,Crime
80546,Adventure
61144,Family
91081,Romance
58654,Family
11114,Documentary
28183,Action
93811,Action
38586,Family
53846,Horror
1159,War
49505,History
24982,Music
68980,TV Movie
13522,Crime
38423,TV Movie
97624,Music
41367,Documentary
63732,Crime
77540,Action
78789,Western
29376,History
42645,Romance
57977,Animation
3991,Documentary
4879,Crime
41856,Thriller
16803,War
16702,Music
41346,Crime
22899,Fantasy
41259,Music
28580,Fantasy
79639,Animation
2762,Action
50539,Science Fiction
47804,History
42797,Romance
76909,Drama
18859,Comedy
93448,Crime
81153,TV Movie
88486,Animation
1650,Thriller
80490,Mystery
46155,Documentary
58429,Crime
89089,TV Movie
33983,Horror
60928,Thriller
29737,Crime
59063,Documentary
97124,History
81278,Action
85876,History
86526,Thriller
92116,Animation
21277,Adventure
62696,Thriller
59200,Comedy
9551,Adventure
51009,Crime
58429,History
76792,Action
83838,Action
79406,Comedy
13176,Drama
50679,Romance
70869,Romance
54885,War
39897,Adventure
84838,Action
904,TV Movie
3130,War
95104,TV Movie
98602,Documentary
61408,History
85012,Adventure
44091,Drama
39897,Thriller
94528,Animation
19270,Music
80808,Adventure
13651,Drama
67422,Thriller
62383,Western
96501,Music
24414,Fantasy
95655,Romance
27400,Adventure
53627,Comedy
39188,Western
52325,TV Movie
24982,Thriller
2547,Adventure
14107,Thriller
40241,Western
8356,Family
77820,Documentary
24459,Music
59137,War
98562,Adventure
54680,Western
65518,History
45144,Animation
9658,Music
53673,TV Movie
93668,Music
87091,Family
37815,Crime
33571,Horror
70434,History
20703,Animation
39697,Fantasy
43237,Music
67376,Documentary
37272,Western
38619,TV Movie
73890,Romance
19726,Comedy
675,War
12857,History
7958,War
37815,Music
88395,Western
61407,Family
38709,Action
56786,Romance
8868,Documentary
94427,Romance
13648,Adventure
69611,Fantasy
4551,Music
56183,Crime
83141,Adventure
97515,Western
63600,Drama
68474,Drama
45601,History
11241,Thriller
4321,Romance
39000,Horror
70693,Documentary
7527,Family
29061,Western
32560,Western
16183,Thriller
43604,War
93391,Music
10739,Fantasy
20872,TV Movie
69677,War
16801,TV Movie
63345,TV Movie
79096,Comedy
49005,Drama
57178,Action
32707,Action
53363,Family
58176,Family
33910,History
13651,Action
79079,Romance
78804,Romance
24738,History
55193,Western
31980,TV Movie
56391,Fantasy
47956,TV Movie
78849,Family
54115,Drama
22188,Horror
37902,Documentary
60831,Science Fiction
60889,Western
17209,Romance
82505,Science Fiction
1154,Documentary
42575,History
97124,Romance
43396,TV Movie
29480,Mystery
30214,Horror
50234,Animation
62907,Family
52887,Animation
98183,Adventure
6171,Romance
52797,Science Fiction
90393,Animation
41273,Action
64878,Science Fiction
89837,Adventure
51329,War
3185,Action
35796,Fantasy
97807,Animation
88529,Adventure
99179,Comedy
56746,TV Movie
39224,Action
52818,Fantasy
44926,Family
68551,Documentary
91629,War
95183,TV Movie
6641,Family
10149,Comedy
32566,Animation
4788,Science Fiction
10145,Documentary
87980,Action
57977,War
51766,Horror
64378,Animation
32958,Mystery
4743,Thriller
32063,War
69611,Romance
76792,Drama
214,Drama
1666,Romance
53325,Science Fiction
37646,Music
25449,Music
8011,Family
67426,TV Movie
97277,Fantasy
14470,Adventure
9800,Romance
87619,TV Movie
63379,Crime
5843,Crime
1160,War
23290,War
60737,Crime
37466,Horror
86336,Mystery
64158,Animation
40255,Thriller
41826,War
79406,Romance
45768,Music
11070,Romance
87794,War
35924,Adventure
28286,Drama
6791,Science Fiction
65790,History
82491,Science Fiction
90602,Thriller
4461,Horror
66372,Adventure
97578,TV Movie
91581,Comedy
60799,Fantasy
87082,Thriller
6591,Thriller
84605,Thriller
24695,TV Movie
73853,Family
84791,Science Fiction
58799,Action
7533,Western
96452,Science Fiction
54167,Fantasy
62926,Crime
19404,TV Movie
7391,Mystery
42999,TV Movie
92049,Horror
83424,Mystery
94745,Documentary
46491,Thriller
17190,Crime
59959,Thriller
89702,Action
78432,Crime
1672,Crime
4572,Drama
97921,TV Movie
97124,War
82472,Documentary
61268,Adventure
29511,Mystery
19049,History
10672,Horror
40161,Adventure
16900,Family
61116,Western
86136,Thriller
90713,TV Movie
49135,History
53248,Crime
4978,Romance
21953,Western
21829,Comedy
68336,TV Movie
43395,Science Fiction
773,Fantasy
50375,Animation
59492,Fantasy
49041,War
66158,Comedy
80379,Western
30015,Comedy
39978,Fantasy
10563,Action
18744,Action
58161,Western
94416,Animation
53941,History
64132,Music
4743,War
81505,Romance
79777,History
94416,History
46351,War
54609,Action
25047,Science Fiction
86687,Family
56396,Animation
68114,War
87035,Fantasy
49468,TV Movie
40993,Science Fiction
3886,Crime
97873,Mystery
9442,Drama
26481,TV Movie
74938,Drama
12030,TV Movie
86889,Mystery
29660,Thriller
86705,Fantasy
47361,Music
18741,Mystery
77312,Fantasy
74938,Crime
47229,Drama
49468,Action
13811,Comedy
11140,Comedy
79974,TV Movie
33039,Crime
8700,Comedy
49061,Documentary
66489,Animation
65858,Family
7212,Thriller
28567,War
39249,War
89065,Music
66236,Action
62383,Music
61039,Horror
95764,Mystery
55420,Animation
62224,Family
73006,Animation
78005,Thriller
57634,Mystery
45972,History
33464,Thriller
54558,Animation
31265,Mystery
61028,Documentary
35083,Romance
95105,History
70338,TV Movie
71681,War
79593,Mystery
64747,History
19745,Documentary
43440,History
66450,Crime
4004,Documentary
4461,Drama
67724,Horror
58612,TV Movie
72489,Music
94528,Music
6767,Crime
69087,TV Movie
27736,Documentary
42227,Fantasy
20907,Crime
8396,TV Movie
92892,War
17597,Western
73249,Music
29215,Adventure
78097,History
66049,Music
82505,Romance
74442,War
755,Western
4172,Documentary
61306,Crime
95338,TV Movie
62307,Romance
9393,Mystery
79896,Adventure
49562,Adventure
69083,Music
21638,Action
980,Western
11292,TV Movie
40554,Drama
25673,Drama
976,TV Movie
33998,Documentary
3389,War
30062,Action
7848,Action
21856,Romance
4179,Documentary
81976,Documentary
64061,Comedy
31444,Music
98591,War
60855,History
51909,Animation
53204,Animation
3534,Family
34654,Action
14652,War
75909,Science Fiction
80984,Thriller
26529,Horror
42829,Mystery
51649,History
10254,Mystery
12241,Thriller
42456,Action
2066,TV Movie
39916,TV Movie
19118,Animation
1979,Adventure
8700,Documentary
11859,Horror
80863,Animation
58130,Action
85080,Horror
64576,Mystery
6543,Crime
49680,War
26945,Science Fiction
63152,War
87885,Science Fiction
72638,Drama
70568,Thriller
71044,Family
27283,Mystery
54279,TV Movie
64219,History
4549,Romance
76431,Documentary
43574,Drama
5648,Documentary
95183,Thriller
50955,Family
65325,Music
81420,Comedy
61889,History
55251,Documentary
90533,Drama
5000,Family
52244,Animation
38372,Family
99635,Science Fiction
58072,Action
22808,Mystery
8935,War
52656,Science Fiction
78460,Drama
32610,Science Fiction
62411,Animation
39545,Romance
90254,Comedy
93133,Comedy
2457,Animation
18688,Crime
19671,Horror
99500,Family
61239,Adventure
30478,TV Movie
7548,History
10784,War
7415,Drama
29088,Crime
53073,Drama
47267,Documentary
29189,Action
88896,Horror
83019,Mystery
64878,Music
88852,Action
32692,Science Fiction
31691,Action
37284,Animation
96492,Science Fiction
89368,Fantasy
3266,Romance
2973,Family
73735,Comedy
47956,Documentary
23132,Action
59665,War
7315,Documentary
81494,Romance
43440,Horror
73042,Thriller
6591,Fantasy
38961,Drama
35517,Romance
27916,Thriller
47536,Family
86579,TV Movie
65766,Music
43505,Music
38191,Crime
6004,Crime
40678,Romance
22730,Documentary
70777,Drama
73875,Thriller
99278,Fantasy
14105,Mystery
2420,Fantasy
56796,TV Movie
47536,Comedy
37994,Adventure
12576,Mystery
39301,Mystery
28372,Western
52964,Music
64229,Comedy
90627,History
10998,TV Movie
35302,Western
60123,Family
55030,Documentary
10121,Comedy
40678,Drama
77535,Romance
5011,Mystery
13586,Crime
84017,Fantasy
48434,Animation
83939,TV Movie
80737,Science Fiction
69393,Thriller
7777,Documentary
65058,Animation
52181,War
88178,Crime
22989,Mystery
72791,Action
14884,Thriller
94890,Animation
92683,Western
72392,Music
35281,Family
34501,Family
35230,Science Fiction
28064,Horror
29270,Action
76261,TV Movie
53239,Romance
36098,Drama
99500,Documentary
9556,Comedy
68224,Family
20476,Western
71916,Animation
60689,Comedy
92683,Mystery
74385,Adventure
21699,Horror
88633,TV Movie
61574,History
74976,Science Fiction
12174,History
56805,Adventure
60467,Documentary
20266,Romance
87994,Adventure
72785,History
44762,Thriller
4295,Family
79287,TV Movie
38435,Romance
80699,History
62953,Mystery
96593,Action
47820,History
64329,Music
76748,Thriller
44366,Romance
97807,Crime
56606,Western
58983,Crime
88371,Science Fiction
57634,Mystery
44467,Thriller
99315,Action
566,Romance
73882,Comedy
20476,Fantasy
29286,Thriller
20197,Animation
49223,Mystery
10202,Music
79096,TV Movie
45972,Comedy
95825,War
25098,Animation
70338,Thriller
6764,Action
14015,Western
97124,Comedy
99267,Thriller
80006,Drama
81963,Adventure
64378,Music
96455,Crime
19903,TV Movie
53941,Family
89494,Family
3602,Mystery
77986,Romance
67592,Horror
32731,Documentary
85837,TV Movie
22698,Science Fiction
92819,TV Movie
45476,Mystery
7638,Music
7234,War
58799,War
2066,Romance
34817,Adventure
88486,Adventure
79981,Animation
69680,Family
97873,Horror
68934,Music
29345,Comedy
74167,Fantasy
53460,Thriller
53630,TV Movie
95893,Thriller
6863,Science Fiction
42135,Drama
54695,History
82823,Comedy
96253,Romance
75291,Romance
4745,Romance
55837,Romance
69842,War
20896,Science Fiction
37994,Western
605,Mystery
49936,Music
57561,Western
47087,Western
7462,Adventure
78650,Animation
30046,History
30331,Crime
11348,Music
62309,Drama
20100,Fantasy
67704,Adventure
72638,History
21998,Documentary
23637,Music
80521,Documentary
73160,Animation
76162,History
8050,Fantasy
16420,Crime
28917,Animation
61717,Crime
15662,Family
7717,Family
17062,Romance
32214,Thriller
79021,Horror
77594,TV Movie
7857,Documentary
37030,Horror
76162,History
28567,Fantasy
2420,Science Fiction
18953,TV Movie
65642,War
73249,Action
41426,Science Fiction
81655,Adventure
99179,Adventure
33699,History
67003,Science Fiction
87714,History
58255,TV Movie
8617,Mystery
29088,Horror
22373,Adventure
83778,Mystery
19340,Action
58950,Crime
40992,Drama
46559,Mystery
90640,Mystery
16801,Documentary
31717,Music
33265,Family
65699,Fantasy
33998,TV Movie
57069,Horror
58654,Horror
8932,Science Fiction
9222,Fantasy
28567,Animation
7826,Thriller
40135,Thriller
40202,Animation
73890,Western
21687,Fantasy
93564,Thriller
14652,War
23990,Science Fiction
56840,Action
44081,History
69271,Family
48312,History
13308,Adventure
91577,Western
6252,Romance
40751,Family
69515,Western
23637,Action
90860,TV Movie
34387,Science Fiction
76314,Crime
61596,Animation
30268,Thriller
54575,History
60474,Crime
94148,Horror
24863,Documentary
30978,Comedy
19811,Drama
48969,Western
93008,Drama
34387,Romance
60847,Thriller
33188,Thriller
4295,Mystery
62343,Action
33180,Adventure
23956,War
17290,Comedy
62307,Mystery
16051,Action
28063,Comedy
85618,Adventure
2794,Comedy
50495,TV Movie
19404,Comedy
21002,Fantasy
56534,Thriller
98358,Adventure
90393,Animation
34506,Science Fiction
18832,Drama
4467,Comedy
4572,Music
11417,Action
5719,Thriller
53189,Comedy
61549,Comedy
25781,Fantasy
88608,History
32689,Western
43405,Western
53378,Science Fiction
49304,Thriller
12927,Drama
36956,Animation
54625,Crime
45476,TV Movie
51218,Drama
84833,TV Movie
69469,Fantasy
10842,Action
52018,Animation
13420,Family
933,War
5866,War
40241,Western
72033,Drama
4332,Documentary
90937,Horror
53925,Crime
47105,Music
5443,Action
88365,Western
9883,Horror
44897,Science Fiction
75600,TV Movie
4321,Animation
31901,Horror
7942,Horror
93811,History
27122,Adventure
29376,Crime
64091,Family
33792,Mystery
99589,Science Fiction
66372,Adventure
41771,Music
52079,Family
72392,Western
43298,Action
74175,Family
25710,History
48425,Mystery
28406,Crime
94310,Fantasy
41273,History
60360,Romance
57810,Horror
95100,Romance
14931,Animation
7777,TV Movie
4978,Thriller
96546,Crime
39047,Drama
35236,Thriller
47533,Horror
61075,Music
85225,Adventure
89465,Western
93899,Crime
70184,Horror
51458,Western
80347,Drama
96058,Documentary
53107,Horror
23452,Romance
96758,Comedy
54540,Family
80984,Fantasy
38435,Adventure
58843,Horror
8050,Drama
11063,Comedy
80196,Romance
69680,Action
1449,Music
93457,Western
97921,Crime
17597,Family
26654,Horror
77734,Comedy
78432,Science Fiction
97798,Music
16966,History
34291,TV Movie
83097,Family
42669,Family
50136,Documentary
84584,Animation
97693,Family
80737,History
12006,Crime
23437,Horror
4293,Comedy
60397,Thriller
53461,Animation
18285,War
88189,Family
44575,Music
39916,TV Movie
42463,Romance
84114,TV Movie
5771,Comedy
87161,Action
20455,Action
78005,Science Fiction
76063,Animation
52503,Romance
13221,Fantasy
35302,Western
86666,Family
61268,Adventure
64814,Comedy
66310,Action
56707,Horror
92055,Crime
45721,Adventure
13679,Mystery
90726,Thriller
82783,Thriller
51627,War
46890,Fantasy
53001,Documentary
53994,Animation
43677,Family
1814,Animation
70152,Action
96396,Mystery
69340,Crime
5966,TV Movie
49572,TV Movie
4743,Music
31687,Mystery
1838,Comedy
75228,Fantasy
69881,TV Movie
76098,Action
64068,Crime
32864,Crime
64229,Western
53972,Fantasy
31182,Family
54625,Western
17290,War
11934,Science Fiction
82222,Comedy
38354,Science Fiction
24654,Mystery
26675,War
88365,Crime
51692,War
4248,Family
77578,Action
73361,Western
88872,Thriller
88330,Adventure
96778,Western
76966,TV Movie
34706,War
39198,Adventure
983,Documentary
85225,Drama
13409,Documentary
31520,Documentary
88717,Fantasy
45724,Family
69680,Fantasy
32664,Music
65119,War
31536,Documentary
3409,Comedy
29443,Drama
902,War
25098,Crime
53914,War
53292,History
58907,Family
95167,Action
27283,Science Fiction
12758,Animation
20266,Science Fiction
23826,Romance
95625,Action
46890,Family
28779,Drama
77734,Fantasy
51017,War
29638,Music
36559,Family
73513,Family
34386,Documentary
25477,Animation
33832,Adventure
38354,Romance
33464,Family
6098,Documentary
49952,Comedy
61493,Crime
53618,Mystery
2595,Fantasy
76900,Mystery
47095,Fantasy
20040,TV Movie
20383,Music
39078,Adventure
28244,Western
36380,TV Movie
60073,Mystery
65586,Crime
65518,Documentary
47727,Thriller
86381,Thriller
82673,Thriller
34373,Animation
17272,Mystery
64747,Music
44284,Documentary
60855,Mystery
51813,Romance
32202,Drama
24363,Crime
94245,Romance
8741,War
75600,Comedy
81756,Action
9759,Drama
56183,TV Movie
32977,Comedy
30500,Mystery
47536,Comedy
3341,Animation
53684,Family
85681,Family
29737,Thriller
50911,Science Fiction
40005,Comedy
76464,Documentary
9759,Documentary
2627,History
97435,Comedy
35455,Fantasy
75297,TV Movie
9009,Drama
45999,Romance
84255,Documentary
28112,Action
5370,War
74675,Music
95893,Science Fiction
38961,Action
23311,Science Fiction
53618,Science Fiction
40678,TV Movie
60838,Action
94572,Animation
44762,Music
22682,Drama
62224,Crime
85988,Action
76431,Action
83694,Science Fiction
21894,Family
76394,Horror
37278,Romance
50494,Mystery
74571,Western
87420,Music
44307,Western
89303,Comedy
41988,Comedy
67981,Animation
50152,Documentary
96584,Crime
77469,Horror
32282,Fantasy
61731,Animation
88895,Fantasy
85544,Music
48882,Animation
2627,Thriller
27136,Music
58612,War
35517,Comedy
49957,History
93973,War
24156,Family
91843,Fantasy
77929,Western
50405,Mystery
94827,Documentary
1692,Drama
26446,Documentary
11995,Horror
94245,Thriller
47708,Western
42149,Music
83414,Mystery
38597,War
51230,Drama
13744,Crime
72476,TV Movie
3889,Comedy
95104,Action
4179,Comedy
45168,Animation
44762,Comedy
49061,TV Movie
6762,Music
77753,Mystery
28277,Adventure
46520,Fantasy
53925,Drama
12241,Mystery
83781,Adventure
97597,Action
5254,War
36520,Drama
80635,War
22438,Western
97783,Family
63631,Music
75909,Horror
39200,Fantasy
88795,Comedy
34387,Drama
8720,Thriller
29166,Horror
39188,Adventure
29157,War
90937,Music
34373,Fantasy
46670,Horror
52503,Crime
7177,Drama
98803,Action
18392,Crime
36334,Documentary
32731,Mystery
89989,Horror
53981,Family
97783,Adventure
72785,Science Fiction
69861,History
83900,Family
25562,Adventure
53321,Science Fiction
88838,Documentary
59665,Crime
68271,Animation
19640,Horror
35063,Horror
49914,TV Movie
79312,TV Movie
6881,Fantasy
19811,Animation
91312,Western
34161,Horror
95104,Romance
15465,Adventure
95764,Drama
65977,History
9123,History
96919,Action
61721,Documentary
83119,Romance
89088,Adventure
72033,Documentary
53492,Action
12758,Animation
2614,Comedy
62310,Mystery
45530,Animation
7420,Science Fiction
62375,Mystery
73664,Horror
40155,Comedy
19901,Thriller
13795,Crime
12041,Family
89088,History
64226,Drama
58255,Thriller
52639,Drama
76059,Western
49822,Fantasy
61985,Adventure
51017,Western
28014,Documentary
23845,History
40099,Mystery
3531,Adventure
90655,History
86819,History
76573,Crime
69624,Comedy
30978,Adventure
59754,Drama
46291,War
74761,Thriller
99181,Horror
7489,War
18975,Family
69677,Music
91029,Action
15437,Music
19270,Documentary
25559,Animation
5857,Crime
16200,Romance
16738,Music
21953,Mystery
89101,Mystery
74038,Thriller
52705,Science Fiction
7036,Documentary
73288,Music
73508,Adventure
67059,Comedy
86912,Music
65371,Animation
21256,Thriller
90602,Documentary
91338,Thriller
47922,Thriller
95365,Horror
31323,Drama
62224,Adventure
95837,Western
44091,Adventure
66224,TV Movie
19948,TV Movie
44785,Thriller
12648,Horror
53215,Fantasy
53543,Fantasy
47881,Romance
1650,Mystery
47361,Horror
68462,Music
83939,Animation
88236,Action
21638,Family
3266,Western
59435,Mystery
13952,Drama
50897,Mystery
60847,Documentary
6162,Animation
11114,Documentary
91130,Animation
45011,Mystery
69680,Mystery
95601,Mystery
27537,Action
64308,Family
38324,Crime
84575,Thriller
45911,Fantasy
13127,Mystery
70229,Mystery
76571,Crime
95264,Romance
8409,Horror
61721,Romance
2359,Drama
42308,Thriller
22373,Comedy
1418,History
94819,History
14105,Science Fiction
10094,Music
74540,Fantasy
8084,Animation
856,Science Fiction
39437,Music
24599,Science Fiction
47246,Action
60579,Science Fiction
93379,Horror
88695,Crime
82783,Drama
8356,Music
31046,Documentary
42003,Animation
50555,History
95595,Comedy
29662,Mystery
43412,Western
30119,Crime
57069,War
58176,Action
10314,TV Movie
97664,TV Movie
2509,TV Movie
23064,Western
53239,TV Movie
38995,Action
56183,History
38304,Adventure
50555,Romance
80709,Family
1670,Documentary
99885,Animation
58345,TV Movie
27692,Thriller
14563,Music
55341,Western
80604,Animation
97277,Mystery
99907,TV Movie
63345,Horror
35670,TV Movie
90393,Adventure
31687,Comedy
32763,Comedy
96501,Thriller
88025,Action
61127,Action
78919,Crime
47917,Music
69243,Documentary
57880,Documentary
93738,Thriller
45999,Mystery
69130,Family
84838,Music
87565,Science Fiction
10185,Western
87453,Thriller
19861,Fantasy
39224,War
66310,Adventure
79674,Horror
87760,Thriller
9032,War
56269,Science Fiction
19166,Drama
96455,TV Movie
36558,Action
45111,War
26666,Family
87821,Drama
88377,Adventure
68578,Music
33214,TV Movie
55729,Fantasy
85434,Horror
71680,Science Fiction
77578,Animation
98733,Mystery
98428,Mystery
28956,Adventure
66774,Documentary
21539,Documentary
47533,Music
86330,Comedy
32947,Crime
93410,Family
4784,Documentary
2399,Animation
76966,Family
22576,Western
1448,Horror
22396,War
2602,History
26337,Music
14048,Family
49687,Western
75782,TV Movie
55350,War
71509,Fantasy
73492,Comedy
75460,Fantasy
79943,Adventure
79006,Fantasy
61980,Fantasy
64229,War
76940,Horror
32684,Mystery
39245,Documentary
38565,Fantasy
84114,TV Movie
55236,Comedy
50051,Adventure
66769,Drama
7527,Science Fiction
55075,Documentary
49138,Horror
28001,Thriller
97741,Comedy
19809,Western
227,Drama
62891,Horror
3756,Mystery
18004,Animation
15187,Romance
11049,Adventure
38049,War
73092,Crime
16770,Mystery
90623,Mystery
81035,Romance
73042,Music
30340,Mystery
40713,War
36839,Mystery
53227,Comedy
11995,History
6678,Crime
95264,War
8011,Family
32475,Romance
43043,Adventure
64219,Family
87980,TV Movie
22026,Drama
13795,Animation
14994,Comedy
27070,Drama
72997,Comedy
52846,Fantasy
4461,Thriller
37857,Thriller
90017,Romance
51465,Romance
49505,Mystery
12047,Comedy
9760,Mystery
19406,Thriller
8932,Science Fiction
39978,War
50375,Horror
27196,Comedy
93133,Horror
956,History
30268,Mystery
13409,Family
26481,Mystery
87414,Fantasy
73882,Action
22323,Action
46447,Science Fiction
2547,Comedy
62965,Action
2897,Music
14871,Horror
34109,Western
87082,Science Fiction
65946,History
54625,Action
980,Animation
14144,Romance
82367,Science Fiction
9556,Action
68213,History
91818,Action
68282,Science Fiction
80521,Animation
75588,Music
90616,Western
32566,TV Movie
54558,Family
11049,Romance
3413,War
88717,Action
41286,Adventure
4708,Music
50415,Thriller
49603,Adventure
41967,Thriller
82885,Drama
41678,Documentary
77691,Documentary
75880,Family
44467,Crime
84575,Science Fiction
25225,Drama
61075,Animation
66158,History
88838,Animation
37193,Romance
1154,Animation
25098,Action
72791,Action
83407,Western
73288,Comedy
27122,Adventure
54331,Horror
68282,Music
58429,Mystery
54167,TV Movie
29227,TV Movie
72162,Western
14837,Fantasy
62017,TV Movie
84017,Drama
36789,Mystery
43154,Comedy
61549,Mystery
64814,Family
34315,Adventure
95130,Drama
54999,Horror
42019,Thriller
41367,Romance
5547,Mystery
18727,Science Fiction
59435,Fantasy
76394,Animation
64462,Mystery
11946,Mystery
8720,Fantasy
88795,War
32947,Crime
62233,Horror
13651,Adventure
56060,Thriller
23941,Comedy
49138,War
22323,Family
73160,Western
71805,Music
4124,Horror
24877,TV Movie
25282,Crime
69640,Animation
49957,Music
34207,Science Fiction
50364,TV Movie
42363,Mystery
13198,Drama
74089,Science Fiction
26764,Animation
98787,Music
45215,Family
65514,Music
92411,War
24928,Animation
96000,Music
78132,Adventure
29088,Romance
55729,Romance
89752,Comedy
11932,Thriller
34125,Science Fiction
87714,TV Movie
34870,Crime
44897,Thriller
64765,Drama
87267,Science Fiction
36064,Thriller
2462,Music
90588,Horror
33721,Western
56204,Horror
76555,Adventure
37901,Science Fiction
35302,Crime
22188,War
81257,TV Movie
40790,Comedy
76944,History
40207,Adventure
9608,Science Fiction
4262,Comedy
22323,TV Movie
3116,Drama
9581,Music
89824,Animation
76163,Thriller
71521,Fantasy
19470,Family
51766,Documentary
9123,Science Fiction
71366,History
45168,Documentary
53189,Science Fiction
20703,Romance
8185,Western
18590,Mystery
64098,Romance
35223,Animation
83141,Comedy
53914,Romance
6764,Romance
41463,Family
71811,History
3300,Fantasy
34968,Romance
78527,Family
71205,Horror
23342,History
73123,War
63382,Comedy
10999,Comedy
36441,Music
87565,War
40161,Family
5866,Animation
56608,War
6526,Drama
40746,Action
14931,Mystery
37646,Animation
80737,Animation
30377,Science Fiction
81677,Western
80428,Comedy
96496,Mystery
60246,Mystery
7801,Science Fiction
11787,Western
7432,TV Movie
23842,Drama
87479,Animation
15932,Adventure
4461,War
9901,Horror
83958,Action
75771,TV Movie
85237,Thriller
99355,TV Movie
32475,History
49236,Thriller
73979,Animation
83939,War
87481,Western
8932,Romance
43092,Adventure
52797,Music
70184,Horror
7391,Thriller
29937,Documentary
86944,Western
12872,Mystery
8935,Drama
44574,Horror
6332,Drama
16702,Mystery
2140,Mystery
16835,Action
4289,Western
92155,Western
68283,Science Fiction
34125,Romance
35867,Animation
35924,Comedy
77929,Drama
46018,Action
72764,Western
81423,Animation
3116,Science Fiction
26052,Mystery
31086,Romance
30812,Drama
90393,Action
73053,Mystery
3322,Comedy
52503,Music
98787,Drama
93979,Adventure
38725,Thriller
65716,Action
37894,Romance
34241,Action
26446,Animation
49195,Horror
40112,Drama
75167,Fantasy
24928,Animation
21848,Action
70677,Western
12778,Adventure
21256,Crime
74089,Thriller
16051,Western
92155,Crime
59365,Romance
60574,History
21893,Drama
10508,Family
81505,Family
87258,Drama
25003,Mystery
93490,Romance
5528,Western
29317,Horror
96059,Adventure
98503,Thriller
62059,Documentary
41367,Fantasy
81016,Western
76966,Crime
8864,Fantasy
75655,Drama
76952,Comedy
22730,War
52129,War
98503,Thriller
33498,Comedy
65119,TV Movie
50975,Crime
90650,Fantasy
22873,Adventure
78432,Adventure
25424,Comedy
66970,Thriller
97756,Western
81020,Animation
43405,Crime
9987,History
50197,Documentary
47234,Animation
34759,Thriller
7962,History
29345,Music
96496,Action
59597,War
76223,Western
90557,Comedy
63585,Science Fiction
99781,Fantasy
37645,Documentary
78166,Music
46296,War
55060,Science Fiction
93982,Western
27395,Fantasy
6251,Mystery
83717,TV Movie
39206,Mystery
97112,Action
94528,War
24565,Animation
51361,Thriller
14884,Crime
47917,Documentary
93012,Thriller
82529,Thriller
16322,Action
81035,Drama
72830,TV Movie
53363,Crime
64573,TV Movie
49562,Comedy
95356,Horror
88486,Romance
97795,Mystery
49603,Family
61717,Science Fiction
2439,War
54279,Drama
92464,Western
40993,Fantasy
4180,Horror
86889,History
18696,Romance
74875,TV Movie
25029,Family
60056,Action
15717,Music
12770,Animation
4708,Adventure
12657,TV Movie
94315,Comedy
53960,Adventure
69355,Music
64287,Thriller
87619,History
91992,Family
49777,War
31341,War
87035,War
81420,Adventure
35796,Music
1023,History
51252,Family
286,Western
86912,History
97294,Horror
56111,Romance
72188,Science Fiction
5857,History
9904,Comedy
94349,Drama
19903,Horror
74786,Animation
64991,Crime
6511,Adventure
34435,Music
42797,Crime
28372,Drama
22977,Comedy
4203,Horror
877,Fantasy
53515,Comedy
6750,Fantasy
31046,Music
53634,TV Movie
30274,Action
31717,Family
38390,Action
10923,Western
95887,Comedy
40028,Romance
98694,Romance
14824,Fantasy
68578,Fantasy
44785,Thriller
17846,Science Fiction
69775,History
33215,Thriller
16900,Fantasy
69609,Comedy
11417,Romance
43092,Animation
33121,Music
99179,Action
71337,Action
69179,Mystery
99201,Romance
56796,TV Movie
378,Drama
69336,History
77753,Science Fiction
51766,Family
51177,Horror
4332,Romance
82885,Mystery
97703,Mystery
34445,Fantasy
24654,Thriller
70637,War
9287,Western
46447,Mystery
15456,Music
86639,Family
37815,Horror
2380,Drama
29634,Action
50572,History
83363,Science Fiction
60842,Comedy
69680,Action
41249,Horror
48259,Crime
48346,Western
18392,Western
90961,Comedy
41787,Adventure
65977,Drama
8032,Mystery
62375,Music
27760,Adventure
27645,Fantasy
62309,TV Movie
40146,Family
84412,War
52325,Comedy
38191,Horror
70242,Thriller
90318,Family
48056,Western
49223,Family
43929,Documentary
73042,Adventure
14652,Science Fiction
57850,Action
30268,Documentary
85434,Western
80806,Comedy
58263,Mystery
68114,Science Fiction
5204,Fantasy
90559,Animation
74258,Adventure
47956,TV Movie
27339,War
10806,War
97921,Documentary
28580,War
21604,Horror
93069,Drama
26891,Romance
50440,War
81130,Drama
59268,History
92037,Family
47931,Romance
71680,War
86604,Crime
73979,Romance
19515,History
70428,Science Fiction
41047,Documentary
2423,Fantasy
60475,History
4046,Thriller
75023,Action
29438,Romance
27767,Comedy
3282,Adventure
4150,Animation
39072,Drama
85424,Romance
38596,Music
53270,Western
32214,War
95674,Science Fiction
35878,Action
97435,Animation
59627,Science Fiction
99953,Comedy
34607,Science Fiction
97294,History
46208,Documentary
5899,Mystery
69070,Drama
30146,Action
36297,Horror
35460,Romance
37894,Documentary
80891,Crime
21421,Western
85880,Western
75328,Mystery
38365,Drama
91497,Family
605,Romance
59013,Western
26529,Western
678,Music
38525,Fantasy
36098,Romance
90640,Documentary
84382,Science Fiction
28058,Mystery
37740,Drama
57842,Horror
12482,History
97807,Action
51141,Drama
76465,War
78499,Animation
89804,Fantasy
63526,Crime
38412,Mystery
2137,TV Movie
81643,TV Movie
91520,Music
20078,War
2864,Horror
91338,Thriller
75771,Drama
24094,Science Fiction
33998,Documentary
6499,Documentary
98387,War
685,Western
50556,Western
79639,Adventure
64171,Animation
30318,Romance
31717,Comedy
54993,Thriller
79974,Documentary
47670,Western
92891,Fantasy
7432,Comedy
71050,Drama
32475,Comedy
75009,Horror
34254,Adventure
44707,History
11988,Documentary
33916,Family
66310,Science Fiction
94354,Mystery
31265,Adventure
56397,Action
61158,Science Fiction
21998,Drama
83119,War
47862,History
65705,Science Fiction
3037,Crime
26993,Horror
93802,Family
7391,Family
27760,Documentary
3266,Science Fiction
63923,Science Fiction
60928,Crime
76371,Mystery
81445,Romance
69680,Horror
32640,Music
62617,Action
81752,Animation
33910,Family
30911,TV Movie
15628,Science Fiction
18612,Animation
59792,Family
42401,Western
13234,Documentary
34386,War
99186,Horror
60467,Music
76558,Adventure
77268,Crime
83635,Comedy
24464,Fantasy
54846,Mystery
49687,Mystery
10094,Science Fiction
21497,Adventure
67643,Mystery
16654,Drama
45967,Thriller
75084,Family
39738,War
29143,Science Fiction
62258,Science Fiction
87694,Crime
71564,Adventure
16801,TV Movie
27916,Crime
85499,Documentary
69033,Music
42401,Crime
20260,Family
92285,Horror
31341,Romance
59422,Thriller
8192,History
51329,Adventure
35206,Animation
8356,Mystery
21049,Thriller
78499,Animation
36571,History
30279,Family
29935,Comedy
57322,Mystery
49415,Drama
35302,Drama
89115,TV Movie
6367,Crime
57705,Thriller
92683,History
67059,Comedy
16679,Romance
48607,Crime
91520,Adventure
45579,Romance
74850,War
84857,Horror
97783,TV Movie
15456,War
80806,TV Movie
66738,Comedy
37115,Action
29799,Romance
42149,Music
62263,History
8291,Western
77654,Comedy
52797,Animation
59435,Comedy
43867,Science Fiction
40546,Horror
2583,TV Movie
81892,Comedy
71562,Documentary
26380,Family
64538,Mystery
22620,Comedy
39047,Crime
46388,History
13153,Crime
12989,Music
3130,Action
37897,History
54763,Crime
29826,Western
30812,Western
9032,Music
4004,TV Movie
87674,Crime
49338,Thriller
69417,Romance
29638,Music
11932,Mystery
15064,Romance
66056,Crime
31620,Crime
6499,War
54333,Romance
52468,War
81051,Action
74266,Drama
93527,Thriller
6909,Animation
61602,History
37614,Drama
98912,Music
39738,Science Fiction
49411,TV Movie
26451,Family
1418,Documentary
18725,Comedy
75655,Horror
4991,Thriller
43549,Adventure
44046,Documentary
54248,Comedy
76605,Animation
9800,Drama
67003,Drama
39996,TV Movie
14645,Adventure
97882,Family
43549,Science Fiction
61239,TV Movie
31687,Action
73516,History
30279,Drama
966,TV Movie
31627,History
1157,Music
51848,Thriller
7244,Mystery
4321,Music
54428,Science Fiction
64489,Romance
25126,Western
62741,Western
31418,Romance
16322,War
14015,Crime
65585,Documentary
81529,War
1966,Romance
6252,Comedy
75811,Action
2887,Mystery
7226,Horror
47100,Animation
61882,Thriller
73864,War
54885,History
47590,TV Movie
2883,Mystery
61882,Music
7177,Comedy
60360,Family
49584,Music
197,Western
88570,Science Fiction
83519,TV Movie
77797,Music
65766,War
68532,Music
80835,TV Movie
93012,Horror
56793,Romance
42308,Adventure
49936,Mystery
15187,Romance
751,Documentary
37214,Music
1237,Drama
74616,Comedy
88897,Drama
2883,Mystery
36520,Horror
45328,Family
13897,Western
99655,Adventure
38596,War
54079,History
39838,Documentary
85975,Comedy
40283,Western
69197,Romance
1966,Romance
84635,War
2883,Thriller
2614,War
89935,War
23255,Crime
33311,Fantasy
63061,Action
96501,Comedy
93166,Drama
15468,Horror
99315,Romance
49415,History
19024,Western
21848,Family
42635,Animation
97688,Family
47463,War
60574,Crime
50385,Horror
78937,Fantasy
26513,Western
2010,Music
46559,Crime
24215,TV Movie
41259,Mystery
84791,Documentary
49952,TV Movie
78157,War
96593,Thriller
28063,Music
72162,Action
77734,Drama
13897,Romance
96146,War
60326,Action
45713,History
74300,Science Fiction
8741,Horror
58130,Comedy
21539,Science Fiction
44707,TV Movie
56805,Science Fiction
374,Thriller
75092,Horror
65083,War
19260,TV Movie
11055,Science Fiction
56228,Horror
73079,Mystery
983,War
87094,Family
97807,Fantasy
20314,Horror
81755,Thriller
32472,Action
85983,Horror
59310,Drama
24980,Family
86330,Western
2420,Comedy
32977,Comedy
28908,Western
84382,Fantasy
2627,Thriller
95887,War
24581,Action
96919,Romance
8135,Comedy
7511,History
34235,Romance
61028,Drama
39892,Music
99729,TV Movie
16735,Crime
76163,Horror
4015,Comedy
55999,Mystery
69689,Family
60847,Drama
56848,Horror
5538,Horror
34387,Thriller
37115,Romance
52231,Adventure
38365,Family
63731,Adventure
83900,Science Fiction
50197,Crime
61549,Documentary
12046,Thriller
13051,Family
91223,Western
29625,Crime
16431,Western
5424,Romance
73864,History
48510,Mystery
72229,Crime
11247,Drama
65058,History
40506,Horror
7777,Animation
32692,Mystery
47985,Adventure
76767,Comedy
17639,Animation
16908,Science Fiction
49584,Comedy
26889,Comedy
16444,Science Fiction
45294,Documentary
80748,Crime
93790,Music
18839,Drama
36026,Animation
31323,Drama
45967,Music
81374,Science Fiction
14328,Western
99935,Documentary
89065,Family
86963,Documentary
96758,Animation
74655,Crime
13606,Fantasy
95879,TV Movie
12272,TV Movie
6251,Fantasy
25984,War
34759,Mystery
17639,Horror
62703,History
80288,History
18859,Documentary
6100,TV Movie
20847,Music
10022,Comedy
51702,Crime
75388,Adventure
69202,Western
94148,Action
47430,Comedy
11292,Music
9863,Adventure
95100,Music
80347,TV Movie
10185,Adventure
31955,Thriller
48289,Adventure
66056,Comedy
85876,Documentary
87758,Drama
71449,Science Fiction
80748,Music
57141,Crime
21468,Romance
19534,TV Movie
92739,Horror
63247,Music
2762,Western
64397,Thriller
96277,Drama
84298,Fantasy
26455,Romance
790,Music
69640,Science Fiction
99032,Music
49572,Mystery
78211,Fantasy
38725,Drama
60123,Action
64991,History
50840,Documentary
61330,Science Fiction
9942,Science Fiction
67896,Fantasy
83407,Mystery
71681,Action
15004,Fantasy
35926,Animation
2462,Fantasy
30377,Science Fiction
57568,Drama
45982,Comedy
30530,Thriller
39053,Comedy
14404,Western
74831,Crime
33761,TV Movie
88355,Animation
18309,Horror
79639,Science Fiction
8932,Western
26446,Romance
72288,TV Movie
9442,Documentary
73508,Crime
24968,Thriller
67075,TV Movie
1966,Adventure
71510,Horror
66529,Comedy
90653,Documentary
40554,Drama
51361,Thriller
93736,Family
54885,Action
64229,Science Fiction
54367,Music
56342,Science Fiction
6764,Science Fiction
1330,Fantasy
51556,TV Movie
14837,Adventure
32202,Science Fiction
53341,Science Fiction
92176,Drama
8763,Mystery
9510,Thriller
76475,Horror
55236,History
6678,Action
97124,Romance
16830,Crime
39697,Family
69243,Action
35867,Drama
54647,Adventure
5254,Drama
13700,Drama
56204,Fantasy
32731,Comedy
40481,Drama
83781,War
17597,Mystery
19270,Horror
44553,Fantasy
55993,Romance
51218,Family
48510,Romance
11946,Thriller
99573,Romance
35455,Crime
32192,History
52072,Documentary
75670,History
51484,Horror
856,Documentary
9658,History
16431,Romance
40692,Animation
38804,Drama
66540,TV Movie
82569,Drama
68838,Thriller
49505,Mystery
90961,Fantasy
41967,Mystery
67376,Science Fiction
97124,Mystery
13664,Thriller
68542,Family
83119,Fantasy
19373,Fantasy
35701,Family
62073,TV Movie
26572,Drama
4180,Thriller
21856,Drama
29096,Documentary
14988,Crime
42197,Thriller
11070,Family
76748,Action
32560,TV Movie
70933,Thriller
42085,Animation
3889,Mystery
57705,Family
82858,TV Movie
31620,Drama
56934,Science Fiction
95130,Adventure
88747,Adventure
67386,History
6100,Crime
99155,Comedy
88259,Science Fiction
88817,Mystery
66970,Thriller
89752,Action
16684,War
1053,Science Fiction
99272,Romance
8922,Fantasy
14101,Music
40283,Crime
75228,Adventure
88236,Drama
50818,Fantasy
26008,War
91081,Comedy
27199,Adventure
98503,Action
85837,Music
74258,Mystery
76934,Romance
94777,Crime
76299,Animation
68362,Comedy
97389,Thriller
97875,Western
8790,Horror
84305,Family
46390,Music
97836,War
5769,War
36008,Fantasy
93214,Crime
71281,Thriller
7031,Mystery
69801,Documentary
66540,Romance
68877,Science Fiction
28001,Romance
72966,Comedy
49041,War
65765,Action
70107,Music
81794,Fantasy
72150,TV Movie
74976,War
45671,Thriller
65460,Western
84298,Comedy
55610,TV Movie
62598,Drama
15084,Fantasy
34759,Family
28963,Drama
69748,History
78978,Family
8214,Thriller
30377,Music
87251,Romance
45929,Music
50974,Adventure
51719,Music
77710,Romance
91351,Drama
53460,Mystery
4978,Comedy
60747,Action
4004,Thriller
52887,Animation
59754,Thriller
88695,Family
60289,Animation
21859,History
187,Adventure
85252,Comedy
18785,Romance
44532,Horror
39328,Romance
69395,Mystery
28343,Comedy
66955,Adventure
40253,Adventure
59605,Horror
56412,Crime
34050,Fantasy
50818,Thriller
63642,Music
22867,War
37740,Animation
42656,Crime
78936,Romance
26065,TV Movie
93967,Western
93273,Fantasy
19543,Thriller
49603,Drama
62343,History
79896,Comedy
55236,History
8192,Animation
13795,Fantasy
31687,Mystery
45058,Action
31717,Science Fiction
13619,Science Fiction
40790,Horror
64397,History
78612,Drama
66311,Action
46559,Drama
52616,Crime
98999,TV Movie
34386,Family
23281,Adventure
24363,Family
8922,Romance
52244,Comedy
38412,Science Fiction
7262,Drama
78937,Family
48312,Horror
38354,Adventure
36516,Fantasy
39280,Documentary
45144,Action
55375,Animation
27136,History
76265,Crime
52637,Music
99201,Action
84652,Fantasy
84802,Mystery
88480,Western
20309,Drama
92061,TV Movie
45686,Family
69395,Western
80682,Drama
77106,Comedy
44228,History
39200,Action
97873,Thriller
35644,Mystery
73911,Western
73416,Mystery
24982,Fantasy
64378,Crime
26973,Action
27884,Adventure
39996,Horror
50896,Comedy
27642,Fantasy
35988,Crime
21848,Crime
96523,Family
80646,Adventure
96532,Drama
27395,Thriller
35083,Horror
38412,Science Fiction
39649,Animation
58658,Mystery
75438,War
56224,Animation
55060,Adventure
81794,Crime
48781,Crime
4978,Mystery
62741,Family
90393,TV Movie
69775,War
1818,TV Movie
87493,Action
86705,Family
53659,Adventure
87479,Crime
21432,Science Fiction
80428,Romance
75978,TV Movie
58978,Drama
91842,Comedy
34686,Horror
75863,Music
99965,Science Fiction
45799,Documentary
73877,Action
17639,War
53914,Romance
20314,Drama
53538,History
42363,Fantasy
76555,Adventure
95887,Family
4467,Action
52705,Adventure
1122,Drama
83900,TV Movie
83552,Comedy
25029,Thriller
98744,Comedy
15503,Animation
59579,Fantasy
50089,Science Fiction
40746,Animation
32689,Music
40546,Science Fiction
37108,Family
63106,Music
34457,Mystery
74949,Science Fiction
9987,Horror
6367,Thriller
76940,Music
12393,War
27642,TV Movie
51252,Animation
81950,Fantasy
8552,Drama
24738,Western
28372,Crime
80949,Western
44926,History
88896,Music
56224,Family
37108,Animation
77986,Western
67070,Horror
24140,Family
42464,Mystery
74761,History
5528,War
43929,Music
35878,Drama
80929,Horror
62478,History
40090,Animation
39362,Drama
56832,Comedy
35281,Family
8032,Family
7167,Documentary
29266,Mystery
77734,Music
79825,Animation
2056,Documentary
73712,Western
58302,Horror
94459,Comedy
93166,Science Fiction
98591,Adventure
41417,Science Fiction
49023,Thriller
43605,Adventure
75481,Drama
79319,TV Movie
32552,Crime
86136,TV Movie
67422,Western
74882,Adventure
84834,Science Fiction
55588,Comedy
73931,Adventure
76371,History
9655,Crime
50232,War
53659,Comedy
1828,Action
33351,War
86336,Documentary
34553,Romance
69609,History
39738,War
48649,Fantasy
5158,Music
82663,History
96692,Western
24599,Documentary
14770,Romance
88515,Family
19515,Romance
32977,Horror
83424,TV Movie
88596,Documentary
96380,Science Fiction
32552,Science Fiction
93278,Romance
56057,Music
97664,Adventure
1033,Family
29143,Western
53584,Romance
77078,Crime
82335,Fantasy
16340,Mystery
76245,Fantasy
98432,Romance
84585,Crime
7131,Adventure
62926,Drama
68532,TV Movie
13663,Horror
41251,Horror
98687,Music
26513,Mystery
42464,Family
86308,TV Movie
97715,Action
43212,Mystery
54961,Horror
42227,Comedy
36996,Comedy
83508,Science Fiction
75436,Animation
23909,Western
3516,Adventure
64991,Documentary
83778,Family
40506,Thriller
90627,Crime
97389,Adventure
59597,Music
11946,Crime
47939,History
20907,Fantasy
75417,Family
69677,Action
77054,Documentary
87277,Horror
55075,Animation
45671,Science Fiction
28981,Horror
37627,Crime
14622,TV Movie
54115,Drama
10305,Documentary
79006,Fantasy
61306,Drama
78460,Animation
99354,Horror
27645,Music
37276,Horror
11421,Adventure
1422,Action
4931,Adventure
26513,Romance
25710,Mystery
58161,Crime
80949,Adventure
2420,Western
87714,Thriller
35102,Horror
99278,TV Movie
79006,War
96293,Family
17914,Adventure
45023,Thriller
43785,Horror
99062,Romance
96517,TV Movie
66307,Science Fiction
33878,Science Fiction
80927,Animation
77643,Drama
72266,Music
16535,Animation
19342,Western
24156,History
58907,Family
65686,TV Movie
32153,TV Movie
47708,Music
85702,Crime
97562,Documentary
15909,Documentary
15154,Family
64496,Thriller
30736,Music
93162,Romance
90181,Adventure
19745,Western
39008,Documentary
4827,War
33452,Comedy
62805,Crime
25477,Documentary
82783,Science Fiction
54763,Documentary
34870,Family
58409,Fantasy
75590,Documentary
1514,Adventure
69842,TV Movie
3516,Action
82569,TV Movie
43897,Action
55749,Action
31168,Drama
78789,TV Movie
78240,Thriller
90108,TV Movie
7439,TV Movie
53940,Documentary
49019,War
76394,Animation
51832,Family
90588,Comedy
19024,Comedy
84291,Thriller
80808,Crime
58302,Romance
30633,Science Fiction
59345,Music
22225,Mystery
51993,War
13952,Romance
50539,Western
67854,Drama
31566,Documentary
51370,Crime
53448,Comedy
3282,War
28143,Romance
98999,TV Movie
45768,Romance
83939,Crime
22614,Horror
20592,Music
12647,War
50507,Comedy
27884,Mystery
76571,Mystery
88515,Comedy
31384,Drama
79079,Adventure
93969,War
81491,Documentary
35580,TV Movie
23760,Animation
81272,Science Fiction
73884,History
49023,Fantasy
9853,Horror
62059,Romance
96692,Music
65457,Drama
52273,Horror
13939,Thriller
42333,Fantasy
36174,Mystery
84255,TV Movie
73513,Animation
48607,Crime
62967,Thriller
56183,Action
50051,Fantasy
1276,Thriller
76465,Mystery
80604,Science Fiction
81278,Family
88395,Family
2613,Adventure
50041,History
49652,Crime
54609,TV Movie
96731,Western
15352,Action
92100,Mystery
25029,Comedy
64576,Drama
65782,Action
87980,Adventure
99393,TV Movie
76847,Romance
87868,Crime
22977,Romance
37317,TV Movie
25489,Music
50152,Music
17255,Animation
57443,Adventure
15437,Science Fiction
41068,Horror
84791,History
66630,War
73516,Adventure
35063,Drama
89837,Drama
94436,Drama
80288,Romance
69243,Adventure
50313,Adventure
36148,Science Fiction
4015,Horror
61882,History
72877,Animation
45737,Thriller
76786,Fantasy
91223,Science Fiction
45999,Romance
59792,Western
7936,Thriller
9760,Thriller
2460,TV Movie
32475,Family
56299,Drama
55508,Music
50152,Action
77797,Music
44091,Documentary
70618,TV Movie
5323,War
13420,Western
21712,Animation
15726,Animation
16634,Crime
35234,Animation
55075,Western
60855,Crime
40654,Romance
73877,TV Movie
97528,Action
33265,Thriller
41771,Horror
56796,Fantasy
5315,Comedy
36056,Adventure
57996,Fantasy
87970,Crime
38441,Comedy
39489,Crime
55098,War
63053,Mystery
48607,Crime
15352,Western
96379,Animation
30538,War
6275,Documentary
49613,Documentary
40903,Crime
50313,Action
85239,Family
20684,Action
20830,Documentary
50539,Romance
14866,Horror
14871,Adventure
58014,Comedy
92068,Mystery
65716,Drama
19260,Documentary
37857,Animation
79548,Fantasy
80103,Romance
57346,Horror
1348,Crime
21942,Romance
59661,Western
72764,Family
75670,Drama
99885,Drama
47463,Animation
85318,Animation
71680,War
20273,Mystery
79271,Action
53297,Crime
24215,Comedy
37901,TV Movie
81892,Science Fiction
59792,War
67793,Thriller
35281,Romance
9287,Romance
55948,Western
95611,Documentary
29489,Mystery
4991,War
52124,Science Fiction
59731,Drama
35223,Western
85237,Thriller
28571,Fantasy
1563,Horror
68881,Crime
4743,Adventure
82030,Science Fiction
37466,Music
62436,History
26311,History
4991,Horror
34895,History
88395,Drama
58130,Romance
80690,Mystery
75399,Crime
96556,Western
15601,History
97816,Family
21256,War
54374,Action
80808,Crime
36296,Horror
74089,Horror
85702,TV Movie
51720,History
55415,Science Fiction
79943,Drama
28406,Science Fiction
26209,TV Movie
33684,Documentary
25236,Horror
5528,Thriller
59792,Science Fiction
38525,TV Movie
43867,Adventure
37645,Comedy
41379,Western
22576,Documentary
19389,War
8646,Horror
65586,Fantasy
6252,Animation
24706,Adventure
30533,War
32898,Science Fiction
47533,War
60838,Western
73160,Science Fiction
96455,Thriller
79713,War
30318,War
55093,Horror
55236,War
52341,Animation
83549,Mystery
70373,Romance
89430,Comedy
6750,War
90039,Crime
84965,Romance
8688,Music
7495,Drama
81643,Music
26041,Family
57964,Animation
54961,Action
4248,Animation
37343,Horror
80521,War
82367,Drama
11241,Fantasy
19373,Comedy
31094,History
86849,War
9800,TV Movie
65083,Music
86526,Western
89751,Animation
84135,Family
74571,Western
32763,Fantasy
49777,Western
54115,Thriller
31566,Mystery
50146,Adventure
79646,Comedy
64016,Horror
96293,Adventure
78776,Comedy
12272,Comedy
72887,Action
63642,Horror
38565,Adventure
89989,Western
78715,Family
30104,Comedy
80533,TV Movie
71382,Science Fiction
45487,Crime
4380,Crime
35100,Science Fiction
43945,Thriller
76550,Animation
20612,War
73053,Horror
64711,Documentary
49936,Music
83635,Thriller
34706,Romance
84965,Documentary
42645,History
10865,TV Movie
66694,War
11946,Documentary
12927,Western
13221,Animation
57401,Music
86601,TV Movie
60689,Animation
68632,TV Movie
98912,Comedy
54438,Mystery
62598,Comedy
14542,Comedy
91520,Drama
62310,Music
66966,Adventure
19811,TV Movie
2427,Drama
26686,Western
83449,Horror
21147,Action
30331,Fantasy
7958,Crime
33726,Thriller
51230,Action
56832,Thriller
27400,Music
97597,Mystery
15222,Horror
30920,Mystery
20331,Mystery
21528,Documentary
40257,Documentary
82071,History
68934,Western
61985,Animation
30903,Drama
61869,Crime
46066,Family
8932,Crime
14035,Music
4931,Comedy
85004,Western
59597,War
79904,Animation
77623,Drama
8441,Family
88872,Science Fiction
97921,Thriller
68578,Western
41123,Comedy
96546,TV Movie
45601,Mystery
37129,Music
56806,Comedy
49794,Music
13105,Thriller
88948,Fantasy
37086,Music
59792,Science Fiction
58938,Adventure
16826,Fantasy
4004,Romance
95420,Comedy
34971,Comedy
50844,Documentary
28406,Crime
38207,Thriller
10065,Mystery
84301,Thriller
79096,Western
53940,Action
34333,Thriller
91629,Animation
2380,Romance
20331,Music
27334,Science Fiction
42656,Documentary
19024,Adventure
89303,Comedy
49433,Mystery
80428,Mystery
97756,Thriller
19389,Documentary
64721,Horror
31019,Western
78101,TV Movie
79639,Family
37085,Action
29438,History
32153,Adventure
68056,Western
95661,Romance
14994,Animation
54346,TV Movie
83958,Family
93490,Horror
34216,Science Fiction
58658,Documentary
47061,Adventure
45671,Action
91403,Animation
67704,War
18222,Romance
73249,Thriller
33180,Adventure
97971,Western
25562,Fantasy
31520,Family
82940,History
70184,Fantasy
8280,Family
91992,Drama
42408,Documentary
49433,Adventure
45067,Fantasy
73995,Fantasy
26008,Western
72062,Fantasy
31382,Adventure
41277,Western
28422,TV Movie
54974,Romance
74976,Action
12366,Mystery
86136,Adventure
65695,Romance
82552,Action
98432,Science Fiction
23010,War
61549,Fantasy
94823,Family
33311,Drama
18590,Fantasy
22993,Fantasy
90181,Horror
61639,Comedy
40959,Drama
29434,Drama
22611,Comedy
38628,Music
64576,Thriller
68532,Animation
15135,Fantasy
30353,Crime
51369,TV Movie
39649,Family
82569,TV Movie
58176,Western
61069,TV Movie
76371,War
19003,Science Fiction
79192,War
13635,Romance
97703,TV Movie
92983,Crime
67804,Family
187,TV Movie
90318,Action
81505,Horror
14324,Horror
29748,Adventure
80590,Western
45626,Crime
86683,Animation
92617,Family
38860,Comedy
51627,Mystery
38390,Romance
16535,Action
77054,Crime
88082,Drama
44574,Documentary
84291,Science Fiction
86552,Science Fiction
66527,Family
47970,Adventure
41417,Romance
60838,TV Movie
21062,History
84853,Science Fiction
31221,Comedy
71366,Music
64725,History
98340,Adventure
47100,Comedy
64820,Documentary
6370,Romance
33214,Animation
20684,Science Fiction
51177,Action
9904,Western
55999,Action
14217,Mystery
43206,Family
72617,War
42557,Animation
69027,War
22831,Fantasy
49019,Documentary
93527,Adventure
8385,Comedy
97939,War
21421,Drama
50288,Horror
90513,Crime
33311,Family
50146,Horror
62741,Science Fiction
93802,Animation
6659,Drama
71268,Family
60799,Horror
17264,History
26550,Fantasy
32763,Science Fiction
65620,Crime
81257,Science Fiction
53924,Comedy
79175,Crime
40506,Science Fiction
27204,Thriller
35804,Family
37276,Western
1154,Fantasy
23144,History
69396,Crime
60737,History
21638,Action
5493,Comedy
14831,Crime
74457,Drama
22292,Crime
7837,Family
10318,Thriller
23698,Action
21432,War
81392,Music
12046,Animation
18725,Romance
40618,TV Movie
51252,War
5446,History
59137,Science Fiction
69061,History
30331,Action
14837,Western
96692,Adventure
17914,Mystery
31536,TV Movie
16622,Family
15231,Animation
78388,Western
59665,Romance
58176,Horror
23099,Music
48778,Horror
76431,Horror
8192,War
28181,History
75255,TV Movie
86458,Family
97798,Documentary
7131,Western
17255,Mystery
88486,Science Fiction
73626,Mystery
23744,Action
714,Adventure
71801,Mystery
71699,Adventure
75909,Horror
60928,Mystery
67723,History
80760,Science Fiction
22899,Action
52018,Romance
51990,History
12393,War
